TIMESTAMP,ContextTokens,GeneratedTokens,H100PCIe___Llama3.1_8B,H100PCIe___Llama3.1_70B,H100SXM___Llama3.1_8B,H100SXM___Llama3.1_70B
0.000000,2162,5,76.261023,667.283951,58.294574,510.077519
7.405000,2399,6,84.620811,740.432099,64.684867,565.992585
12.384000,76,15,2.680776,23.456790,2.049208,17.930570
27.915000,2376,1,83.809524,733.333333,64.064712,560.566229
73.960000,7670,8,270.546737,2367.283951,206.808224,1809.571958
74.503000,6385,1,225.220459,1970.679012,172.160431,1506.403775
74.583000,2951,33,104.091711,910.802469,79.568588,696.225143
133.777000,931,67,32.839506,287.345679,25.102797,219.649478
151.896000,65,16,2.292769,20.061728,1.752612,15.335356
252.299000,1243,14,43.844797,383.641975,33.515335,293.259184
252.769000,6322,1,222.998236,1951.234568,170.461746,1491.540276
276.403000,3376,1,119.082892,1041.975309,91.027974,796.494776
276.906000,3290,7,116.049383,1015.432099,88.709134,776.204921
331.046000,1483,71,52.310406,457.716049,39.986518,349.882036
334.357000,6385,3,225.220459,1970.679012,172.160431,1506.403775
334.415000,7686,3,271.111111,2372.222222,207.239636,1813.346815
374.555000,1265,4,44.620811,390.432099,34.108527,298.449612
403.784000,7670,13,270.546737,2367.283951,206.808224,1809.571958
403.929000,61,514,2.151675,18.827160,1.644759,14.391641
499.375000,6322,10,222.998236,1951.234568,170.461746,1491.540276
499.534000,1602,13,56.507937,494.444444,43.195147,377.957533
499.967000,1401,3,49.417989,432.407407,37.775531,330.535895
502.114000,3033,48,106.984127,936.111111,81.779575,715.571284
507.624000,1760,70,62.081129,543.209877,47.455342,415.234243
573.137000,3117,2,109.947090,962.037037,84.044489,735.389282
574.350000,2941,17,103.738977,907.716049,79.298955,693.865858
625.745000,993,1,35.026455,306.481481,26.774520,234.277048
650.246000,4309,3,151.992945,1329.938272,116.184698,1016.616111
650.809000,2373,199,83.703704,732.407407,63.983822,559.858443
756.769000,2402,33,84.726631,741.358025,64.765757,566.700371
757.196000,1196,18,42.186949,369.135802,32.248062,282.170543
874.365000,994,4,35.061728,306.790123,26.801483,234.512976
875.505000,2924,5,103.139330,902.469136,78.840580,689.855072
899.027000,2339,1,82.504409,721.913580,63.067071,551.836872
901.865000,7671,16,270.582011,2367.592593,206.835187,1809.807887
902.164000,2330,4,82.186949,719.135802,62.824402,549.713515
902.651000,3937,1,138.871252,1215.123457,106.154365,928.850691
1003.568000,2524,26,89.029982,779.012346,68.055275,595.483654
1073.504000,1803,20,63.597884,556.481481,48.614762,425.379171
1076.250000,716,1,25.255732,220.987654,19.305696,168.924840
1123.228000,994,1,35.061728,306.790123,26.801483,234.512976
1148.605000,2544,1,89.735450,785.185185,68.594540,600.202224
1255.494000,74,21,2.610229,22.839506,1.995281,17.458713
1255.936000,3033,69,106.984127,936.111111,81.779575,715.571284
1257.789000,4549,22,160.458554,1404.012346,122.655881,1073.238962
1323.171000,931,44,32.839506,287.345679,25.102797,219.649478
1325.434000,716,1,25.255732,220.987654,19.305696,168.924840
1325.892000,716,1,25.255732,220.987654,19.305696,168.924840
1398.002000,2339,1,82.504409,721.913580,63.067071,551.836872
1399.442000,3936,25,138.835979,1214.814815,106.127401,928.614762
1400.792000,2328,9,82.116402,718.518519,62.770475,549.241658
1498.939000,1603,21,56.543210,494.753086,43.222110,378.193461
1507.549000,2041,1,71.992945,629.938272,55.032019,481.530165
1508.650000,641,34,22.610229,197.839506,17.283451,151.230199
1528.432000,2400,4,84.656085,740.740741,64.711830,566.228514
1529.649000,2375,37,83.774250,733.024691,64.037749,560.330300
1582.530000,2840,13,100.176367,876.543210,76.575666,670.037074
1627.225000,994,2,35.061728,306.790123,26.801483,234.512976
1629.544000,4170,57,147.089947,1287.037037,112.436805,983.822042
1648.039000,2339,1,82.504409,721.913580,63.067071,551.836872
1652.659000,3936,47,138.835979,1214.814815,106.127401,928.614762
1750.016000,1604,49,56.578483,495.061728,43.249073,378.429390
1750.217000,861,23,30.370370,265.740741,23.215369,203.134479
1777.205000,1434,14,50.582011,442.592593,38.665319,338.321537
1823.001000,710,53,25.044092,219.135802,19.143916,167.509269
1894.064000,2340,18,82.539683,722.222222,63.094034,552.072801
2004.021000,3033,1,106.984127,936.111111,81.779575,715.571284
2007.300000,2461,31,86.807760,759.567901,66.356589,580.620155
2036.459000,2376,39,83.809524,733.333333,64.064712,560.566229
2073.241000,3122,5,110.123457,963.580247,84.179306,736.568925
2132.743000,994,2,35.061728,306.790123,26.801483,234.512976
2134.044000,66,18,2.328042,20.370370,1.779575,15.571284
2252.246000,1603,12,56.543210,494.753086,43.222110,378.193461
2258.775000,1775,97,62.610229,547.839506,47.859791,418.773172
2264.582000,633,14,22.328042,195.370370,17.067745,149.342770
2322.942000,935,2,32.980600,288.580247,25.210650,220.593192
2323.520000,3851,21,135.837743,1188.580247,103.835524,908.560836
2328.081000,1476,4,52.063492,455.555556,39.797776,348.230536
2398.183000,4312,13,152.098765,1330.864198,116.265588,1017.323896
2507.815000,6323,10,223.033510,1951.543210,170.488709,1491.776205
2508.291000,2586,4,91.216931,798.148148,69.726997,610.111223
2508.728000,1655,410,58.377425,510.802469,44.624200,390.461746
2536.087000,3491,17,123.139330,1077.469136,94.128750,823.626559
2537.316000,1125,26,39.682540,347.222222,30.333670,265.419616
2576.173000,2754,71,97.142857,850.000000,74.256825,649.747219
2577.193000,935,28,32.980600,288.580247,25.210650,220.593192
2581.496000,930,52,32.804233,287.037037,25.075834,219.413549
2634.454000,994,2,35.061728,306.790123,26.801483,234.512976
2747.742000,3033,96,106.984127,936.111111,81.779575,715.571284
2757.750000,2365,17,83.421517,729.938272,63.768116,557.971014
2758.473000,1188,3,41.904762,366.666667,32.032356,280.283114
2778.089000,2412,2,85.079365,744.444444,65.035389,569.059656
2882.749000,1960,3,69.135802,604.938272,52.847995,462.419953
2883.106000,3076,28,108.500882,949.382716,82.938996,725.716212
2900.197000,2544,223,89.735450,785.185185,68.594540,600.202224
3073.441000,2942,17,103.774250,908.024691,79.325918,694.101786
3131.463000,994,1,35.061728,306.790123,26.801483,234.512976
3150.847000,4313,19,152.134039,1331.172840,116.292551,1017.559825
3251.414000,2586,10,91.216931,798.148148,69.726997,610.111223
3254.403000,723,25,25.502646,223.148148,19.494439,170.576340
3379.712000,7681,4,270.934744,2370.679012,207.104820,1812.167172
3379.911000,1983,3,69.947090,612.037037,53.468150,467.846309
3396.443000,7685,4,271.075838,2371.913580,207.212673,1813.110886
3497.619000,2587,11,91.252205,798.456790,69.753960,610.347152
3507.745000,1823,54,64.303351,562.654321,49.154028,430.097742
3527.833000,1539,6,54.285714,475.000000,41.496461,363.094034
3529.938000,3297,36,116.296296,1017.592593,88.897877,777.856421
3751.793000,1604,33,56.578483,495.061728,43.249073,378.429390
3755.949000,2166,5,76.402116,668.518519,58.402427,511.021234
3756.178000,3035,9,107.054674,936.728395,81.833502,716.043141
3778.522000,1437,10,50.687831,443.518519,38.746208,339.029323
3779.735000,1539,11,54.285714,475.000000,41.496461,363.094034
3782.474000,1728,5,60.952381,533.333333,46.592518,407.684530
3822.254000,2236,3,78.871252,690.123457,60.289855,527.536232
3822.931000,6597,1,232.698413,2036.111111,177.876643,1556.420627
3827.008000,2942,17,103.774250,908.024691,79.325918,694.101786
3879.134000,1983,3,69.947090,612.037037,53.468150,467.846309
3896.093000,3940,16,138.977072,1216.049383,106.235254,929.558477
4028.005000,1728,5,60.952381,533.333333,46.592518,407.684530
4073.433000,2744,58,96.790123,846.913580,73.987192,647.387934
4073.762000,6597,3,232.698413,2036.111111,177.876643,1556.420627
4075.545000,1477,7,52.098765,455.864198,39.824739,348.466464
4076.878000,1403,28,49.488536,433.024691,37.829457,331.007752
4145.574000,1922,7,67.795414,593.209877,51.823391,453.454668
4146.128000,1291,14,45.537919,398.456790,34.809572,304.583755
4258.086000,3035,92,107.054674,936.728395,81.833502,716.043141
4258.509000,3042,1,107.301587,938.888889,82.022245,717.694641
4276.945000,1728,3,60.952381,533.333333,46.592518,407.684530
4322.427000,2208,2,77.883598,681.481481,59.534884,520.930233
4380.266000,63,4,2.222222,19.444444,1.698686,14.863498
4399.619000,4311,13,152.063492,1330.555556,116.238625,1017.087968
4503.250000,6979,17,246.172840,2154.012346,188.176609,1646.545332
4504.804000,1403,1,49.488536,433.024691,37.829457,331.007752
4507.624000,1390,27,49.029982,429.012346,37.478935,327.940681
4574.314000,1146,73,40.423280,353.703704,30.899899,270.374115
4624.176000,64,3,2.257496,19.753086,1.725649,15.099427
4625.282000,1508,508,53.192240,465.432099,40.660600,355.780249
4645.164000,7679,629,270.864198,2370.061728,207.050893,1811.695315
4749.431000,416,277,14.673721,128.395062,11.216717,98.146276
4751.545000,3043,76,107.336861,939.197531,82.049208,717.930570
4758.119000,4553,39,160.599647,1405.246914,122.763734,1074.182676
4778.431000,899,26,31.710758,277.469136,24.239973,212.099764
4781.063000,2516,1,88.747795,776.543210,67.839569,593.596225
4822.294000,7677,1,270.793651,2369.444444,206.996967,1811.223458
4822.828000,6597,6,232.698413,2036.111111,177.876643,1556.420627
4891.072000,4309,3,151.992945,1329.938272,116.184698,1016.616111
5028.243000,2721,11,95.978836,839.814815,73.367037,641.961577
5072.379000,1857,1,65.502646,573.148148,50.070779,438.119312
5074.627000,1406,14,49.594356,433.950617,37.910347,331.715538
5075.487000,2942,13,103.774250,908.024691,79.325918,694.101786
5142.356000,921,8,32.486772,284.259259,24.833165,217.290192
5143.793000,3770,2,132.980600,1163.580247,101.651500,889.450624
5255.459000,2590,14,91.358025,799.382716,69.834850,611.054938
5257.490000,2168,5,76.472663,669.135802,58.456353,511.493091
5278.363000,3491,15,123.139330,1077.469136,94.128750,823.626559
5324.026000,1857,1,65.502646,573.148148,50.070779,438.119312
5325.590000,1479,1,52.169312,456.481481,39.878665,348.938322
5325.899000,1406,12,49.594356,433.950617,37.910347,331.715538
5375.010000,5315,22,187.477954,1640.432099,143.309740,1253.960229
5507.900000,659,38,23.245150,203.395062,17.768790,155.476913
5512.930000,587,6,20.705467,181.172840,15.827435,138.490057
5531.614000,5625,3,198.412698,1736.111111,151.668352,1327.098079
5640.773000,1207,30,42.574956,372.530864,32.544658,284.765757
5776.871000,900,34,31.746032,277.777778,24.266936,212.335693
5777.381000,5050,103,178.130511,1558.641975,136.164476,1191.439164
5825.942000,1857,2,65.502646,573.148148,50.070779,438.119312
5827.524000,1480,3,52.204586,456.790123,39.905629,349.174250
5827.729000,1407,1,49.629630,434.259259,37.937310,331.951466
5828.919000,2943,13,103.809524,908.333333,79.352882,694.337715
5891.653000,4311,27,152.063492,1330.555556,116.238625,1017.087968
5999.823000,6978,18,246.137566,2153.703704,188.149646,1646.309403
6032.118000,5628,2,198.518519,1737.037037,151.749242,1327.805865
6033.321000,2515,18,88.712522,776.234568,67.812605,593.360297
6072.812000,718,53,25.326279,221.604938,19.359623,169.396697
6075.508000,1408,17,49.664903,434.567901,37.964274,332.187395
6127.574000,63,4,2.222222,19.444444,1.698686,14.863498
6260.088000,588,5,20.740741,181.481481,15.854398,138.725986
6260.200000,3421,4,120.670194,1055.864198,92.241321,807.111560
6276.691000,901,30,31.781305,278.086420,24.293900,212.571621
6325.545000,2943,13,103.809524,908.333333,79.352882,694.337715
6512.012000,1310,8,46.208113,404.320988,35.321874,309.066397
6579.129000,3124,4,110.194004,964.197531,84.233232,737.040782
6585.783000,2840,49,100.176367,876.543210,76.575666,670.037074
6640.503000,288,14,10.158730,88.888889,7.765420,67.947422
6745.627000,1032,222,36.402116,318.518519,27.826087,243.478261
6757.298000,3165,21,111.640212,976.851852,85.338726,746.713852
6776.734000,2378,7,83.880071,733.950617,64.118638,561.038086
6827.277000,3124,4,110.194004,964.197531,84.233232,737.040782
6828.964000,1478,3,52.134039,456.172840,39.851702,348.702393
7028.234000,107,11,3.774250,33.024691,2.885069,25.244355
7128.313000,383,220,13.509700,118.209877,10.326930,90.360634
7129.184000,63,4,2.222222,19.444444,1.698686,14.863498
7142.302000,1021,32,36.014109,315.123457,27.529491,240.883047
7323.147000,2944,18,103.844797,908.641975,79.379845,694.573643
7378.149000,411,1,14.497354,126.851852,11.081901,96.966633
7391.809000,1211,5,42.716049,373.765432,32.652511,285.709471
7392.187000,3455,20,121.869489,1066.358025,93.158072,815.133131
7527.012000,7675,9,270.723104,2368.827160,206.943040,1810.751601
7527.310000,105,23,3.703704,32.407407,2.831143,24.772497
7529.075000,2378,36,83.880071,733.950617,64.118638,561.038086
7630.063000,6184,59,218.130511,1908.641975,166.740816,1458.982137
7645.744000,628,3,22.151675,193.827160,16.932929,148.163128
7647.333000,3946,108,139.188713,1217.901235,106.397034,930.974048
7779.103000,105,23,3.703704,32.407407,2.831143,24.772497
7890.551000,1018,1,35.908289,314.197531,27.448601,240.175261
7891.430000,1213,1,42.786596,374.382716,32.706437,286.181328
7893.656000,1294,3,45.643739,399.382716,34.890462,305.291540
7995.663000,2982,3,105.185185,920.370370,80.404449,703.538928
7996.709000,3908,3,137.848325,1206.172840,105.372430,922.008763
8009.197000,589,4,20.776014,181.790123,15.881362,138.961914
8028.949000,3493,21,123.209877,1078.086420,94.182676,824.098416
8124.006000,2926,1,103.209877,903.086420,78.894506,690.326930
8124.325000,274,109,9.664903,84.567901,7.387934,64.644422
8250.081000,725,24,25.573192,223.765432,19.548365,171.048197
8390.635000,1212,5,42.751323,374.074074,32.679474,285.945399
8391.977000,1018,16,35.908289,314.197531,27.448601,240.175261
8394.159000,3947,1,139.223986,1218.209877,106.423997,931.209976
8494.605000,1150,27,40.564374,354.938272,31.007752,271.317829
8507.596000,3321,26,117.142857,1025.000000,89.544995,783.518706
8508.211000,4557,35,160.740741,1406.481481,122.871587,1075.126390
8579.944000,1856,2,65.467372,572.839506,50.043815,437.883384
8580.505000,1479,1,52.169312,456.481481,39.878665,348.938322
8622.565000,66,20,2.328042,20.370370,1.779575,15.571284
8641.116000,2347,1,82.786596,724.382716,63.282777,553.724301
8641.419000,1225,3,43.209877,378.086420,33.029997,289.012471
8644.496000,3947,1,139.223986,1218.209877,106.423997,931.209976
8781.654000,1729,4,60.987654,533.641975,46.619481,407.920458
8781.858000,7676,9,270.758377,2369.135802,206.970003,1810.987529
8825.962000,7679,91,270.864198,2370.061728,207.050893,1811.695315
8826.181000,1388,39,48.959436,428.395062,37.425008,327.468824
8826.522000,1479,13,52.169312,456.481481,39.878665,348.938322
8871.047000,2927,1,103.245150,903.395062,78.921469,690.562858
8890.730000,629,8,22.186949,194.135802,16.959892,148.399056
8999.054000,2592,60,91.428571,800.000000,69.888777,611.526795
9028.813000,954,20,33.650794,294.444444,25.722952,225.075834
9031.169000,2534,6,89.382716,782.098765,68.324907,597.842939
9079.993000,2136,1,75.343915,659.259259,57.593529,503.943377
9246.858000,1098,3,38.730159,338.888889,29.605662,259.049545
9247.343000,1150,10,40.564374,354.938272,31.007752,271.317829
9247.713000,2586,4,91.216931,798.148148,69.726997,610.111223
9281.964000,3500,3,123.456790,1080.246914,94.371419,825.749916
9324.995000,1480,12,52.204586,456.790123,39.905629,349.174250
9392.066000,4328,25,152.663139,1335.802469,116.697000,1021.098753
9394.452000,1532,127,54.038801,472.839506,41.307718,361.442535
9394.998000,1295,8,45.679012,399.691358,34.917425,305.527469
9495.941000,2592,11,91.428571,800.000000,69.888777,611.526795
9506.343000,2422,3,85.432099,747.530864,65.305022,571.418942
9507.115000,3188,9,112.451499,983.950617,85.958881,752.140209
9515.864000,309,13,10.899471,95.370370,8.331648,72.901921
9526.513000,2379,123,83.915344,734.259259,64.145602,561.274014
9622.728000,66,17,2.328042,20.370370,1.779575,15.571284
9623.891000,3047,28,107.477954,940.432099,82.157061,718.874284
9626.501000,4052,3,142.927690,1250.617284,109.255140,955.982474
9627.075000,3908,3,137.848325,1206.172840,105.372430,922.008763
9640.594000,926,8,32.663139,285.802469,24.967981,218.469835
9643.521000,1296,3,45.714286,400.000000,34.944388,305.763397
9745.665000,1507,3,53.156966,465.123457,40.633637,355.544321
9757.508000,3322,26,117.178131,1025.308642,89.571958,783.754634
9762.481000,590,6,20.811287,182.098765,15.908325,139.197843
9763.689000,310,20,10.934744,95.679012,8.358611,73.137850
9778.161000,956,18,33.721340,295.061728,25.776879,225.547691
9890.572000,609,9,21.481481,187.962963,16.420627,143.680485
9892.347000,1298,18,45.784832,400.617284,34.998315,306.235254
9893.106000,3953,9,139.435626,1220.061728,106.585777,932.625548
10027.604000,7676,9,270.758377,2369.135802,206.970003,1810.987529
10072.813000,1858,5,65.537919,573.456790,50.097742,438.355241
10073.912000,7680,30,270.899471,2370.370370,207.077856,1811.931244
10075.905000,3633,51,128.148148,1121.296296,97.957533,857.128413
10124.729000,4052,3,142.927690,1250.617284,109.255140,955.982474
10145.009000,288,14,10.158730,88.888889,7.765420,67.947422
10391.136000,3464,2,122.186949,1069.135802,93.400741,817.256488
10393.267000,3951,3,139.365079,1219.444444,106.531850,932.153691
10501.831000,2172,30,76.613757,670.370370,58.564206,512.436805
10778.725000,1728,2,60.952381,533.333333,46.592518,407.684530
10824.128000,7677,37,270.793651,2369.444444,206.996967,1811.223458
10892.288000,288,16,10.158730,88.888889,7.765420,67.947422
11006.195000,1706,277,60.176367,526.543210,45.999326,402.494102
11015.290000,931,23,32.839506,287.345679,25.102797,219.649478
11028.486000,2638,19,93.051146,814.197531,71.129087,622.379508
11072.274000,2747,1,96.895944,847.839506,74.068082,648.095720
11120.931000,7682,71,270.970018,2370.987654,207.131783,1812.403101
11140.651000,3953,31,139.435626,1220.061728,106.585777,932.625548
11247.325000,1032,106,36.402116,318.518519,27.826087,243.478261
11257.275000,679,40,23.950617,209.567901,18.308055,160.195484
11321.837000,1026,6,36.190476,316.666667,27.664307,242.062690
11322.063000,2747,4,96.895944,847.839506,74.068082,648.095720
11391.644000,7685,751,271.075838,2371.913580,207.212673,1813.110886
11502.699000,7680,20,270.899471,2370.370370,207.077856,1811.931244
11507.923000,2606,1,91.922399,804.320988,70.266262,614.829794
11528.024000,1103,54,38.906526,340.432099,29.740479,260.229188
11573.586000,2748,15,96.931217,848.148148,74.095046,648.331648
11574.958000,1862,16,65.679012,574.691358,50.205595,439.298955
11577.740000,2855,13,100.705467,881.172840,76.980115,673.576003
11621.184000,4054,1,142.998236,1251.234568,109.309066,956.454331
11640.722000,2547,3,89.841270,786.111111,68.675430,600.910010
11746.628000,1034,61,36.472663,319.135802,27.880013,243.950118
11756.708000,2462,3,86.843034,759.876543,66.383552,580.856084
11777.283000,1103,8,38.906526,340.432099,29.740479,260.229188
11871.308000,1390,9,49.029982,429.012346,37.478935,327.940681
11897.286000,3951,9,139.365079,1219.444444,106.531850,932.153691
11897.767000,655,12,23.104056,202.160494,17.660937,154.533199
11995.792000,1035,9,36.507937,319.444444,27.906977,244.186047
11996.680000,2276,4,80.282187,702.469136,61.368386,536.973374
12032.890000,961,22,33.897707,296.604938,25.911695,226.727334
12036.072000,3413,4,120.388007,1053.395062,92.025615,805.224132
12071.884000,3636,3,128.253968,1122.222222,98.038423,857.836198
12072.102000,1482,7,52.275132,457.407407,39.959555,349.646107
12072.998000,1391,4,49.065256,429.320988,37.505898,328.176609
12121.222000,2477,2,87.372134,764.506173,66.788001,584.395012
12257.115000,2463,10,86.878307,760.185185,66.410516,581.092012
12279.094000,1103,61,38.906526,340.432099,29.740479,260.229188
12390.960000,3951,9,139.365079,1219.444444,106.531850,932.153691
12498.264000,2061,3,72.698413,636.111111,55.571284,486.248736
12498.475000,2317,1,81.728395,715.123457,62.473879,546.646444
12508.388000,699,17,24.656085,215.740741,18.847321,164.914055
12515.344000,2607,1,91.957672,804.629630,70.293225,615.065723
12527.120000,2363,6,83.350970,729.320988,63.714189,557.499157
12528.388000,7679,2,270.864198,2370.061728,207.050893,1811.695315
12760.604000,7686,1,271.111111,2372.222222,207.239636,1813.346815
12761.332000,3420,3,120.634921,1055.555556,92.214358,806.875632
12777.882000,2360,16,83.245150,728.395062,63.633300,556.791372
12999.619000,1246,1,43.950617,384.567901,33.596225,293.966970
13028.404000,1135,16,40.035273,350.308642,30.603303,267.778901
13029.226000,7679,9,270.864198,2370.061728,207.050893,1811.695315
13122.598000,3860,52,136.155203,1191.358025,104.078193,910.684193
13122.818000,1393,59,49.135802,429.938272,37.559825,328.648466
13248.577000,2280,3,80.423280,703.703704,61.476239,537.917088
13249.198000,2174,5,76.684303,670.987654,58.618133,512.908662
13261.003000,2607,1,91.957672,804.629630,70.293225,615.065723
13261.993000,7387,472,260.564374,2279.938272,199.177620,1742.804179
13277.602000,104,14,3.668430,32.098765,2.804179,24.536569
13372.341000,7670,7,270.546737,2367.283951,206.808224,1809.571958
13374.985000,4085,6,144.091711,1260.802469,110.144928,963.768116
13498.514000,2843,3,100.282187,877.469136,76.656555,670.744860
13499.266000,1633,17,57.601411,504.012346,44.031008,385.271318
13499.986000,1246,25,43.950617,384.567901,33.596225,293.966970
13507.061000,2465,7,86.948854,760.802469,66.464442,581.563869
13513.819000,3420,4,120.634921,1055.555556,92.214358,806.875632
13514.055000,317,31,11.181658,97.839506,8.547354,74.789350
13621.635000,577,12,20.352734,178.086420,15.557802,136.130772
13745.360000,620,5,21.869489,191.358025,16.717223,146.275699
13757.443000,12,6,0.423280,3.703704,0.323559,2.831143
13762.077000,2608,77,91.992945,804.938272,70.320189,615.301651
13822.993000,1062,18,37.460317,327.777778,28.634985,250.556117
13825.128000,2949,9,104.021164,910.185185,79.514661,695.753286
13871.768000,73,10,2.574956,22.530864,1.968318,17.222784
13874.431000,4083,16,144.021164,1260.185185,110.091001,963.296259
13891.821000,1296,16,45.714286,400.000000,34.944388,305.763397
13997.931000,1037,59,36.578483,320.061728,27.960903,244.657904
14009.707000,12,10,0.423280,3.703704,0.323559,2.831143
14026.945000,1098,51,38.730159,338.888889,29.605662,259.049545
14073.710000,2180,12,76.895944,672.839506,58.779912,514.324233
14075.453000,1483,1,52.310406,457.716049,39.986518,349.882036
14121.611000,1630,10,57.495591,503.086420,43.950118,384.563532
14123.248000,1509,3,53.227513,465.740741,40.687563,356.016178
14141.272000,2347,7,82.786596,724.382716,63.282777,553.724301
14144.325000,3954,149,139.470899,1220.370370,106.612740,932.861476
14247.545000,1247,1,43.985891,384.876543,33.623188,294.202899
14248.156000,620,5,21.869489,191.358025,16.717223,146.275699
14250.019000,2174,6,76.684303,670.987654,58.618133,512.908662
14256.448000,2465,32,86.948854,760.802469,66.464442,581.563869
14259.564000,7685,1,271.075838,2371.913580,207.212673,1813.110886
14277.787000,1104,17,38.941799,340.740741,29.767442,260.465116
14280.291000,7680,1,270.899471,2370.370370,207.077856,1811.931244
14280.532000,104,30,3.668430,32.098765,2.804179,24.536569
14322.682000,2748,5,96.931217,848.148148,74.095046,648.331648
14392.123000,1298,17,45.784832,400.617284,34.998315,306.235254
14506.913000,2466,6,86.984127,761.111111,66.491405,581.799798
14507.512000,13,1,0.458554,4.012346,0.350522,3.067071
14516.714000,2607,145,91.957672,804.629630,70.293225,615.065723
14527.007000,3593,3,126.737213,1108.950617,96.879002,847.691271
14528.773000,2785,3,98.236332,859.567901,75.092686,657.061004
14573.406000,3637,5,128.289242,1122.530864,98.065386,858.072127
14573.536000,1483,1,52.310406,457.716049,39.986518,349.882036
14753.233000,2282,13,80.493827,704.320988,61.530165,538.388945
14757.250000,2466,10,86.984127,761.111111,66.491405,581.799798
14757.734000,1820,9,64.197531,561.728395,49.073138,429.389956
14765.605000,7686,1,271.111111,2372.222222,207.239636,1813.346815
14777.345000,1103,12,38.906526,340.432099,29.740479,260.229188
14781.208000,7680,11,270.899471,2370.370370,207.077856,1811.931244
14822.517000,1877,3,66.208113,579.320988,50.610044,442.837883
14823.378000,2856,9,100.740741,881.481481,77.007078,673.811931
14823.765000,2094,1,73.862434,646.296296,56.461072,494.034378
14824.341000,1395,9,49.206349,430.555556,37.613751,329.120324
15012.318000,13,15,0.458554,4.012346,0.350522,3.067071
15013.070000,1838,9,64.832451,567.283951,49.558477,433.636670
15027.935000,7680,8,270.899471,2370.370370,207.077856,1811.931244
15029.892000,7675,13,270.723104,2368.827160,206.943040,1810.751601
15072.400000,2748,3,96.931217,848.148148,74.095046,648.331648
15074.160000,5109,5,180.211640,1576.851852,137.755308,1205.358948
15122.147000,7676,69,270.758377,2369.135802,206.970003,1810.987529
15142.223000,1299,6,45.820106,400.925926,35.025278,306.471183
15249.795000,1247,53,43.985891,384.876543,33.623188,294.202899
15260.110000,3421,4,120.670194,1055.864198,92.241321,807.111560
15323.704000,2749,4,96.966490,848.456790,74.122009,648.567577
15324.907000,3638,5,128.324515,1122.839506,98.092349,858.308055
15391.295000,356,5,12.557319,109.876543,9.598921,83.990563
15504.726000,7680,1,270.899471,2370.370370,207.077856,1811.931244
15505.693000,2066,18,72.874780,637.654321,55.706100,487.428379
15573.026000,7684,12,271.040564,2371.604938,207.185709,1812.874958
15628.298000,74,17,2.610229,22.839506,1.995281,17.458713
15749.512000,1248,34,44.021164,385.185185,33.650152,294.438827
15777.005000,5052,6,178.201058,1559.259259,136.218402,1191.911021
15778.403000,2786,2,98.271605,859.876543,75.119649,657.296933
15825.567000,939,15,33.121693,289.814815,25.318504,221.536906
15874.015000,1783,15,62.892416,550.308642,48.075497,420.660600
15890.498000,1018,12,35.908289,314.197531,27.448601,240.175261
15999.638000,2066,19,72.874780,637.654321,55.706100,487.428379
16000.731000,7680,1,270.899471,2370.370370,207.077856,1811.931244
16000.784000,2294,4,80.917108,708.024691,61.853724,541.220088
16007.425000,13,31,0.458554,4.012346,0.350522,3.067071
16010.583000,7277,76,256.684303,2245.987654,196.211662,1716.852039
16010.936000,3423,1,120.740741,1056.481481,92.295248,807.583418
16072.153000,5449,7,192.204586,1681.790123,146.922818,1285.574655
16072.231000,1254,11,44.232804,387.037037,33.811931,295.854398
16074.109000,5110,5,180.246914,1577.160494,137.782272,1205.594877
16074.885000,3702,4,130.582011,1142.592593,99.817998,873.407482
16141.631000,1018,15,35.908289,314.197531,27.448601,240.175261
16141.758000,3073,3,108.395062,948.456790,82.858106,725.008426
16260.596000,3426,1,120.846561,1057.407407,92.376138,808.291203
16276.829000,5052,1,178.201058,1559.259259,136.218402,1191.911021
16323.228000,5449,16,192.204586,1681.790123,146.922818,1285.574655
16326.121000,7684,19,271.040564,2371.604938,207.185709,1812.874958
16326.313000,2857,9,100.776014,881.790123,77.034041,674.047860
16390.938000,2347,5,82.786596,724.382716,63.282777,553.724301
16501.759000,1247,41,43.985891,384.876543,33.623188,294.202899
16513.964000,7277,92,256.684303,2245.987654,196.211662,1716.852039
16526.603000,5052,10,178.201058,1559.259259,136.218402,1191.911021
16629.366000,449,1,15.837743,138.580247,12.106505,105.931918
16640.443000,1018,19,35.908289,314.197531,27.448601,240.175261
16642.098000,1299,9,45.820106,400.925926,35.025278,306.471183
16747.777000,7681,14,270.934744,2370.679012,207.104820,1812.167172
16757.974000,2475,73,87.301587,763.888889,66.734075,583.923155
16822.446000,1069,11,37.707231,329.938272,28.823728,252.207617
16826.261000,1397,10,49.276896,431.172840,37.667678,329.592181
16826.691000,2092,1,73.791887,645.679012,56.407145,493.562521
16883.806000,75,16,2.645503,23.148148,2.022245,17.694641
16888.209000,4089,1,144.232804,1262.037037,110.252781,964.711830
16890.083000,7677,21,270.793651,2369.444444,206.996967,1811.223458
16999.631000,2836,3,100.035273,875.308642,76.467813,669.093360
17000.472000,1248,23,44.021164,385.185185,33.650152,294.438827
17002.980000,2069,13,72.980600,638.580247,55.786990,488.136164
17013.575000,7276,85,256.649030,2245.679012,196.184698,1716.616111
17028.378000,5052,6,178.201058,1559.259259,136.218402,1191.911021
17028.996000,1106,16,39.012346,341.358025,29.821368,260.936973
17072.030000,705,12,24.867725,217.592593,19.009100,166.329626
17134.671000,293,1,10.335097,90.432099,7.900236,69.127064
17141.444000,636,3,22.433862,196.296296,17.148635,150.050556
17142.136000,2348,6,82.821869,724.691358,63.309740,553.960229
17248.131000,1248,22,44.021164,385.185185,33.650152,294.438827
17257.310000,7058,101,248.959436,2178.395062,190.306707,1665.183687
17258.089000,4580,23,161.552028,1413.580247,123.491743,1080.552747
17387.467000,7680,3,270.899471,2370.370370,207.077856,1811.931244
17390.646000,2348,4,82.821869,724.691358,63.309740,553.960229
17507.179000,12,4,0.423280,3.703704,0.323559,2.831143
17526.971000,5053,5,178.236332,1559.567901,136.245366,1192.146950
17573.425000,1254,17,44.232804,387.037037,33.811931,295.854398
17636.558000,293,106,10.335097,90.432099,7.900236,69.127064
17637.179000,2147,19,75.731922,662.654321,57.890125,506.538591
17641.250000,2348,5,82.821869,724.691358,63.309740,553.960229
17642.731000,1300,8,45.855379,401.234568,35.052241,306.707112
17744.599000,2810,2,99.118166,867.283951,75.766768,662.959218
17777.558000,2923,23,103.104056,902.160494,78.813616,689.619144
17777.862000,2400,16,84.656085,740.740741,64.711830,566.228514
17780.327000,7678,7,270.828924,2369.753086,207.023930,1811.459387
17822.291000,1439,10,50.758377,444.135802,38.800135,339.501180
17823.430000,2857,11,100.776014,881.790123,77.034041,674.047860
18007.803000,12,22,0.423280,3.703704,0.323559,2.831143
18141.594000,1225,2,43.209877,378.086420,33.029997,289.012471
18142.207000,2350,3,82.892416,725.308642,63.363667,554.432086
18250.547000,1232,31,43.456790,380.246914,33.218739,290.663970
18281.747000,5056,6,178.342152,1560.493827,136.326255,1192.854735
18282.039000,3050,13,107.583774,941.358025,82.237951,719.582069
18282.303000,2400,26,84.656085,740.740741,64.711830,566.228514
18283.861000,2406,1,84.867725,742.592593,64.873610,567.644085
18322.800000,560,16,19.753086,172.839506,15.099427,132.119987
18323.235000,1070,11,37.742504,330.246914,28.850691,252.443546
18390.967000,2350,1,82.892416,725.308642,63.363667,554.432086
18391.202000,638,6,22.504409,196.913580,17.202562,150.522413
18495.631000,159,1,5.608466,49.074074,4.287159,37.512639
18532.240000,1109,13,39.118166,342.283951,29.902258,261.644759
18574.211000,559,18,19.717813,172.530864,15.072464,131.884058
18575.969000,1440,19,50.793651,444.444444,38.827098,339.737108
18640.682000,2350,1,82.892416,725.308642,63.363667,554.432086
18642.307000,1301,26,45.890653,401.543210,35.079205,306.943040
18750.346000,159,1,5.608466,49.074074,4.287159,37.512639
18751.258000,1233,19,43.492063,380.555556,33.245703,290.899899
18753.814000,7681,5,270.934744,2370.679012,207.104820,1812.167172
18823.955000,1486,15,52.416226,458.641975,40.067408,350.589821
18878.452000,78,17,2.751323,24.074074,2.103134,18.402427
18882.940000,7681,3,270.934744,2370.679012,207.104820,1812.167172
18895.845000,638,5,22.504409,196.913580,17.202562,150.522413
18994.285000,159,1,5.608466,49.074074,4.287159,37.512639
19073.915000,559,18,19.717813,172.530864,15.072464,131.884058
19132.411000,4061,2,143.245150,1253.395062,109.497809,958.105831
19141.971000,2539,9,89.559083,783.641975,68.459724,599.022582
19142.550000,2351,3,82.927690,725.617284,63.390630,554.668015
19145.311000,1302,22,45.925926,401.851852,35.106168,307.178969
19247.664000,159,18,5.608466,49.074074,4.287159,37.512639
19256.877000,2426,18,85.573192,748.765432,65.412875,572.362656
19257.207000,16,20,0.564374,4.938272,0.431412,3.774857
19390.522000,1214,9,42.821869,374.691358,32.733401,286.417256
19498.119000,3904,3,137.707231,1204.938272,105.264577,921.065049
19498.912000,2838,11,100.105820,875.925926,76.521739,669.565217
19509.138000,408,50,14.391534,125.925926,11.001011,96.258847
19640.726000,5948,17,209.805996,1835.802469,160.377486,1403.303000
19642.336000,218,16,7.689594,67.283951,5.877991,51.432423
19749.996000,1236,26,43.597884,381.481481,33.326593,291.607685
19781.127000,2362,17,83.315697,729.012346,63.687226,557.263229
19782.328000,2363,10,83.350970,729.320988,63.714189,557.499157
19883.101000,666,8,23.492063,205.555556,17.957533,157.128413
19891.164000,1305,1,46.031746,402.777778,35.187058,307.886754
19892.480000,2068,12,72.945326,638.271605,55.760027,487.900236
20002.658000,386,9,13.615520,119.135802,10.407819,91.068419
20010.155000,1357,23,47.865961,418.827160,36.589147,320.155039
20073.317000,1908,38,67.301587,588.888889,51.445905,450.151668
20140.964000,295,58,10.405644,91.049383,7.954162,69.598921
20142.113000,1214,9,42.821869,374.691358,32.733401,286.417256
20143.433000,1305,25,46.031746,402.777778,35.187058,307.886754
20248.562000,3500,1,123.456790,1080.246914,94.371419,825.749916
20250.290000,1117,78,39.400353,344.753086,30.117964,263.532187
20250.363000,3500,5,123.456790,1080.246914,94.371419,825.749916
20259.952000,1358,1,47.901235,419.135802,36.616111,320.390967
20283.250000,1110,12,39.153439,342.592593,29.929221,261.880688
20325.171000,709,1,25.008818,218.827160,19.116953,167.273340
20325.467000,1487,1,52.451499,458.950617,40.094371,350.825750
20390.619000,3731,3,131.604938,1151.543210,100.599933,880.249410
20392.190000,1305,1,46.031746,402.777778,35.187058,307.886754
20495.222000,3499,7,123.421517,1079.938272,94.344456,825.513987
20506.879000,4581,12,161.587302,1413.888889,123.518706,1080.788675
20507.256000,17,2,0.599647,5.246914,0.458375,4.010785
20531.734000,5053,5,178.236332,1559.567901,136.245366,1192.146950
20532.752000,385,19,13.580247,118.827160,10.380856,90.832491
20574.066000,1908,27,67.301587,588.888889,51.445905,450.151668
20577.583000,709,1,25.008818,218.827160,19.116953,167.273340
20578.760000,709,5,25.008818,218.827160,19.116953,167.273340
20640.388000,2352,1,82.962963,725.925926,63.417594,554.903943
20756.820000,2454,3,86.560847,757.407407,66.167846,578.968655
20777.797000,7686,2,271.111111,2372.222222,207.239636,1813.346815
20822.137000,2329,12,82.151675,718.827160,62.797438,549.477587
20823.879000,1908,14,67.301587,588.888889,51.445905,450.151668
20824.062000,1255,18,44.268078,387.345679,33.838895,296.090327
20877.878000,5413,3,190.934744,1670.679012,145.952140,1277.081227
20879.589000,7111,52,250.828924,2194.753086,191.735760,1677.687900
20882.070000,7679,3,270.864198,2370.061728,207.050893,1811.695315
20882.138000,3747,9,132.169312,1156.481481,101.031345,884.024267
20892.031000,1306,1,46.067019,403.086420,35.214021,308.122683
20893.313000,216,14,7.619048,66.666667,5.824065,50.960566
21007.531000,17,16,0.599647,5.246914,0.458375,4.010785
21034.243000,1110,12,39.153439,342.592593,29.929221,261.880688
21072.853000,2329,10,82.151675,718.827160,62.797438,549.477587
21074.990000,5110,5,180.246914,1577.160494,137.782272,1205.594877
21076.099000,1034,20,36.472663,319.135802,27.880013,243.950118
21141.267000,2354,1,83.033510,726.543210,63.471520,555.375800
21142.195000,4290,3,151.322751,1324.074074,115.672396,1012.133468
21282.378000,1525,9,53.791887,470.679012,41.118975,359.791035
21283.462000,2403,34,84.761905,741.666667,64.792720,566.936299
21284.030000,385,21,13.580247,118.827160,10.380856,90.832491
21392.024000,1218,22,42.962963,375.925926,32.841254,287.360971
21394.053000,1308,1,46.137566,403.703704,35.267947,308.594540
21394.764000,74,1,2.610229,22.839506,1.995281,17.458713
21395.037000,1309,1,46.172840,404.012346,35.294911,308.830468
21496.742000,3461,8,122.081129,1068.209877,93.319852,816.548702
21532.553000,2367,3,83.492063,730.555556,63.822042,558.442872
21533.254000,1889,5,66.631393,583.024691,50.933603,445.669026
21573.380000,2329,12,82.151675,718.827160,62.797438,549.477587
21574.545000,1489,1,52.522046,459.567901,40.148298,351.297607
21640.403000,637,2,22.469136,196.604938,17.175598,150.286485
21757.080000,1037,29,36.578483,320.061728,27.960903,244.657904
21791.583000,2367,3,83.492063,730.555556,63.822042,558.442872
21793.538000,2367,3,83.492063,730.555556,63.822042,558.442872
21793.989000,1110,18,39.153439,342.592593,29.929221,261.880688
21822.662000,1077,4,37.989418,332.407407,29.039434,254.095046
21897.007000,636,3,22.433862,196.296296,17.148635,150.050556
21899.178000,5952,53,209.947090,1837.037037,160.485339,1404.246714
21994.479000,1589,4,56.049383,490.432099,42.844624,374.890462
22007.502000,1037,14,36.578483,320.061728,27.960903,244.657904
22011.905000,7033,1,248.077601,2170.679012,189.632626,1659.285474
22034.029000,1891,9,66.701940,583.641975,50.987529,446.140883
22034.219000,5056,4,178.342152,1560.493827,136.326255,1192.854735
22035.377000,2413,5,85.114638,744.753086,65.062353,569.295585
22071.850000,1490,1,52.557319,459.876543,40.175261,351.533536
22141.508000,3731,3,131.604938,1151.543210,100.599933,880.249410
22143.345000,74,4,2.610229,22.839506,1.995281,17.458713
22257.063000,1037,5,36.578483,320.061728,27.960903,244.657904
22261.995000,338,14,11.922399,104.320988,9.113583,79.743849
22280.196000,2787,71,98.306878,860.185185,75.146613,657.532861
22322.414000,2856,1,100.740741,881.481481,77.007078,673.811931
22381.714000,5361,34,189.100529,1654.629630,144.550051,1264.812942
22386.447000,4087,7,144.162257,1261.419753,110.198854,964.239973
22386.819000,3749,4,132.239859,1157.098765,101.085271,884.496124
22387.848000,296,80,10.440917,91.358025,7.981126,69.834850
22391.017000,74,6,2.610229,22.839506,1.995281,17.458713
22516.049000,2608,2,91.992945,804.938272,70.320189,615.301651
22528.555000,2414,1,85.149912,745.061728,65.089316,569.531513
22531.700000,7032,173,248.042328,2170.370370,189.605662,1659.049545
22578.649000,3533,3,124.620811,1090.432099,95.261207,833.535558
22582.460000,1486,7,52.416226,458.641975,40.067408,350.589821
22637.981000,6202,3,218.765432,1914.197531,167.226154,1463.228851
22641.666000,1414,1,49.876543,436.419753,38.126053,333.602966
22746.843000,418,12,14.744268,129.012346,11.270644,98.618133
22781.824000,5057,1,178.377425,1560.802469,136.353219,1193.090664
22782.610000,1893,3,66.772487,584.259259,51.041456,446.612740
22822.021000,1255,17,44.268078,387.345679,33.838895,296.090327
22891.255000,1219,20,42.998236,376.234568,32.868217,287.596899
22893.103000,1315,1,46.384480,405.864198,35.456690,310.246040
22893.229000,76,5,2.680776,23.456790,2.049208,17.930570
22893.791000,1414,2,49.876543,436.419753,38.126053,333.602966
23007.981000,1037,71,36.578483,320.061728,27.960903,244.657904
23030.249000,1893,3,66.772487,584.259259,51.041456,446.612740
23030.935000,7685,1,271.075838,2371.913580,207.212673,1813.110886
23256.273000,2426,3,85.573192,748.765432,65.412875,572.362656
23256.454000,17,1,0.599647,5.246914,0.458375,4.010785
23256.713000,504,13,17.777778,155.555556,13.589484,118.907988
23257.640000,706,15,24.902998,217.901235,19.036063,166.565554
23283.027000,2788,9,98.342152,860.493827,75.173576,657.768790
23322.800000,2990,3,105.467372,922.839506,80.620155,705.426357
23371.698000,1045,3,36.860670,322.530864,28.176609,246.545332
23390.374000,1315,28,46.384480,405.864198,35.456690,310.246040
23507.120000,2468,10,87.054674,761.728395,66.545332,582.271655
23513.950000,3402,2,120.000000,1050.000000,91.729019,802.628918
23532.075000,932,10,32.874780,287.654321,25.129761,219.885406
23533.893000,2401,22,84.691358,741.049383,64.738793,566.464442
23572.226000,1489,4,52.522046,459.567901,40.148298,351.297607
23572.667000,7685,1,271.075838,2371.913580,207.212673,1813.110886
23641.215000,1415,2,49.911817,436.728395,38.153017,333.838895
23756.634000,2458,38,86.701940,758.641975,66.275699,579.912369
23758.170000,17,16,0.599647,5.246914,0.458375,4.010785
23766.277000,5220,88,184.126984,1611.111111,140.748231,1231.547017
23767.628000,424,1,14.955908,130.864198,11.432423,100.033704
23780.514000,2653,4,93.580247,818.827160,71.533536,625.918436
23890.506000,3261,4,115.026455,1006.481481,87.927199,769.362993
23893.124000,3960,85,139.682540,1222.222222,106.774520,934.277048
23996.821000,3501,4,123.492063,1080.555556,94.398382,825.985844
24008.687000,932,17,32.874780,287.654321,25.129761,219.885406
24012.541000,2608,268,91.992945,804.938272,70.320189,615.301651
24029.164000,2791,6,98.447972,861.419753,75.254466,658.476576
24074.296000,2860,9,100.881834,882.716049,77.114931,674.755645
24257.131000,707,4,24.938272,218.209877,19.063027,166.801483
24262.944000,933,16,32.910053,287.962963,25.156724,220.121335
24377.016000,667,30,23.527337,205.864198,17.984496,157.364341
24390.753000,288,15,10.158730,88.888889,7.765420,67.947422
24391.671000,75,5,2.645503,23.148148,2.022245,17.694641
24507.137000,1119,25,39.470899,345.370370,30.171891,264.004044
24531.118000,1890,27,66.666667,583.333333,50.960566,445.904954
24533.591000,696,3,24.550265,214.814815,18.766431,164.206269
24574.019000,958,11,33.791887,295.679012,25.830806,226.019548
24576.716000,7686,18,271.111111,2372.222222,207.239636,1813.346815
24621.651000,411,151,14.497354,126.851852,11.081901,96.966633
24622.005000,5392,11,190.194004,1664.197531,145.385912,1272.126727
24777.561000,1108,12,39.082892,341.975309,29.875295,261.408830
24823.975000,1489,3,52.522046,459.567901,40.148298,351.297607
24996.147000,1173,2,41.375661,362.037037,31.627907,276.744186
25015.161000,17,1,0.599647,5.246914,0.458375,4.010785
25032.957000,1108,14,39.082892,341.975309,29.875295,261.408830
25072.382000,3903,3,137.671958,1204.629630,105.237614,920.829120
25120.863000,439,1,15.485009,135.493827,11.836872,103.572632
25145.510000,1133,9,39.964727,349.691358,30.549376,267.307044
25283.321000,1890,4,66.666667,583.333333,50.960566,445.904954
25283.792000,724,40,25.537919,223.456790,19.521402,170.812268
25323.208000,1492,1,52.627866,460.493827,40.229188,352.005393
25377.945000,3750,2,132.275132,1157.407407,101.112235,884.732053
25378.056000,297,6,10.476190,91.666667,8.008089,70.070779
25378.667000,6202,34,218.765432,1914.197531,167.226154,1463.228851
25393.251000,3090,9,108.994709,953.703704,83.316481,729.019211
25624.034000,1401,1,49.417989,432.407407,37.775531,330.535895
25767.379000,1120,21,39.506173,345.679012,30.198854,264.239973
25770.280000,1038,30,36.613757,320.370370,27.987867,244.893832
25779.293000,539,14,19.012346,166.358025,14.533199,127.165487
25780.177000,1890,4,66.666667,583.333333,50.960566,445.904954
25781.318000,985,9,34.744268,304.012346,26.558814,232.389619
25894.264000,3090,33,108.994709,953.703704,83.316481,729.019211
26074.860000,3716,5,131.075838,1146.913580,100.195484,876.710482
26127.708000,81,9,2.857143,25.000000,2.184024,19.110212
26128.747000,5392,12,190.194004,1664.197531,145.385912,1272.126727
26129.310000,83,1,2.927690,25.617284,2.237951,19.582069
26277.525000,1337,6,47.160494,412.654321,36.049882,315.436468
26327.240000,1489,14,52.522046,459.567901,40.148298,351.297607
26376.765000,462,3,16.296296,142.592593,12.457027,108.998989
26377.797000,7684,5,271.040564,2371.604938,207.185709,1812.874958
26378.610000,1402,15,49.453263,432.716049,37.802494,330.771823
26501.983000,7683,15,271.005291,2371.296296,207.158746,1812.639029
26514.434000,214,3,7.548501,66.049383,5.770138,50.488709
26526.785000,2796,2,98.624339,862.962963,75.389282,659.656218
26576.538000,3903,3,137.671958,1204.629630,105.237614,920.829120
26577.863000,2210,33,77.954145,682.098765,59.588810,521.402090
26578.355000,1455,4,51.322751,449.074074,39.231547,343.276036
26655.004000,3090,25,108.994709,953.703704,83.316481,729.019211
26877.997000,5392,15,190.194004,1664.197531,145.385912,1272.126727
26880.664000,1404,13,49.523810,433.333333,37.856421,331.243680
26899.071000,1019,5,35.943563,314.506173,27.475565,240.411190
26899.501000,3465,23,122.222222,1069.444444,93.427705,817.492417
26900.231000,2538,3,89.523810,783.333333,68.432760,598.786653
26903.363000,1567,19,55.273369,483.641975,42.251432,369.700034
26904.168000,79,4,2.786596,24.382716,2.130098,18.638355
27027.801000,1338,1,47.195767,412.962963,36.076845,315.672396
27029.118000,2797,1,98.659612,863.271605,75.416245,659.892147
27128.865000,84,15,2.962963,25.925926,2.264914,19.817998
27131.115000,7679,1,270.864198,2370.061728,207.050893,1811.695315
27146.652000,1019,18,35.943563,314.506173,27.475565,240.411190
27148.273000,80,3,2.821869,24.691358,2.157061,18.874284
27267.312000,1122,128,39.576720,346.296296,30.252781,264.711830
27276.569000,6797,214,239.753086,2097.839506,183.269296,1603.606336
27277.208000,2412,23,85.079365,744.444444,65.035389,569.059656
27278.031000,6797,133,239.753086,2097.839506,183.269296,1603.606336
27278.180000,3903,3,137.671958,1204.629630,105.237614,920.829120
27374.965000,7678,8,270.828924,2369.753086,207.023930,1811.459387
27496.407000,158,18,5.573192,48.765432,4.260195,37.276710
27498.470000,7684,1,271.040564,2371.604938,207.185709,1812.874958
27519.667000,199,6,7.019400,61.419753,5.365689,46.949781
27520.153000,7685,70,271.075838,2371.913580,207.212673,1813.110886
27528.049000,1762,4,62.151675,543.827160,47.509269,415.706100
27528.175000,1338,12,47.195767,412.962963,36.076845,315.672396
27573.220000,1047,264,36.931217,323.148148,28.230536,247.017189
27573.728000,1353,11,47.724868,417.592593,36.481294,319.211325
27624.236000,464,1,16.366843,143.209877,12.510954,109.470846
27648.280000,217,1,7.654321,66.975309,5.851028,51.196495
27765.359000,2462,78,86.843034,759.876543,66.383552,580.856084
27766.142000,1942,9,68.500882,599.382716,52.362656,458.173239
27777.255000,1536,19,54.179894,474.074074,41.415571,362.386249
27824.038000,1078,3,38.024691,332.716049,29.066397,254.330974
27877.348000,464,10,16.366843,143.209877,12.510954,109.470846
27900.903000,217,15,7.654321,66.975309,5.851028,51.196495
27902.512000,3962,91,139.753086,1222.839506,106.828446,934.748905
28015.688000,682,11,24.056437,210.493827,18.388945,160.903269
28016.377000,199,6,7.019400,61.419753,5.365689,46.949781
28028.234000,3903,3,137.671958,1204.629630,105.237614,920.829120
28041.330000,1536,13,54.179894,474.074074,41.415571,362.386249
28074.453000,1353,3,47.724868,417.592593,36.481294,319.211325
28078.205000,1491,12,52.592593,460.185185,40.202224,351.769464
28126.487000,84,1,2.962963,25.925926,2.264914,19.817998
28127.044000,7677,9,270.793651,2369.444444,206.996967,1811.223458
28128.970000,3754,13,132.416226,1158.641975,101.220088,885.675767
28277.377000,3748,8,132.204586,1156.790123,101.058308,884.260195
28323.076000,1079,14,38.059965,333.024691,29.093360,254.566903
28372.279000,7679,11,270.864198,2370.061728,207.050893,1811.695315
28518.284000,1114,6,39.294533,343.827160,30.037074,262.824402
28519.264000,682,12,24.056437,210.493827,18.388945,160.903269
28520.761000,1080,15,38.095238,333.333333,29.120324,254.802831
28526.928000,557,8,19.647266,171.913580,15.018537,131.412201
28528.055000,1336,16,47.125220,412.345679,36.022919,315.200539
28573.355000,2235,6,78.835979,689.814815,60.262892,527.300303
28574.338000,1353,11,47.724868,417.592593,36.481294,319.211325
28576.525000,2987,3,105.361552,921.913580,80.539265,704.718571
28576.596000,1494,9,52.698413,461.111111,40.283114,352.477250
28577.341000,1763,4,62.186949,544.135802,47.536232,415.942029
28622.244000,84,18,2.962963,25.925926,2.264914,19.817998
28747.041000,1593,20,56.190476,491.666667,42.952477,375.834176
28822.505000,2258,6,79.647266,696.913580,60.883047,532.726660
28897.502000,222,13,7.830688,68.518519,5.985844,52.376138
29018.710000,1081,16,38.130511,333.641975,29.147287,255.038760
29026.280000,2295,251,80.952381,708.333333,61.880688,541.456016
29122.368000,4707,32,166.031746,1452.777778,126.916077,1110.515672
29269.661000,3337,43,117.707231,1029.938272,89.976407,787.293563
29269.920000,1114,6,39.294533,343.827160,30.037074,262.824402
29282.865000,441,14,15.555556,136.111111,11.890799,104.044489
29286.313000,2421,19,85.396825,747.222222,65.278059,571.183013
29287.203000,1336,31,47.125220,412.345679,36.022919,315.200539
29322.310000,1353,9,47.724868,417.592593,36.481294,319.211325
29324.735000,1495,10,52.733686,461.419753,40.310078,352.713178
29392.547000,3903,3,137.671958,1204.629630,105.237614,920.829120
29493.390000,159,17,5.608466,49.074074,4.287159,37.512639
29518.669000,20,24,0.705467,6.172840,0.539265,4.718571
29527.801000,1426,19,50.299824,440.123457,38.449612,336.434109
29531.147000,122,18,4.303351,37.654321,3.289518,28.783283
29578.857000,1353,3,47.724868,417.592593,36.481294,319.211325
29579.288000,3144,3,110.899471,970.370370,84.772497,741.759353
29580.309000,1254,10,44.232804,387.037037,33.811931,295.854398
29582.760000,1766,1,62.292769,545.061728,47.617122,416.649815
29621.104000,4707,5,166.031746,1452.777778,126.916077,1110.515672
29642.011000,1020,3,35.978836,314.814815,27.502528,240.647118
29768.280000,140,78,4.938272,43.209877,3.774857,33.029997
29769.217000,204,12,7.195767,62.962963,5.500506,48.129424
29769.433000,2393,8,84.409171,738.580247,64.523087,564.577014
29824.921000,1355,9,47.795414,418.209877,36.535221,319.683182
29870.942000,1402,1,49.453263,432.716049,37.802494,330.771823
29871.392000,7684,1,271.040564,2371.604938,207.185709,1812.874958
29892.212000,1233,2,43.492063,380.555556,33.245703,290.899899
30017.728000,1942,16,68.500882,599.382716,52.362656,458.173239
30027.875000,1425,14,50.264550,439.814815,38.422649,336.198180
30029.761000,2798,12,98.694885,863.580247,75.443209,660.128075
30145.511000,3171,6,111.851852,978.703704,85.500506,748.129424
30265.530000,204,12,7.195767,62.962963,5.500506,48.129424
30267.110000,140,19,4.938272,43.209877,3.774857,33.029997
30284.068000,2799,11,98.730159,863.888889,75.470172,660.364004
30330.118000,7680,14,270.899471,2370.370370,207.077856,1811.931244
30330.302000,3722,4,131.287478,1148.765432,100.357263,878.126053
30330.927000,1803,2,63.597884,556.481481,48.614762,425.379171
30528.265000,450,15,15.873016,138.888889,12.133468,106.167846
30530.779000,122,10,4.303351,37.654321,3.289518,28.783283
30579.175000,147,67,5.185185,45.370370,3.963600,34.681496
30623.809000,1402,12,49.453263,432.716049,37.802494,330.771823
30748.118000,7684,8,271.040564,2371.604938,207.185709,1812.874958
30766.282000,24,17,0.846561,7.407407,0.647118,5.662285
30870.591000,7685,1,271.075838,2371.913580,207.212673,1813.110886
30871.409000,4439,5,156.578483,1370.061728,119.689922,1047.286822
30998.716000,161,1,5.679012,49.691358,4.341085,37.984496
31015.350000,504,2,17.777778,155.555556,13.589484,118.907988
31015.419000,25,5,0.881834,7.716049,0.674082,5.898214
31028.699000,125,13,4.409171,38.580247,3.370408,29.491068
31121.046000,7685,4,271.075838,2371.913580,207.212673,1813.110886
31277.027000,3903,3,137.671958,1204.629630,105.237614,920.829120
31327.181000,1504,18,53.051146,464.197531,40.552747,354.836535
31372.206000,7168,7,252.839506,2212.345679,193.272666,1691.135827
31395.382000,1315,13,46.384480,405.864198,35.456690,310.246040
31492.815000,162,1,5.714286,50.000000,4.368049,38.220425
31495.371000,7685,1,271.075838,2371.913580,207.212673,1813.110886
31514.325000,25,14,0.881834,7.716049,0.674082,5.898214
31515.031000,683,3,24.091711,210.802469,18.415908,161.139198
31642.946000,7686,1,271.111111,2372.222222,207.239636,1813.346815
31748.903000,162,6,5.714286,50.000000,4.368049,38.220425
31760.941000,6797,1037,239.753086,2097.839506,183.269296,1603.606336
31777.317000,125,13,4.409171,38.580247,3.370408,29.491068
31778.068000,2421,25,85.396825,747.222222,65.278059,571.183013
31873.111000,4091,14,144.303351,1262.654321,110.306707,965.183687
32011.451000,1388,3,48.959436,428.395062,37.425008,327.468824
32016.247000,5221,64,184.162257,1611.419753,140.775194,1231.782946
32122.224000,4441,2,156.649030,1370.679012,119.743849,1047.758679
32251.114000,7686,1,271.111111,2372.222222,207.239636,1813.346815
32277.883000,2553,1,90.052910,787.962963,68.837209,602.325581
32279.139000,125,13,4.409171,38.580247,3.370408,29.491068
32329.571000,959,9,33.827160,295.987654,25.857769,226.255477
32331.799000,7680,14,270.899471,2370.370370,207.077856,1811.931244
32396.104000,3690,2,130.158730,1138.888889,99.494439,870.576340
32503.878000,1246,20,43.950617,384.567901,33.596225,293.966970
32513.999000,685,18,24.162257,211.419753,18.469835,161.611055
32521.064000,3903,3,137.671958,1204.629630,105.237614,920.829120
32527.426000,3589,16,126.596120,1107.716049,96.771149,846.747556
32582.216000,1357,1,47.865961,418.827160,36.589147,320.155039
32582.408000,1252,4,44.162257,386.419753,33.758005,295.382541
32582.521000,1579,11,55.696649,487.345679,42.574992,372.531176
32751.228000,396,7,13.968254,122.222222,10.677452,93.427705
32761.860000,1945,19,68.606702,600.308642,52.443546,458.881025
32762.044000,140,3,4.938272,43.209877,3.774857,33.029997
32762.619000,1388,3,48.959436,428.395062,37.425008,327.468824
32899.894000,292,114,10.299824,90.123457,7.873273,68.891136
32899.983000,3963,4,139.788360,1223.148148,106.855410,934.984833
33000.367000,3085,2,108.818342,952.160494,83.181665,727.839569
33014.412000,685,12,24.162257,211.419753,18.469835,161.611055
33015.051000,1388,3,48.959436,428.395062,37.425008,327.468824
33021.211000,5224,11,184.268078,1612.345679,140.856084,1232.490731
33027.992000,7680,18,270.899471,2370.370370,207.077856,1811.931244
33122.418000,134,3,4.726631,41.358025,3.613077,31.614425
33254.730000,1592,24,56.155203,491.358025,42.925514,375.598247
33264.835000,689,13,24.303351,212.654321,18.577688,162.554769
33265.037000,929,12,32.768959,286.728395,25.048871,219.177620
33277.576000,7680,17,270.899471,2370.370370,207.077856,1811.931244
33280.956000,2431,14,85.749559,750.308642,65.547691,573.542299
33327.643000,1357,8,47.865961,418.827160,36.589147,320.155039
33373.010000,300,9,10.582011,92.592593,8.088979,70.778564
33397.620000,1604,8,56.578483,495.061728,43.249073,378.429390
33496.605000,2607,3,91.957672,804.629630,70.293225,615.065723
33497.843000,727,27,25.643739,224.382716,19.602292,171.520054
33498.093000,2071,48,73.051146,639.197531,55.840917,488.608022
33514.923000,1948,3,68.712522,601.234568,52.524435,459.588810
33515.406000,1390,4,49.029982,429.012346,37.478935,327.940681
33516.125000,1188,16,41.904762,366.666667,32.032356,280.283114
33524.560000,3456,4,121.904762,1066.666667,93.185035,815.369060
33525.030000,349,17,12.310406,107.716049,9.410179,82.339063
33527.134000,7682,5,270.970018,2370.987654,207.131783,1812.403101
33530.674000,2798,9,98.694885,863.580247,75.443209,660.128075
33531.371000,3031,4,106.913580,935.493827,81.725649,715.099427
33576.239000,1495,1,52.733686,461.419753,40.310078,352.713178
33623.992000,2082,18,73.439153,642.592593,56.137513,491.203236
33647.719000,1316,153,46.419753,406.172840,35.483654,310.481968
33648.546000,3964,25,139.823633,1223.456790,106.882373,935.220762
33650.106000,1604,20,56.578483,495.061728,43.249073,378.429390
33744.485000,3780,5,133.333333,1166.666667,101.921132,891.809909
33777.049000,3903,3,137.671958,1204.629630,105.237614,920.829120
33779.246000,559,1,19.717813,172.530864,15.072464,131.884058
33824.800000,1494,9,52.698413,461.111111,40.283114,352.477250
33825.286000,6695,2,236.155203,2066.358025,180.519043,1579.541625
33871.546000,7674,3,270.687831,2368.518519,206.916077,1810.515672
33872.293000,1503,15,53.015873,463.888889,40.525784,354.600607
33875.075000,1402,49,49.453263,432.716049,37.802494,330.771823
33895.624000,290,102,10.229277,89.506173,7.819346,68.419279
34013.930000,1391,2,49.065256,429.320988,37.505898,328.176609
34015.193000,931,12,32.839506,287.345679,25.102797,219.649478
34077.383000,4166,1,146.948854,1285.802469,112.328952,982.878328
34122.244000,138,6,4.867725,42.592593,3.720930,32.558140
34123.284000,4709,9,166.102293,1453.395062,126.970003,1110.987529
34123.522000,301,15,10.617284,92.901235,8.115942,71.014493
34146.148000,2483,25,87.583774,766.358025,66.949781,585.810583
34147.792000,3967,57,139.929453,1224.382716,106.963263,935.928547
34264.318000,1187,1,41.869489,366.358025,32.005393,280.047186
34264.737000,2464,68,86.913580,760.493827,66.437479,581.327941
34265.637000,1187,1,41.869489,366.358025,32.005393,280.047186
34277.608000,559,7,19.717813,172.530864,15.072464,131.884058
34278.787000,2436,27,85.925926,751.851852,65.682508,574.721941
34372.588000,5381,3,189.805996,1660.802469,145.089316,1269.531513
34501.063000,1425,50,50.264550,439.814815,38.422649,336.198180
34504.810000,17,1,0.599647,5.246914,0.458375,4.010785
34512.976000,25,15,0.881834,7.716049,0.674082,5.898214
34514.263000,931,27,32.839506,287.345679,25.102797,219.649478
34514.952000,1187,9,41.869489,366.358025,32.005393,280.047186
34526.583000,1338,203,47.195767,412.962963,36.076845,315.672396
34745.721000,1650,11,58.201058,509.259259,44.489383,389.282103
34745.845000,492,5,17.354497,151.851852,13.265925,116.076845
34763.041000,142,3,5.008818,43.827160,3.828783,33.501854
34767.856000,351,3,12.380952,108.333333,9.464105,82.810920
34777.786000,2077,15,73.262787,641.049383,56.002696,490.023593
34780.552000,1337,31,47.160494,412.654321,36.049882,315.436468
34823.485000,6697,2,236.225750,2066.975309,180.572969,1580.013482
34870.744000,1504,1,53.051146,464.197531,40.552747,354.836535
34896.105000,1608,10,56.719577,496.296296,43.356926,379.373104
34896.747000,1608,1,56.719577,496.296296,43.356926,379.373104
34998.520000,2107,4,74.320988,650.308642,56.811594,497.101449
35014.882000,1187,19,41.869489,366.358025,32.005393,280.047186
35018.906000,634,3,22.363316,195.679012,17.094708,149.578699
35076.468000,148,8,5.220459,45.679012,3.990563,34.917425
35122.885000,5381,3,189.805996,1660.802469,145.089316,1269.531513
35141.944000,1609,1,56.754850,496.604938,43.383889,379.609033
35261.818000,1649,60,58.165785,508.950617,44.462420,389.046175
35262.183000,1184,2,41.763668,365.432099,31.924503,279.339400
35265.867000,17,2,0.599647,5.246914,0.458375,4.010785
35277.418000,3042,4,107.301587,938.888889,82.022245,717.694641
35326.055000,6153,9,217.037037,1899.074074,165.904954,1451.668352
35506.183000,260,3,9.171076,80.246914,7.010448,61.341422
35507.163000,25,5,0.881834,7.716049,0.674082,5.898214
35512.074000,351,13,12.380952,108.333333,9.464105,82.810920
35526.834000,1731,3,61.058201,534.259259,46.673407,408.392315
35527.426000,560,5,19.753086,172.839506,15.099427,132.119987
35581.363000,4977,17,175.555556,1536.111111,134.196158,1174.216380
35623.653000,1405,75,49.559083,433.641975,37.883384,331.479609
35757.963000,25,21,0.881834,7.716049,0.674082,5.898214
35776.824000,561,4,19.788360,173.148148,15.126390,132.355915
35873.513000,5392,3,190.194004,1664.197531,145.385912,1272.126727
35890.647000,3967,103,139.929453,1224.382716,106.963263,935.928547
36008.555000,352,18,12.416226,108.641975,9.491068,83.046849
36009.272000,634,3,22.363316,195.679012,17.094708,149.578699
36031.314000,7686,3,271.111111,2372.222222,207.239636,1813.346815
36141.617000,1096,12,38.659612,338.271605,29.551736,258.577688
36143.539000,1611,4,56.825397,497.222222,43.437816,380.080890
36144.202000,1611,1,56.825397,497.222222,43.437816,380.080890
36249.655000,1269,6,44.761905,391.666667,34.216380,299.393327
36251.737000,7680,1,270.899471,2370.370370,207.077856,1811.931244
36256.938000,693,7,24.444444,213.888889,18.685541,163.498483
36279.051000,3391,9,119.611993,1046.604938,91.432423,800.033704
36382.812000,1504,127,53.051146,464.197531,40.552747,354.836535
36386.991000,6243,9,220.211640,1926.851852,168.331648,1472.901921
36507.281000,1391,2,49.065256,429.320988,37.505898,328.176609
36507.700000,25,1,0.881834,7.716049,0.674082,5.898214
36516.838000,1537,28,54.215168,474.382716,41.442535,362.622177
36517.510000,352,25,12.416226,108.641975,9.491068,83.046849
36580.411000,3128,9,110.335097,965.432099,84.341085,737.984496
36580.827000,4327,12,152.627866,1335.493827,116.670037,1020.862824
36583.343000,3055,13,107.760141,942.901235,82.372767,720.761712
36627.289000,7676,32,270.758377,2369.135802,206.970003,1810.987529
36629.052000,4714,20,166.278660,1454.938272,127.104820,1112.167172
36640.947000,3743,9,132.028219,1155.246914,100.923492,883.080553
36642.070000,1612,1,56.860670,497.530864,43.464779,380.316818
36643.165000,3969,51,140.000000,1225.000000,107.017189,936.400404
36779.324000,2452,26,86.490300,756.790123,66.113920,578.496798
36779.572000,1338,18,47.195767,412.962963,36.076845,315.672396
36826.295000,2220,1,78.306878,685.185185,59.858443,523.761375
36874.948000,695,1,24.514991,214.506173,18.739467,163.970340
36890.661000,1612,1,56.860670,497.530864,43.464779,380.316818
37007.495000,1393,2,49.135802,429.938272,37.559825,328.648466
37012.339000,1538,3,54.250441,474.691358,41.469498,362.858106
37014.216000,352,25,12.416226,108.641975,9.491068,83.046849
37079.118000,2220,3,78.306878,685.185185,59.858443,523.761375
37080.516000,4152,38,146.455026,1281.481481,111.951466,979.575329
37128.334000,574,14,20.246914,177.160494,15.476913,135.422986
37131.807000,5959,5,210.194004,1839.197531,160.674082,1405.898214
37246.536000,729,1,25.714286,225.000000,19.656218,171.991911
37258.185000,1538,1,54.250441,474.691358,41.469498,362.858106
37328.320000,7678,19,270.828924,2369.753086,207.023930,1811.459387
37393.514000,1315,1,46.384480,405.864198,35.456690,310.246040
37393.880000,3710,7,130.864198,1145.061728,100.033704,875.294911
37394.723000,1613,20,56.895944,497.839506,43.491743,380.552747
37499.567000,2458,1,86.701940,758.641975,66.275699,579.912369
37499.959000,1269,6,44.761905,391.666667,34.216380,299.393327
37503.246000,18,1,0.634921,5.555556,0.485339,4.246714
37512.468000,1538,3,54.250441,474.691358,41.469498,362.858106
37512.997000,1764,17,62.222222,544.444444,47.563195,416.177958
37513.908000,634,4,22.363316,195.679012,17.094708,149.578699
37625.550000,1504,42,53.051146,464.197531,40.552747,354.836535
37642.540000,247,4,8.712522,76.234568,6.659926,58.274351
37643.579000,1316,22,46.419753,406.172840,35.483654,310.481968
37757.068000,25,3,0.881834,7.716049,0.674082,5.898214
37757.525000,1189,14,41.940035,366.975309,32.059319,280.519043
37771.057000,7686,15,271.111111,2372.222222,207.239636,1813.346815
37772.561000,357,12,12.592593,110.185185,9.625885,84.226491
37772.640000,636,4,22.433862,196.296296,17.148635,150.050556
37784.313000,2752,12,97.072310,849.382716,74.202899,649.275362
38008.568000,25,14,0.881834,7.716049,0.674082,5.898214
38009.840000,1182,71,41.693122,364.814815,31.870576,278.867543
38018.495000,1539,2,54.285714,475.000000,41.496461,363.094034
38019.584000,639,2,22.539683,197.222222,17.229525,150.758342
38044.230000,2461,25,86.807760,759.567901,66.356589,580.620155
38077.185000,1252,4,44.162257,386.419753,33.758005,295.382541
38141.743000,247,19,8.712522,76.234568,6.659926,58.274351
38142.488000,965,9,34.038801,297.839506,26.019548,227.671048
38258.717000,3160,33,111.463845,975.308642,85.203910,745.534210
38327.702000,1507,13,53.156966,465.123457,40.633637,355.544321
38329.286000,2221,1,78.342152,685.493827,59.885406,523.997304
38391.738000,1615,19,56.966490,498.456790,43.545669,381.024604
38507.182000,696,8,24.550265,214.814815,18.766431,164.206269
38512.323000,640,3,22.574956,197.530864,17.256488,150.994270
38576.806000,181,3,6.384480,55.864198,4.880351,42.703067
38577.824000,2221,1,78.342152,685.493827,59.885406,523.997304
38624.912000,6241,37,220.141093,1926.234568,168.277722,1472.430064
38640.820000,247,33,8.712522,76.234568,6.659926,58.274351
38748.739000,4274,27,150.758377,1319.135802,115.240984,1008.358611
38757.892000,5449,11,192.204586,1681.790123,146.922818,1285.574655
38758.969000,933,36,32.910053,287.962963,25.156724,220.121335
38765.344000,641,1,22.610229,197.839506,17.283451,151.230199
38791.142000,2522,27,88.959436,778.395062,68.001348,595.011796
38825.982000,2221,1,78.342152,685.493827,59.885406,523.997304
38890.547000,1615,3,56.966490,498.456790,43.545669,381.024604
39078.395000,275,6,9.700176,84.876543,7.414897,64.880351
39079.953000,2221,1,78.342152,685.493827,59.885406,523.997304
39145.374000,966,46,34.074074,298.148148,26.046512,227.906977
39145.463000,1021,3,36.014109,315.123457,27.529491,240.883047
39146.200000,2254,21,79.506173,695.679012,60.775194,531.782946
39147.601000,1615,12,56.966490,498.456790,43.545669,381.024604
39245.591000,7684,2,271.040564,2371.604938,207.185709,1812.874958
39256.913000,694,1,24.479718,214.197531,18.712504,163.734412
39257.803000,1261,25,44.479718,389.197531,34.000674,297.505898
39265.771000,7686,24,271.111111,2372.222222,207.239636,1813.346815
39294.916000,3396,19,119.788360,1048.148148,91.567240,801.213347
39325.505000,2221,6,78.342152,685.493827,59.885406,523.997304
39376.617000,2577,6,90.899471,795.370370,69.484328,607.987867
39391.343000,971,13,34.250441,299.691358,26.181328,229.086619
39392.851000,967,6,34.109347,298.456790,26.073475,228.142905
39394.152000,1616,27,57.001764,498.765432,43.572632,381.260533
39500.530000,4299,13,151.640212,1326.851852,115.915066,1014.256825
39509.538000,1767,11,62.328042,545.370370,47.644085,416.885743
39536.587000,1554,17,54.814815,479.629630,41.900910,366.632963
39540.008000,2527,12,89.135802,779.938272,68.136164,596.191439
39575.467000,2221,11,78.342152,685.493827,59.885406,523.997304
39642.192000,967,6,34.109347,298.456790,26.073475,228.142905
39744.313000,1248,20,44.021164,385.185185,33.650152,294.438827
39781.973000,7584,2,267.513228,2340.740741,204.489383,1789.282103
39891.893000,967,7,34.109347,298.456790,26.073475,228.142905
40010.050000,26,25,0.917108,8.024691,0.701045,6.134142
40016.412000,431,77,15.202822,133.024691,11.621166,101.685204
40016.501000,642,36,22.645503,198.148148,17.310415,151.466127
40032.929000,1554,13,54.814815,479.629630,41.900910,366.632963
40077.432000,7678,5,270.828924,2369.753086,207.023930,1811.459387
40077.823000,1517,3,53.509700,468.209877,40.903269,357.903606
40077.976000,7623,3,268.888889,2352.777778,205.540950,1798.483316
40080.813000,864,5,30.476190,266.666667,23.296259,203.842265
40129.580000,1638,11,57.777778,505.555556,44.165824,386.450961
40143.273000,1315,14,46.384480,405.864198,35.456690,310.246040
40143.990000,3974,1,140.176367,1226.543210,107.152005,937.580047
40261.199000,7686,1,271.111111,2372.222222,207.239636,1813.346815
40289.347000,2528,1,89.171076,780.246914,68.163128,596.427368
40324.241000,1187,13,41.869489,366.358025,32.005393,280.047186
40381.428000,2576,7,90.864198,795.061728,69.457364,607.751938
40383.986000,694,14,24.479718,214.197531,18.712504,163.734412
40392.068000,968,86,34.144621,298.765432,26.100438,228.378834
40506.294000,696,7,24.550265,214.814815,18.766431,164.206269
40579.578000,2221,9,78.342152,685.493827,59.885406,523.997304
40580.670000,7680,14,270.899471,2370.370370,207.077856,1811.931244
40641.145000,3974,61,140.176367,1226.543210,107.152005,937.580047
40761.679000,3070,31,108.289242,947.530864,82.777216,724.300640
40782.601000,1546,1003,54.532628,477.160494,41.685204,364.745534
40829.120000,2221,1,78.342152,685.493827,59.885406,523.997304
40870.949000,695,1,24.514991,214.506173,18.739467,163.970340
41008.863000,30,24,1.058201,9.259259,0.808898,7.077856
41015.319000,1540,15,54.320988,475.308642,41.523424,363.329963
41016.496000,7686,13,271.111111,2372.222222,207.239636,1813.346815
41077.449000,7605,10,268.253968,2347.222222,205.055612,1794.236603
41077.932000,1254,6,44.232804,387.037037,33.811931,295.854398
41080.349000,2221,1,78.342152,685.493827,59.885406,523.997304
41142.385000,969,115,34.179894,299.074074,26.127401,228.614762
41144.317000,967,6,34.109347,298.456790,26.073475,228.142905
41258.971000,3128,3,110.335097,965.432099,84.341085,737.984496
41259.399000,1541,2,54.356261,475.617284,41.550388,363.565891
41279.662000,7220,1,254.673721,2228.395062,194.674756,1703.404112
41280.492000,2530,1,89.241623,780.864198,68.217054,596.899225
41331.729000,7622,31,268.853616,2352.469136,205.513987,1798.247388
41334.972000,2221,10,78.342152,685.493827,59.885406,523.997304
41335.469000,1409,2,49.700176,434.876543,37.991237,332.423323
41506.804000,504,5,17.777778,155.555556,13.589484,118.907988
41510.875000,1542,1,54.391534,475.925926,41.577351,363.801820
41527.946000,2800,10,98.765432,864.197531,75.497135,660.599933
41580.474000,7606,23,268.289242,2347.530864,205.082575,1794.472531
41748.581000,254,14,8.959436,78.395062,6.848669,59.925851
41756.699000,5395,1,190.299824,1665.123457,145.466801,1272.834513
41757.557000,935,30,32.980600,288.580247,25.210650,220.593192
41872.267000,4731,2,166.878307,1460.185185,127.563195,1116.177958
41899.927000,3974,139,140.176367,1226.543210,107.152005,937.580047
41999.195000,1457,121,51.393298,449.691358,39.285474,343.747893
42007.460000,703,12,24.797178,216.975309,18.955174,165.857769
42075.853000,2221,10,78.342152,685.493827,59.885406,523.997304
42121.984000,4732,1,166.913580,1460.493827,127.590158,1116.413886
42140.525000,968,100,34.144621,298.765432,26.100438,228.378834
42248.672000,1410,28,49.735450,435.185185,38.018200,332.659252
42258.001000,642,18,22.645503,198.148148,17.310415,151.466127
42284.664000,3139,15,110.723104,968.827160,84.637681,740.579710
42286.092000,2799,2,98.730159,863.888889,75.470172,660.364004
42286.422000,2531,1,89.276896,781.172840,68.244018,597.135153
42287.653000,2476,8,87.336861,764.197531,66.761038,584.159083
42391.782000,3170,50,111.816578,978.395062,85.473542,747.893495
42503.185000,497,352,17.530864,153.395062,13.400741,117.256488
42503.482000,160,1,5.643739,49.382716,4.314122,37.748568
42581.172000,2221,15,78.342152,685.493827,59.885406,523.997304
42581.291000,4829,13,170.335097,1490.432099,130.205595,1139.298955
42628.456000,2147,3,75.731922,662.654321,57.890125,506.538591
42628.982000,450,1,15.873016,138.888889,12.133468,106.167846
42642.070000,3476,23,122.610229,1072.839506,93.724301,820.087631
42643.519000,971,13,34.250441,299.691358,26.181328,229.086619
42643.873000,3172,27,111.887125,979.012346,85.527469,748.365352
42788.500000,2741,33,96.684303,845.987654,73.906303,646.680148
42791.570000,2531,10,89.276896,781.172840,68.244018,597.135153
42891.285000,3172,15,111.887125,979.012346,85.527469,748.365352
42895.525000,248,8,8.747795,76.543210,6.686889,58.510280
43008.496000,740,14,26.102293,228.395062,19.952814,174.587125
43027.803000,1152,12,40.634921,355.555556,31.061678,271.789687
43080.768000,1253,4,44.197531,386.728395,33.784968,295.618470
43084.697000,459,29,16.190476,141.666667,12.376138,108.291203
43126.202000,450,34,15.873016,138.888889,12.133468,106.167846
43127.150000,4732,1,166.913580,1460.493827,127.590158,1116.413886
43141.530000,3172,29,111.887125,979.012346,85.527469,748.365352
43142.725000,3173,19,111.922399,979.320988,85.554432,748.601281
43256.324000,1274,30,44.938272,393.209877,34.351196,300.572969
43256.931000,31,17,1.093474,9.567901,0.835861,7.313785
43326.004000,7606,24,268.289242,2347.530864,205.082575,1794.472531
43379.159000,6265,36,220.987654,1933.641975,168.924840,1478.092349
43392.029000,3173,33,111.922399,979.320988,85.554432,748.601281
43504.178000,32,4,1.128748,9.876543,0.862824,7.549714
43506.753000,5454,4,192.380952,1683.333333,147.057634,1286.754297
43508.103000,704,15,24.832451,217.283951,18.982137,166.093697
43527.109000,3139,3,110.723104,968.827160,84.637681,740.579710
43527.821000,2415,8,85.185185,745.370370,65.116279,569.767442
43531.234000,2476,12,87.336861,764.197531,66.761038,584.159083
43532.117000,4707,9,166.031746,1452.777778,126.916077,1110.515672
43532.232000,3120,3,110.052910,962.962963,84.125379,736.097068
43532.282000,2532,9,89.312169,781.481481,68.270981,597.371082
43640.763000,3174,41,111.957672,979.629630,85.581395,748.837209
43642.337000,248,30,8.747795,76.543210,6.686889,58.510280
43757.059000,504,10,17.777778,155.555556,13.589484,118.907988
43762.331000,641,15,22.610229,197.839506,17.283451,151.230199
43777.039000,2741,3,96.684303,845.987654,73.906303,646.680148
43880.416000,450,217,15.873016,138.888889,12.133468,106.167846
43881.583000,453,46,15.978836,139.814815,12.214358,106.875632
44010.556000,641,10,22.610229,197.839506,17.283451,151.230199
44011.118000,492,9,17.354497,151.851852,13.265925,116.076845
44028.701000,2476,15,87.336861,764.197531,66.761038,584.159083
44077.819000,458,1,16.155203,141.358025,12.349174,108.055275
44143.196000,1920,10,67.724868,592.592593,51.769464,452.982811
44143.641000,3176,36,112.028219,980.246914,85.635322,749.309066
44146.478000,1317,21,46.455026,406.481481,35.510617,310.717897
44147.437000,2594,115,91.499118,800.617284,69.942703,611.998652
44276.977000,3139,3,110.723104,968.827160,84.637681,740.579710
44279.024000,1154,7,40.705467,356.172840,31.115605,272.261544
44327.536000,458,14,16.155203,141.358025,12.349174,108.055275
44510.855000,1768,13,62.363316,545.679012,47.671048,417.121672
44511.699000,3459,2,122.010582,1067.592593,93.265925,816.076845
44527.355000,404,15,14.250441,124.691358,10.893158,95.315133
44528.094000,2741,3,96.684303,845.987654,73.906303,646.680148
44532.306000,1154,9,40.705467,356.172840,31.115605,272.261544
44584.921000,7644,4,269.629630,2359.259259,206.107179,1803.437816
44585.434000,4166,1,146.948854,1285.802469,112.328952,982.878328
44586.622000,7608,22,268.359788,2348.148148,205.136502,1794.944388
44589.922000,7654,37,269.982363,2362.345679,206.376812,1805.797101
44591.038000,4852,2,171.146384,1497.530864,130.825750,1144.725312
44622.825000,4733,9,166.948854,1460.802469,127.617122,1116.649815
44642.012000,1315,24,46.384480,405.864198,35.456690,310.246040
44757.740000,643,17,22.680776,198.456790,17.337378,151.702056
44777.749000,2477,59,87.372134,764.506173,66.788001,584.395012
44832.361000,7644,16,269.629630,2359.259259,206.107179,1803.437816
44834.499000,458,12,16.155203,141.358025,12.349174,108.055275
44874.089000,2152,7,75.908289,664.197531,58.024941,507.718234
44890.946000,3468,4,122.328042,1070.370370,93.508595,818.200202
45006.172000,399,19,14.074074,123.148148,10.758342,94.135490
45022.042000,1768,13,62.363316,545.679012,47.671048,417.121672
45028.231000,2413,10,85.114638,744.753086,65.062353,569.295585
45082.090000,4448,3,156.895944,1372.839506,119.932592,1049.410179
45085.832000,2236,111,78.871252,690.123457,60.289855,527.536232
45086.059000,458,6,16.155203,141.358025,12.349174,108.055275
45086.320000,3719,2,131.181658,1147.839506,100.276373,877.418268
45087.119000,2374,122,83.738977,732.716049,64.010785,560.094371
45153.285000,1315,14,46.384480,405.864198,35.456690,310.246040
45255.596000,6983,146,246.313933,2155.246914,188.284462,1647.489046
45261.034000,31,26,1.093474,9.567901,0.835861,7.313785
45266.361000,1768,5,62.363316,545.679012,47.671048,417.121672
45278.540000,402,16,14.179894,124.074074,10.839232,94.843276
45373.294000,543,13,19.153439,167.592593,14.641052,128.109201
45376.043000,2154,40,75.978836,664.814815,58.078868,508.190091
45395.184000,966,121,34.074074,298.148148,26.046512,227.906977
45511.475000,646,6,22.786596,199.382716,17.418268,152.409842
45511.663000,1768,13,62.363316,545.679012,47.671048,417.121672
45528.612000,439,20,15.485009,135.493827,11.836872,103.572632
45583.649000,4448,6,156.895944,1372.839506,119.932592,1049.410179
45584.315000,7644,75,269.629630,2359.259259,206.107179,1803.437816
45584.908000,4165,1,146.913580,1285.493827,112.301989,982.642400
45750.137000,2615,43,92.239859,807.098765,70.508932,616.953151
45756.912000,1258,13,44.373898,388.271605,33.919784,296.798113
45761.327000,646,14,22.786596,199.382716,17.418268,152.409842
45776.910000,2536,67,89.453263,782.716049,68.378834,598.314796
45840.356000,149,6,5.255732,45.987654,4.017526,35.153354
45840.480000,2068,5,72.945326,638.271605,55.760027,487.900236
45842.220000,459,91,16.190476,141.666667,12.376138,108.291203
45871.802000,542,14,19.118166,167.283951,14.614088,127.873273
45895.566000,966,40,34.074074,298.148148,26.046512,227.906977
46079.042000,7644,28,269.629630,2359.259259,206.107179,1803.437816
46143.540000,1315,13,46.384480,405.864198,35.456690,310.246040
46257.329000,1768,13,62.363316,545.679012,47.671048,417.121672
46277.221000,3170,3,111.816578,978.395062,85.473542,747.893495
46333.921000,81,71,2.857143,25.000000,2.184024,19.110212
46334.998000,7645,6,269.664903,2359.567901,206.134142,1803.673745
46335.370000,1047,4,36.931217,323.148148,28.230536,247.017189
46577.709000,149,14,5.255732,45.987654,4.017526,35.153354
46579.516000,7684,54,271.040564,2371.604938,207.185709,1812.874958
46620.885000,694,3,24.479718,214.197531,18.712504,163.734412
46644.113000,1235,4,43.562610,381.172840,33.299629,291.371756
46645.231000,1923,4,67.830688,593.518519,51.850354,453.690597
46756.802000,1921,9,67.760141,592.901235,51.796427,453.218739
46760.057000,435,3,15.343915,134.259259,11.729019,102.628918
46776.760000,2524,12,89.029982,779.012346,68.055275,595.483654
46777.063000,1158,17,40.846561,357.407407,31.223458,273.205258
46825.694000,2033,6,71.710758,627.469136,54.816313,479.642737
46826.835000,150,13,5.291005,46.296296,4.044489,35.389282
46993.181000,1248,1,44.021164,385.185185,33.650152,294.438827
47027.820000,3170,3,111.816578,978.395062,85.473542,747.893495
47075.642000,459,17,16.190476,141.666667,12.376138,108.291203
47121.308000,1549,4,54.638448,478.086420,41.766094,365.453320
47256.473000,3471,3,122.433862,1071.296296,93.589484,818.907988
47332.738000,7684,26,271.040564,2371.604938,207.185709,1812.874958
47371.873000,1548,4,54.603175,477.777778,41.739130,365.217391
47586.647000,459,100,16.190476,141.666667,12.376138,108.291203
47621.664000,455,6,16.049383,140.432099,12.268284,107.347489
47621.897000,7678,5,270.828924,2369.753086,207.023930,1811.459387
47622.368000,4735,27,167.019400,1461.419753,127.671048,1117.121672
47650.251000,2260,12,79.717813,697.530864,60.936973,533.198517
47744.175000,1330,2,46.913580,410.493827,35.861139,313.784968
47759.105000,494,5,17.425044,152.469136,13.319852,116.548702
47777.131000,2524,24,89.029982,779.012346,68.055275,595.483654
47828.516000,7644,61,269.629630,2359.259259,206.107179,1803.437816
47872.246000,1548,4,54.603175,477.777778,41.739130,365.217391
47875.134000,7678,1,270.828924,2369.753086,207.023930,1811.459387
47892.115000,3975,73,140.211640,1226.851852,107.178969,937.815976
48013.389000,495,6,17.460317,152.777778,13.346815,116.784631
48079.313000,1050,24,37.037037,324.074074,28.311426,247.724975
48082.012000,7683,13,271.005291,2371.296296,207.158746,1812.639029
48121.064000,5392,15,190.194004,1664.197531,145.385912,1272.126727
48122.616000,2155,38,76.014109,665.123457,58.105831,508.426020
48123.015000,7678,11,270.828924,2369.753086,207.023930,1811.459387
48146.706000,713,17,25.149912,220.061728,19.224806,168.217054
48262.490000,436,12,15.379189,134.567901,11.755982,102.864847
48277.313000,3289,3,116.014109,1015.123457,88.682171,775.968992
48324.298000,7669,4,270.511464,2366.975309,206.781261,1809.336030
48371.422000,4051,2,142.892416,1250.308642,109.228177,955.746545
48371.985000,1917,21,67.619048,591.666667,51.688574,452.275025
48395.845000,1237,3,43.633157,381.790123,33.353556,291.843613
48492.631000,2616,1,92.275132,807.407407,70.535895,617.189080
48527.562000,126,14,4.444444,38.888889,3.397371,29.726997
48622.177000,7678,21,270.828924,2369.753086,207.023930,1811.459387
48622.767000,4052,1,142.927690,1250.617284,109.255140,955.982474
48644.676000,2068,9,72.945326,638.271605,55.760027,487.900236
48645.687000,2678,31,94.462081,826.543210,72.207617,631.816650
48762.170000,498,3,17.566138,153.703704,13.427705,117.492417
48873.166000,2083,12,73.474427,642.901235,56.164476,491.439164
48992.869000,2617,84,92.310406,807.716049,70.562858,617.425008
48995.522000,1127,25,39.753086,347.839506,30.387597,265.891473
48996.225000,2937,1,103.597884,906.481481,79.191102,692.922144
49028.692000,1891,9,66.701940,583.641975,50.987529,446.140883
49032.348000,126,22,4.444444,38.888889,3.397371,29.726997
49077.135000,2651,1,93.509700,818.209877,71.479609,625.446579
49121.007000,7617,9,268.677249,2350.925926,205.379171,1797.067745
49152.143000,611,3,21.552028,188.580247,16.474553,144.152342
49153.094000,713,13,25.149912,220.061728,19.224806,168.217054
49155.190000,1926,1,67.936508,594.444444,51.931244,454.398382
49242.919000,1330,1,46.913580,410.493827,35.861139,313.784968
49244.384000,2937,2,103.597884,906.481481,79.191102,692.922144
49261.587000,1917,72,67.619048,591.666667,51.688574,452.275025
49262.053000,31,1,1.093474,9.567901,0.835861,7.313785
49280.670000,438,4,15.449735,135.185185,11.809909,103.336704
49372.549000,1851,12,65.291005,571.296296,49.908999,436.703741
49395.918000,3977,61,140.282187,1227.469136,107.232895,938.287833
49493.089000,1331,1,46.948854,410.802469,35.888102,314.020897
49515.901000,4422,3,155.978836,1364.814815,119.231547,1043.276036
49517.254000,31,18,1.093474,9.567901,0.835861,7.313785
49523.598000,437,13,15.414462,134.876543,11.782946,103.100775
49524.414000,2351,4,82.927690,725.617284,63.390630,554.668015
49527.767000,2651,11,93.509700,818.209877,71.479609,625.446579
49527.928000,1425,8,50.264550,439.814815,38.422649,336.198180
49574.924000,7082,21,249.805996,2185.802469,190.953825,1670.845972
49575.358000,1050,1,37.037037,324.074074,28.311426,247.724975
49622.455000,4054,1,142.998236,1251.234568,109.309066,956.454331
49622.632000,4735,53,167.019400,1461.419753,127.671048,1117.121672
49646.662000,247,6,8.712522,76.234568,6.659926,58.274351
49745.133000,2616,16,92.275132,807.407407,70.535895,617.189080
49777.054000,2837,3,100.070547,875.617284,76.494776,669.329289
49777.731000,1898,3,66.948854,585.802469,51.176272,447.792383
49896.401000,611,1,21.552028,188.580247,16.474553,144.152342
49898.890000,3021,75,106.560847,932.407407,81.456016,712.740142
50024.122000,499,7,17.601411,154.012346,13.454668,117.728345
50025.885000,356,22,12.557319,109.876543,9.598921,83.990563
50031.959000,1426,15,50.299824,440.123457,38.449612,336.434109
50078.652000,1051,6,37.072310,324.382716,28.338389,247.960903
50148.930000,3978,1,140.317460,1227.777778,107.259858,938.523761
50150.101000,1928,12,68.007055,595.061728,51.985170,454.870239
50243.461000,2616,31,92.275132,807.407407,70.535895,617.189080
50261.788000,1929,95,68.042328,595.370370,52.012133,455.106168
50264.965000,499,1,17.601411,154.012346,13.454668,117.728345
50329.447000,4448,4,156.895944,1372.839506,119.932592,1049.410179
50515.253000,356,30,12.557319,109.876543,9.598921,83.990563
50516.005000,499,5,17.601411,154.012346,13.454668,117.728345
50534.128000,2838,4,100.105820,875.925926,76.521739,669.565217
50536.374000,1494,1,52.698413,461.111111,40.283114,352.477250
50536.438000,2534,19,89.382716,782.098765,68.324907,597.842939
50621.575000,457,42,16.119929,141.049383,12.322211,107.819346
50649.615000,974,130,34.356261,300.617284,26.262218,229.794405
50651.670000,3979,85,140.352734,1228.086420,107.286822,938.759690
50744.927000,2616,1,92.275132,807.407407,70.535895,617.189080
50762.590000,1388,5,48.959436,428.395062,37.425008,327.468824
50763.591000,31,8,1.093474,9.567901,0.835861,7.313785
50788.500000,3277,8,115.590829,1011.419753,88.358611,773.137850
50788.736000,1424,13,50.229277,439.506173,38.395686,335.962251
50894.926000,251,8,8.853616,77.469136,6.767779,59.218065
51014.373000,1388,2,48.959436,428.395062,37.425008,327.468824
51014.490000,1535,1,54.144621,473.765432,41.388608,362.150320
51076.108000,461,421,16.261023,142.283951,12.430064,108.763060
51263.874000,4423,1,156.014109,1365.123457,119.258510,1043.511965
51264.297000,32,24,1.128748,9.876543,0.862824,7.549714
51266.062000,1388,60,48.959436,428.395062,37.425008,327.468824
51272.250000,1535,4,54.144621,473.765432,41.388608,362.150320
51283.640000,3413,16,120.388007,1053.395062,92.025615,805.224132
51326.315000,2036,3,71.816578,628.395062,54.897203,480.350522
51377.351000,7172,12,252.980600,2213.580247,193.380519,1692.079542
51395.355000,1314,5,46.349206,405.555556,35.429727,310.010111
51396.297000,1927,1,67.971781,594.753086,51.958207,454.634311
51396.622000,976,2,34.426808,301.234568,26.316144,230.266262
51516.457000,1535,5,54.144621,473.765432,41.388608,362.150320
51517.493000,1771,11,62.469136,546.604938,47.751938,417.829457
51535.164000,2839,3,100.141093,876.234568,76.548702,669.801146
51535.658000,3263,12,115.097002,1007.098765,87.981126,769.834850
51538.226000,1314,13,46.349206,405.555556,35.429727,310.010111
51578.098000,461,6,16.261023,142.283951,12.430064,108.763060
51622.213000,457,58,16.119929,141.049383,12.322211,107.819346
51646.818000,250,3,8.818342,77.160494,6.740816,58.982137
51647.772000,1315,5,46.384480,405.864198,35.456690,310.246040
51762.359000,357,29,12.592593,110.185185,9.625885,84.226491
51781.882000,2700,1,95.238095,833.333333,72.800809,637.007078
51782.869000,18,33,0.634921,5.555556,0.485339,4.246714
51828.692000,4449,5,156.931217,1373.148148,119.959555,1049.646107
51830.963000,7684,11,271.040564,2371.604938,207.185709,1812.874958
51871.167000,7684,323,271.040564,2371.604938,207.185709,1812.874958
51871.698000,6288,8,221.798942,1940.740741,169.544995,1483.518706
51901.186000,3177,7,112.063492,980.555556,85.662285,749.544995
51901.419000,612,13,21.587302,188.888889,16.501517,144.388271
51902.915000,976,2,34.426808,301.234568,26.316144,230.266262
51903.359000,1926,13,67.936508,594.444444,51.931244,454.398382
52077.985000,7612,20,268.500882,2349.382716,205.244355,1795.888102
52079.481000,2070,8,73.015873,638.888889,55.813953,488.372093
52121.025000,467,1,16.472663,144.135802,12.591844,110.178632
52148.121000,976,2,34.426808,301.234568,26.316144,230.266262
52243.278000,740,14,26.102293,228.395062,19.952814,174.587125
52262.491000,2352,5,82.962963,725.925926,63.417594,554.903943
52326.122000,1052,11,37.107584,324.691358,28.365352,248.196832
52327.272000,2038,1,71.887125,629.012346,54.951129,480.822380
52371.234000,4946,3,174.462081,1526.543210,133.360297,1166.902595
52372.364000,1629,1,57.460317,502.777778,43.923155,384.327604
52374.658000,2177,3,76.790123,671.913580,58.699023,513.616448
52398.533000,613,75,21.622575,189.197531,16.528480,144.624200
52401.189000,1316,2,46.419753,406.172840,35.483654,310.481968
52531.800000,3413,11,120.388007,1053.395062,92.025615,805.224132
52581.353000,2071,7,73.051146,639.197531,55.840917,488.608022
52648.327000,3289,3,116.014109,1015.123457,88.682171,775.968992
52649.535000,3289,3,116.014109,1015.123457,88.682171,775.968992
52651.481000,4295,1,151.499118,1325.617284,115.807213,1013.313111
52769.573000,32,56,1.128748,9.876543,0.862824,7.549714
52778.743000,1535,1,54.144621,473.765432,41.388608,362.150320
52780.479000,446,15,15.731922,137.654321,12.025615,105.224132
52780.773000,1535,4,54.144621,473.765432,41.388608,362.150320
52781.959000,2541,9,89.629630,784.259259,68.513650,599.494439
52825.955000,4853,34,171.181658,1497.839506,130.852713,1144.961240
52997.164000,2616,1,92.275132,807.407407,70.535895,617.189080
52998.818000,1249,14,44.056437,385.493827,33.677115,294.674756
53016.909000,717,2,25.291005,221.296296,19.332659,169.160768
53023.896000,501,2,17.671958,154.629630,13.508595,118.200202
53243.506000,1333,2,47.019400,411.419753,35.942029,314.492754
53247.248000,4267,84,150.511464,1316.975309,115.052241,1006.707112
53270.190000,1542,1,54.391534,475.925926,41.577351,363.801820
53277.167000,2846,7,100.388007,878.395062,76.737445,671.452646
53373.049000,2588,1,91.287478,798.765432,69.780923,610.583081
53395.346000,3184,20,112.310406,982.716049,85.851028,751.196495
53397.061000,615,21,21.693122,189.814815,16.582406,145.096057
53493.099000,13,5,0.458554,4.012346,0.350522,3.067071
53514.915000,719,30,25.361552,221.913580,19.386586,169.632626
53522.067000,501,2,17.671958,154.629630,13.508595,118.200202
53643.985000,3184,20,112.310406,982.716049,85.851028,751.196495
53746.672000,2617,30,92.310406,807.716049,70.562858,617.425008
53773.432000,1541,14,54.356261,475.617284,41.550388,363.565891
53778.184000,3770,9,132.980600,1163.580247,101.651500,889.450624
53831.078000,20,9,0.705467,6.172840,0.539265,4.718571
53834.550000,2532,47,89.312169,781.481481,68.270981,597.371082
53896.506000,615,3,21.693122,189.814815,16.582406,145.096057
53896.922000,3184,20,112.310406,982.716049,85.851028,751.196495
54018.222000,719,33,25.361552,221.913580,19.386586,169.632626
54018.988000,4432,1,156.331570,1367.901235,119.501180,1045.635322
54027.094000,57,15,2.010582,17.592593,1.536906,13.447927
54027.401000,2846,10,100.388007,878.395062,76.737445,671.452646
54027.989000,3282,3,115.767196,1012.962963,88.493428,774.317492
54123.325000,460,1,16.225750,141.975309,12.403101,108.527132
54145.070000,3184,16,112.310406,982.716049,85.851028,751.196495
54145.950000,3185,14,112.345679,983.024691,85.877991,751.432423
54277.005000,2400,22,84.656085,740.740741,64.711830,566.228514
54278.298000,1217,2,42.927690,375.617284,32.814291,287.125042
54397.768000,616,4,21.728395,190.123457,16.609370,145.331985
54397.953000,3186,12,112.380952,983.333333,85.904954,751.668352
54400.225000,1320,1,46.560847,407.407407,35.591507,311.425683
54400.535000,1319,1,46.525573,407.098765,35.564543,311.189754
54400.842000,1319,1,46.525573,407.098765,35.564543,311.189754
54513.871000,723,20,25.502646,223.148148,19.494439,170.576340
54514.466000,32,29,1.128748,9.876543,0.862824,7.549714
54514.769000,1396,259,49.241623,430.864198,37.640715,329.356252
54523.257000,730,2,25.749559,225.308642,19.683182,172.227840
54526.420000,3300,1,116.402116,1018.518519,88.978766,778.564206
54577.035000,1058,3,37.319224,326.543210,28.527132,249.612403
54623.561000,460,40,16.225750,141.975309,12.403101,108.527132
54648.418000,3186,12,112.380952,983.333333,85.904954,751.668352
54651.033000,1927,9,67.971781,594.753086,51.958207,454.634311
54831.681000,21,30,0.740741,6.481481,0.566229,4.954499
54834.244000,2071,3,73.051146,639.197531,55.840917,488.608022
54870.935000,1632,1,57.566138,503.703704,44.004044,385.035389
54896.420000,617,11,21.763668,190.432099,16.636333,145.567914
54897.388000,1320,1,46.560847,407.407407,35.591507,311.425683
54898.608000,4332,9,152.804233,1337.037037,116.804853,1022.042467
54898.788000,1929,9,68.042328,595.370370,52.012133,455.106168
55019.338000,1396,45,49.241623,430.864198,37.640715,329.356252
55021.807000,34,33,1.199295,10.493827,0.916751,8.021571
55027.462000,7687,17,271.146384,2372.530864,207.266599,1813.582744
55028.241000,3301,1,116.437390,1018.827160,89.005730,778.800135
55028.761000,570,5,20.105820,175.925926,15.369060,134.479272
55121.177000,2593,1,91.463845,800.308642,69.915740,611.762723
55124.006000,7685,46,271.075838,2371.913580,207.212673,1813.110886
55152.813000,617,19,21.763668,190.432099,16.636333,145.567914
55153.059000,3186,12,112.380952,983.333333,85.904954,751.668352
55155.636000,248,40,8.747795,76.543210,6.686889,58.510280
55155.887000,2683,111,94.638448,828.086420,72.342433,632.996293
55327.661000,4858,16,171.358025,1499.382716,130.987529,1146.140883
55373.640000,7171,17,252.945326,2213.271605,193.353556,1691.843613
55400.344000,618,5,21.798942,190.740741,16.663296,145.803842
55513.705000,36,18,1.269841,11.111111,0.970677,8.493428
55583.930000,768,4,27.089947,237.037037,20.707786,181.193124
55646.811000,4296,80,151.534392,1325.925926,115.834176,1013.549039
55647.003000,978,1,34.497354,301.851852,26.370071,230.738119
55647.482000,1929,9,68.042328,595.370370,52.012133,455.106168
55834.481000,1056,3,37.248677,325.925926,28.473205,249.140546
55901.811000,619,88,21.834215,191.049383,16.690260,146.039771
55902.158000,1085,3,38.271605,334.876543,29.255140,255.982474
55905.762000,1320,1,46.560847,407.407407,35.591507,311.425683
56015.491000,2473,49,87.231041,763.271605,66.680148,583.451298
56029.598000,3301,2,116.437390,1018.827160,89.005730,778.800135
56078.358000,53,259,1.869489,16.358025,1.429053,12.504213
56079.092000,4452,4,157.037037,1374.074074,120.040445,1050.353893
56081.221000,772,3,27.231041,238.271605,20.815639,182.136839
56125.816000,6288,10,221.798942,1940.740741,169.544995,1483.518706
56146.516000,722,7,25.467372,222.839506,19.467476,170.340411
56147.613000,3186,12,112.380952,983.333333,85.904954,751.668352
56147.979000,1236,4,43.597884,381.481481,33.326593,291.607685
56263.671000,34,51,1.199295,10.493827,0.916751,8.021571
56277.337000,1156,2,40.776014,356.790123,31.169532,272.733401
56277.519000,1111,22,39.188713,342.901235,29.956185,262.116616
56329.815000,1249,13,44.056437,385.493827,33.677115,294.674756
56331.593000,774,2,27.301587,238.888889,20.869565,182.608696
56377.846000,459,3,16.190476,141.666667,12.376138,108.291203
56400.249000,3954,19,139.470899,1220.370370,106.612740,932.861476
56400.328000,1319,9,46.525573,407.098765,35.564543,311.189754
56509.368000,38,6,1.340388,11.728395,1.024604,8.965285
56582.021000,2527,29,89.135802,779.938272,68.136164,596.191439
56624.411000,2151,3,75.873016,663.888889,57.997978,507.482305
56657.149000,1236,4,43.597884,381.481481,33.326593,291.607685
56658.106000,2264,17,79.858907,698.765432,61.044826,534.142231
56658.478000,722,8,25.467372,222.839506,19.467476,170.340411
56661.456000,1319,9,46.525573,407.098765,35.564543,311.189754
56662.535000,4331,1,152.768959,1336.728395,116.777890,1021.806539
56780.784000,3302,2,116.472663,1019.135802,89.032693,779.036063
56827.759000,23,43,0.811287,7.098765,0.620155,5.426357
56828.594000,1058,1,37.319224,326.543210,28.527132,249.612403
56896.826000,3458,4,121.975309,1067.283951,93.238962,815.840917
57026.492000,1111,33,39.188713,342.901235,29.956185,262.116616
57027.628000,1155,9,40.740741,356.481481,31.142568,272.497472
57078.925000,1249,6,44.056437,385.493827,33.677115,294.674756
57143.570000,1320,4,46.560847,407.407407,35.591507,311.425683
57143.724000,3954,75,139.470899,1220.370370,106.612740,932.861476
57263.294000,1404,15,49.523810,433.333333,37.856421,331.243680
57328.852000,1060,1,37.389771,327.160494,28.581058,250.084260
57329.389000,2078,12,73.298060,641.358025,56.029660,490.259521
57378.051000,2455,68,86.596120,757.716049,66.194810,579.204584
57397.250000,3458,4,121.975309,1067.283951,93.238962,815.840917
57397.770000,4331,1,152.768959,1336.728395,116.777890,1021.806539
57398.398000,977,1,34.462081,301.543210,26.343108,230.502191
57512.976000,38,100,1.340388,11.728395,1.024604,8.965285
57513.792000,733,16,25.855379,226.234568,19.764071,172.935625
57529.562000,1153,3,40.670194,355.864198,31.088642,272.025615
57576.335000,1765,4,62.257496,544.753086,47.590158,416.413886
57661.774000,1932,3,68.148148,596.296296,52.093023,455.813953
57663.715000,1320,19,46.560847,407.407407,35.591507,311.425683
57762.564000,42,20,1.481481,12.962963,1.132457,9.908999
57778.090000,3771,7,133.015873,1163.888889,101.678463,889.686552
57824.716000,1365,4,48.148148,421.296296,36.804853,322.042467
57825.729000,2374,7,83.738977,732.716049,64.010785,560.094371
57891.631000,1932,6,68.148148,596.296296,52.093023,455.813953
58078.740000,1766,1,62.292769,545.061728,47.617122,416.649815
58079.292000,4861,12,171.463845,1500.308642,131.068419,1146.848669
58123.309000,2598,1,91.640212,801.851852,70.050556,612.942366
58149.966000,1931,6,68.112875,595.987654,52.066060,455.578025
58249.789000,263,1,9.276896,81.172840,7.091338,62.049208
58253.180000,1970,9,69.488536,608.024691,53.117627,464.779238
58260.218000,1918,9,67.654321,591.975309,51.715538,452.510954
58263.061000,2653,3,93.580247,818.827160,71.533536,625.918436
58278.681000,2543,2,89.700176,784.876543,68.567577,599.966296
58330.804000,4272,14,150.687831,1318.518519,115.187058,1007.886754
58331.218000,7616,8,268.641975,2350.617284,205.352208,1796.831817
58378.165000,7627,33,269.029982,2354.012346,205.648804,1799.427031
58394.676000,291,11,10.264550,89.814815,7.846309,68.655207
58496.012000,6985,26,246.384480,2155.864198,188.338389,1647.960903
58574.189000,2249,72,79.329806,694.135802,60.640377,530.603303
58629.729000,339,24,11.957672,104.629630,9.140546,79.979778
58760.414000,1920,1,67.724868,592.592593,51.769464,452.982811
58764.240000,2662,3,93.897707,821.604938,71.776205,628.041793
58784.520000,3301,36,116.437390,1018.827160,89.005730,778.800135
58785.910000,138,15,4.867725,42.592593,3.720930,32.558140
58880.397000,2599,1,91.675485,802.160494,70.077519,613.178295
58897.692000,1931,8,68.112875,595.987654,52.066060,455.578025
58897.860000,4360,3,153.791887,1345.679012,117.559825,1028.648466
59013.694000,1920,5,67.724868,592.592593,51.769464,452.982811
59015.264000,43,19,1.516755,13.271605,1.159420,10.144928
59149.593000,979,107,34.532628,302.160494,26.397034,230.974048
59259.531000,734,18,25.890653,226.543210,19.791035,173.171554
59376.459000,7679,1,270.864198,2370.061728,207.050893,1811.695315
59392.907000,983,7,34.673721,303.395062,26.504887,231.917762
59510.709000,1918,9,67.654321,591.975309,51.715538,452.510954
59534.623000,3772,9,133.051146,1164.197531,101.705426,889.922481
59538.138000,137,18,4.832451,42.283951,3.693967,32.322211
59649.595000,4332,8,152.804233,1337.037037,116.804853,1022.042467
59758.027000,733,16,25.855379,226.234568,19.764071,172.935625
59781.569000,1113,28,39.259259,343.518519,30.010111,262.588473
59824.466000,3898,11,137.495591,1203.086420,105.102797,919.649478
59894.067000,1932,3,68.148148,596.296296,52.093023,455.813953
59895.120000,3461,68,122.081129,1068.209877,93.319852,816.548702
60009.405000,1920,5,67.724868,592.592593,51.769464,452.982811
60077.155000,2528,12,89.171076,780.246914,68.163128,596.427368
60132.200000,4065,33,143.386243,1254.629630,109.605662,959.049545
60260.410000,1920,5,67.724868,592.592593,51.769464,452.982811
60263.768000,2543,2,89.700176,784.876543,68.567577,599.966296
60278.833000,1114,27,39.294533,343.827160,30.037074,262.824402
60395.518000,4163,3,146.843034,1284.876543,112.248062,982.170543
60396.191000,3187,8,112.416226,983.641975,85.931918,751.904280
60397.625000,1932,7,68.148148,596.296296,52.093023,455.813953
60495.910000,419,9,14.779541,129.320988,11.297607,98.854061
60508.743000,1152,12,40.634921,355.555556,31.061678,271.789687
60530.874000,1114,16,39.294533,343.827160,30.037074,262.824402
60579.028000,4861,25,171.463845,1500.308642,131.068419,1146.848669
60579.516000,2072,1,73.086420,639.506173,55.867880,488.843950
60647.861000,3187,8,112.416226,983.641975,85.931918,751.904280
60649.264000,997,7,35.167549,307.716049,26.882373,235.220762
60649.964000,7686,35,271.111111,2372.222222,207.239636,1813.346815
60743.742000,1518,3,53.544974,468.518519,40.930233,358.139535
60758.884000,1920,5,67.724868,592.592593,51.769464,452.982811
60779.102000,3774,7,133.121693,1164.814815,101.759353,890.394338
60823.844000,696,10,24.550265,214.814815,18.766431,164.206269
60896.218000,3960,75,139.682540,1222.222222,106.774520,934.277048
61013.054000,43,15,1.516755,13.271605,1.159420,10.144928
61013.601000,1840,1,64.902998,567.901235,49.612403,434.108527
61143.950000,7336,49,258.765432,2264.197531,197.802494,1730.771823
61242.957000,1977,2,69.735450,610.185185,53.306370,466.430738
61260.840000,1841,9,64.938272,568.209877,49.639366,434.344456
61261.572000,739,6,26.067019,228.086420,19.925851,174.351196
61328.690000,1986,22,70.052910,612.962963,53.549039,468.554095
61330.507000,2072,3,73.086420,639.506173,55.867880,488.843950
61399.294000,1933,7,68.183422,596.604938,52.119987,456.049882
61575.665000,4233,36,149.312169,1306.481481,114.135490,998.685541
61644.797000,3487,22,122.998236,1076.234568,94.020897,822.682845
61645.050000,4165,10,146.913580,1285.493827,112.301989,982.642400
61646.686000,2600,7,91.710758,802.469136,70.104483,613.414223
61763.813000,742,20,26.172840,229.012346,20.006741,175.058982
61764.305000,2476,34,87.336861,764.197531,66.761038,584.159083
61764.430000,1924,18,67.865961,593.827160,51.877317,453.926525
61780.614000,1117,22,39.400353,344.753086,30.117964,263.532187
61829.359000,4861,16,171.463845,1500.308642,131.068419,1146.848669
62016.744000,45,27,1.587302,13.888889,1.213347,10.616785
62022.592000,685,18,24.162257,211.419753,18.469835,161.611055
62039.507000,3778,1,133.262787,1166.049383,101.867206,891.338052
62042.220000,1795,15,63.315697,554.012346,48.399056,423.491743
62129.411000,350,11,12.345679,108.024691,9.437142,82.574992
62143.036000,4166,9,146.948854,1285.802469,112.328952,982.878328
62260.649000,1924,18,67.865961,593.827160,51.877317,453.926525
62329.934000,4234,42,149.347443,1306.790123,114.162454,998.921469
62332.080000,1603,12,56.543210,494.753086,43.222110,378.193461
62378.195000,6287,3,221.763668,1940.432099,169.518032,1483.282777
62395.362000,1707,18,60.211640,526.851852,46.026289,402.730030
62511.453000,742,20,26.172840,229.012346,20.006741,175.058982
62630.788000,547,3,19.294533,168.827160,14.748905,129.052915
62758.343000,46,17,1.622575,14.197531,1.240310,10.852713
62894.901000,1237,3,43.633157,381.790123,33.353556,291.843613
62895.571000,3461,81,122.081129,1068.209877,93.319852,816.548702
63030.634000,7686,3,271.111111,2372.222222,207.239636,1813.346815
63082.893000,669,36,23.597884,206.481481,18.038423,157.836198
63124.169000,5392,3,190.194004,1664.197531,145.385912,1272.126727
63145.802000,4363,14,153.897707,1346.604938,117.640715,1029.356252
63283.975000,1117,16,39.400353,344.753086,30.117964,263.532187
63286.313000,1398,11,49.312169,431.481481,37.694641,329.828109
63330.255000,4234,35,149.347443,1306.790123,114.162454,998.921469
63335.195000,215,18,7.583774,66.358025,5.797101,50.724638
63373.957000,344,31,12.134039,106.172840,9.275362,81.159420
63392.582000,3596,8,126.843034,1109.876543,96.959892,848.399056
63513.172000,2077,13,73.262787,641.049383,56.002696,490.023593
63518.684000,3470,2,122.398589,1070.987654,93.562521,818.672059
63529.027000,2239,6,78.977072,691.049383,60.370745,528.244018
63579.256000,669,25,23.597884,206.481481,18.038423,157.836198
63579.443000,1059,12,37.354497,326.851852,28.554095,249.848332
63579.536000,4234,6,149.347443,1306.790123,114.162454,998.921469
63750.982000,2607,3,91.957672,804.629630,70.293225,615.065723
63761.344000,1926,1,67.936508,594.444444,51.931244,454.398382
63782.189000,2828,3,99.753086,872.839506,76.252107,667.205932
63827.093000,4447,187,156.860670,1372.530864,119.905629,1049.174250
63828.035000,670,13,23.633157,206.790123,18.065386,158.072127
63871.624000,6288,3,221.798942,1940.740741,169.544995,1483.518706
63871.927000,1915,13,67.548501,591.049383,51.634648,451.803168
63894.551000,294,13,10.370370,90.740741,7.927199,69.362993
64011.922000,1192,7,42.045855,367.901235,32.140209,281.226828
64012.201000,1926,12,67.936508,594.444444,51.931244,454.398382
64018.390000,685,36,24.162257,211.419753,18.469835,161.611055
64030.046000,2404,16,84.797178,741.975309,64.819683,567.172228
64077.363000,4234,1,149.347443,1306.790123,114.162454,998.921469
64078.889000,462,2,16.296296,142.592593,12.457027,108.998989
64120.898000,801,1,28.253968,247.222222,21.597573,188.978766
64266.300000,744,1,26.243386,229.629630,20.060667,175.530839
64274.164000,2661,18,93.862434,821.296296,71.749242,627.805865
64283.661000,401,10,14.144621,123.765432,10.812268,94.607347
64284.070000,1117,24,39.400353,344.753086,30.117964,263.532187
64322.753000,230,3,8.112875,70.987654,6.201550,54.263566
64373.452000,1917,1,67.619048,591.666667,51.688574,452.275025
64397.700000,2801,9,98.800705,864.506173,75.524098,660.835861
64400.883000,2601,61,91.746032,802.777778,70.131446,613.650152
64507.568000,1188,43,41.904762,366.666667,32.032356,280.283114
64621.904000,1917,15,67.619048,591.666667,51.688574,452.275025
64779.755000,1398,8,49.312169,431.481481,37.694641,329.828109
64826.061000,4450,8,156.966490,1373.456790,119.986518,1049.882036
64826.221000,4234,38,149.347443,1306.790123,114.162454,998.921469
64827.864000,7654,2,269.982363,2362.345679,206.376812,1805.797101
64895.192000,2601,6,91.746032,802.777778,70.131446,613.650152
64997.026000,1418,14,50.017637,437.654321,38.233906,334.546680
65121.177000,2648,5,93.403880,817.283951,71.398719,624.738793
65146.248000,4485,7,158.201058,1384.259259,120.930233,1058.139535
65146.721000,4167,5,146.984127,1286.111111,112.355915,983.114257
65249.361000,1470,3,51.851852,453.703704,39.635996,346.814965
65279.031000,2338,3,82.469136,721.604938,63.040108,551.600944
65279.618000,7686,2,271.111111,2372.222222,207.239636,1813.346815
65330.014000,4235,34,149.382716,1307.098765,114.189417,999.157398
65331.177000,463,10,16.331570,142.901235,12.483991,109.234917
65332.686000,7654,21,269.982363,2362.345679,206.376812,1805.797101
65396.931000,1089,2,38.412698,336.111111,29.362993,256.926188
65397.139000,3497,18,123.350970,1079.320988,94.290529,825.042130
65528.817000,403,3,14.215168,124.382716,10.866195,95.079205
65579.168000,673,17,23.738977,207.716049,18.146276,158.779912
65580.876000,1766,2,62.292769,545.061728,47.617122,416.649815
65647.960000,2802,1,98.835979,864.814815,75.551062,661.071790
65648.847000,622,165,21.940035,191.975309,16.771149,146.747556
65763.063000,747,14,26.349206,230.555556,20.141557,176.238625
65767.696000,2662,3,93.897707,821.604938,71.776205,628.041793
65768.179000,446,13,15.731922,137.654321,12.025615,105.224132
65779.810000,440,9,15.520282,135.802469,11.863836,103.808561
65834.349000,4235,20,149.382716,1307.098765,114.189417,999.157398
65836.808000,1765,3,62.257496,544.753086,47.590158,416.413886
65874.482000,3883,10,136.966490,1198.456790,104.698349,916.110549
65893.969000,4168,4,147.019400,1286.419753,112.382878,983.350185
65895.027000,1881,74,66.349206,580.555556,50.717897,443.781598
65997.944000,154,55,5.432099,47.530864,4.152342,36.332996
66014.064000,746,7,26.313933,230.246914,20.114594,176.002696
66077.898000,4449,37,156.931217,1373.148148,119.959555,1049.646107
66282.400000,3284,3,115.837743,1013.580247,88.547354,774.789350
66283.893000,2854,6,100.670194,880.864198,76.953151,673.340074
66325.102000,4235,10,149.382716,1307.098765,114.189417,999.157398
66325.399000,673,18,23.738977,207.716049,18.146276,158.779912
66378.595000,1559,4,54.991182,481.172840,42.035726,367.812605
66380.543000,2688,70,94.814815,829.629630,72.477250,634.175935
66516.982000,2176,237,76.754850,671.604938,58.672059,513.380519
66578.254000,1766,3,62.292769,545.061728,47.617122,416.649815
66632.723000,2448,72,86.349206,755.555556,66.006067,577.553084
66649.011000,2803,16,98.871252,865.123457,75.578025,661.307718
66649.518000,622,163,21.940035,191.975309,16.771149,146.747556
66652.054000,1629,9,57.460317,502.777778,43.923155,384.327604
66763.116000,1186,46,41.834215,366.049383,31.978429,279.811257
66828.551000,4235,12,149.382716,1307.098765,114.189417,999.157398
66829.632000,181,2,6.384480,55.864198,4.880351,42.703067
66829.811000,4450,8,156.966490,1373.456790,119.986518,1049.882036
66831.988000,1766,1,62.292769,545.061728,47.617122,416.649815
66832.619000,1766,1,62.292769,545.061728,47.617122,416.649815
67015.555000,1916,82,67.583774,591.358025,51.661611,452.039097
67084.638000,1766,1,62.292769,545.061728,47.617122,416.649815
67132.495000,2691,12,94.920635,830.555556,72.558140,634.883721
67151.781000,623,12,21.975309,192.283951,16.798113,146.983485
67153.000000,4168,4,147.019400,1286.419753,112.382878,983.350185
67156.672000,1629,4,57.460317,502.777778,43.923155,384.327604
67250.538000,2544,6,89.735450,785.185185,68.594540,600.202224
67253.767000,2077,12,73.262787,641.049383,56.002696,490.023593
67266.687000,747,15,26.349206,230.555556,20.141557,176.238625
67267.146000,1406,1,49.594356,433.950617,37.910347,331.715538
67282.215000,1121,18,39.541446,345.987654,30.225817,264.475902
67327.582000,4235,36,149.382716,1307.098765,114.189417,999.157398
67328.101000,181,2,6.384480,55.864198,4.880351,42.703067
67328.973000,4450,16,156.966490,1373.456790,119.986518,1049.882036
67403.455000,972,21,34.285714,300.000000,26.208291,229.322548
67404.208000,624,11,22.010582,192.592593,16.825076,147.219414
67407.076000,2855,7,100.705467,881.172840,76.980115,673.576003
67408.214000,1630,14,57.495591,503.086420,43.950118,384.563532
67518.009000,501,13,17.671958,154.629630,13.508595,118.200202
67527.204000,2176,228,76.754850,671.604938,58.672059,513.380519
67580.428000,1767,5,62.328042,545.370370,47.644085,416.885743
67650.797000,2855,6,100.705467,881.172840,76.980115,673.576003
67763.233000,1406,4,49.594356,433.950617,37.910347,331.715538
67764.017000,46,20,1.622575,14.197531,1.240310,10.852713
67770.289000,2764,34,97.495591,853.086420,74.526458,652.106505
67782.423000,1123,12,39.611993,346.604938,30.279744,264.947759
67829.104000,4235,33,149.382716,1307.098765,114.189417,999.157398
67829.701000,1405,1,49.559083,433.641975,37.883384,331.479609
67832.370000,2376,6,83.809524,733.333333,64.064712,560.566229
67897.821000,2068,12,72.945326,638.271605,55.760027,487.900236
67898.613000,999,6,35.238095,308.333333,26.936299,235.692619
67898.717000,2600,5,91.710758,802.469136,70.104483,613.414223
67899.189000,2855,1,100.705467,881.172840,76.980115,673.576003
68008.490000,1406,4,49.594356,433.950617,37.910347,331.715538
68014.801000,1784,14,62.927690,550.617284,48.102460,420.896528
68031.887000,2712,1,95.661376,837.037037,73.124368,639.838220
68034.290000,2837,1,100.070547,875.617284,76.494776,669.329289
68244.561000,4269,2,150.582011,1317.592593,115.106168,1007.178969
68325.866000,4451,7,157.001764,1373.765432,120.013482,1050.117964
68393.594000,2601,3,91.746032,802.777778,70.131446,613.650152
68394.700000,2855,9,100.705467,881.172840,76.980115,673.576003
68530.454000,1123,12,39.611993,346.604938,30.279744,264.947759
68531.035000,2244,4,79.153439,692.592593,60.505561,529.423660
68582.089000,4391,1,154.885362,1355.246914,118.395686,1035.962251
68644.790000,3189,6,112.486772,984.259259,85.985844,752.376138
68646.110000,5985,1,211.111111,1847.222222,161.375126,1412.032356
68757.412000,504,5,17.777778,155.555556,13.589484,118.907988
68827.452000,7311,15,257.883598,2256.481481,197.128413,1724.873610
68904.263000,2856,8,100.740741,881.481481,77.007078,673.811931
68904.809000,1293,3,45.608466,399.074074,34.863498,305.055612
69009.037000,748,3,26.384480,230.864198,20.168520,176.474553
69013.870000,3459,2,122.010582,1067.592593,93.265925,816.076845
69127.407000,1504,68,53.051146,464.197531,40.552747,354.836535
69150.311000,3189,6,112.486772,984.259259,85.985844,752.376138
69150.615000,627,49,22.116402,193.518519,16.905966,147.927199
69153.386000,997,7,35.167549,307.716049,26.882373,235.220762
69153.603000,2856,1,100.740741,881.481481,77.007078,673.811931
69285.989000,7685,1,271.075838,2371.913580,207.212673,1813.110886
69394.722000,627,3,22.116402,193.518519,16.905966,147.927199
69396.139000,997,1,35.167549,307.716049,26.882373,235.220762
69529.999000,826,27,29.135802,254.938272,22.271655,194.876980
69578.829000,247,19,8.712522,76.234568,6.659926,58.274351
69642.682000,2857,7,100.776014,881.790123,77.034041,674.047860
69767.520000,2646,30,93.333333,816.666667,71.344793,624.266936
70014.471000,2255,30,79.541446,695.987654,60.802157,532.018874
70075.749000,4450,16,156.966490,1373.456790,119.986518,1049.882036
70146.213000,628,1,22.151675,193.827160,16.932929,148.163128
70148.409000,2857,1,100.776014,881.790123,77.034041,674.047860
70393.293000,628,7,22.151675,193.827160,16.932929,148.163128
70394.293000,2857,7,100.776014,881.790123,77.034041,674.047860
70506.793000,46,24,1.622575,14.197531,1.240310,10.852713
70507.881000,1406,4,49.594356,433.950617,37.910347,331.715538
70748.086000,1615,1,56.966490,498.456790,43.545669,381.024604
70779.907000,2421,1,85.396825,747.222222,65.278059,571.183013
70877.159000,1880,3,66.313933,580.246914,50.690934,443.545669
70878.930000,2691,13,94.920635,830.555556,72.558140,634.883721
70895.057000,629,6,22.186949,194.135802,16.959892,148.399056
70896.886000,2858,6,100.811287,882.098765,77.061004,674.283788
70896.952000,592,9,20.881834,182.716049,15.962251,139.669700
70996.990000,36,4,1.269841,11.111111,0.970677,8.493428
71008.328000,50,22,1.763668,15.432099,1.348163,11.796427
71031.765000,1154,3,40.705467,356.172840,31.115605,272.261544
71032.250000,3626,12,127.901235,1119.135802,97.768790,855.476913
71080.448000,4391,1,154.885362,1355.246914,118.395686,1035.962251
71081.358000,4301,9,151.710758,1327.469136,115.968992,1014.728682
71081.552000,4451,10,157.001764,1373.765432,120.013482,1050.117964
71144.537000,5988,5,211.216931,1848.148148,161.456016,1412.740142
71245.181000,606,7,21.375661,187.037037,16.339737,142.972700
71328.555000,7618,12,268.712522,2351.234568,205.406134,1797.303674
71328.971000,1365,25,48.148148,421.296296,36.804853,322.042467
71329.497000,247,17,8.712522,76.234568,6.659926,58.274351
71330.464000,4391,1,154.885362,1355.246914,118.395686,1035.962251
71500.584000,159,21,5.608466,49.074074,4.287159,37.512639
71500.802000,607,6,21.410935,187.345679,16.366700,143.208628
71584.688000,1061,21,37.425044,327.469136,28.608022,250.320189
71584.970000,23,2,0.811287,7.098765,0.620155,5.426357
71588.378000,638,1,22.504409,196.913580,17.202562,150.522413
71589.581000,1728,7,60.952381,533.333333,46.592518,407.684530
71643.031000,2696,3,95.097002,832.098765,72.692956,636.063364
71762.200000,2625,19,92.592593,810.185185,70.778564,619.312437
71826.444000,4451,18,157.001764,1373.765432,120.013482,1050.117964
71828.678000,636,44,22.433862,196.296296,17.148635,150.050556
71898.202000,949,3,33.474427,292.901235,25.588136,223.896191
71900.151000,5990,15,211.287478,1848.765432,161.509943,1413.211999
72078.376000,7638,13,269.417989,2357.407407,205.945399,1802.022245
72080.382000,1728,14,60.952381,533.333333,46.592518,407.684530
72124.748000,2691,13,94.920635,830.555556,72.558140,634.883721
72143.522000,948,4,33.439153,292.592593,25.561173,223.660263
72247.566000,175,15,6.172840,54.012346,4.718571,41.287496
72256.787000,54,16,1.904762,16.666667,1.456016,12.740142
72262.627000,2627,7,92.663139,810.802469,70.832491,619.784294
72325.681000,2124,6,74.920635,655.555556,57.269970,501.112235
72392.921000,946,6,33.368607,291.975309,25.507246,223.188406
72581.582000,25,6,0.881834,7.716049,0.674082,5.898214
72825.812000,1516,3,53.474427,467.901235,40.876306,357.667678
72826.097000,25,5,0.881834,7.716049,0.674082,5.898214
73008.958000,2029,2,71.569665,626.234568,54.708460,478.699023
73077.669000,24,14,0.846561,7.407407,0.647118,5.662285
73130.728000,2691,13,94.920635,830.555556,72.558140,634.883721
73144.736000,946,7,33.368607,291.975309,25.507246,223.188406
73248.414000,1425,13,50.264550,439.814815,38.422649,336.198180
73325.744000,2372,1,83.668430,732.098765,63.956859,559.622514
73400.632000,1021,21,36.014109,315.123457,27.529491,240.883047
73404.804000,998,24,35.202822,308.024691,26.909336,235.456690
73405.336000,1159,21,40.881834,357.716049,31.250421,273.441186
73511.355000,2029,2,71.569665,626.234568,54.708460,478.699023
73511.884000,2654,1,93.615520,819.135802,71.560499,626.154365
73528.119000,1157,18,40.811287,357.098765,31.196495,272.969329
73530.404000,573,7,20.211640,176.851852,15.449949,135.187058
73582.861000,1521,4,53.650794,469.444444,41.011122,358.847321
73583.581000,4451,7,157.001764,1373.765432,120.013482,1050.117964
73584.040000,2775,9,97.883598,856.481481,74.823054,654.701719
73586.800000,2124,6,74.920635,655.555556,57.269970,501.112235
73587.105000,2074,2,73.156966,640.123457,55.921807,489.315807
73645.286000,944,40,33.298060,291.358025,25.453320,222.716549
73646.967000,595,1,20.987654,183.641975,16.043141,140.377486
73824.440000,25,33,0.881834,7.716049,0.674082,5.898214
73994.650000,161,19,5.679012,49.691358,4.341085,37.984496
74013.218000,355,3,12.522046,109.567901,9.571958,83.754634
74080.270000,1011,15,35.661376,312.037037,27.259858,238.523761
74126.192000,2600,104,91.710758,802.469136,70.104483,613.414223
74144.706000,595,7,20.987654,183.641975,16.043141,140.377486
74258.263000,508,340,17.918871,156.790123,13.697337,119.851702
74262.432000,659,1,23.245150,203.395062,17.768790,155.476913
74393.249000,630,5,22.222222,194.444444,16.986855,148.634985
74394.196000,596,4,21.022928,183.950617,16.070104,140.613414
74497.481000,496,3,17.495591,153.086420,13.373778,117.020559
74509.517000,2653,2,93.580247,818.827160,71.533536,625.918436
74763.286000,659,6,23.245150,203.395062,17.768790,155.476913
74764.622000,355,3,12.522046,109.567901,9.571958,83.754634
74765.367000,660,3,23.280423,203.703704,17.795753,155.712841
74823.962000,4451,16,157.001764,1373.765432,120.013482,1050.117964
74881.364000,2692,11,94.955908,830.864198,72.585103,635.119649
74894.291000,284,2,10.017637,87.654321,7.657567,67.003707
74895.794000,3976,8,140.246914,1227.160494,107.205932,938.051904
75003.402000,161,10,5.679012,49.691358,4.341085,37.984496
75018.913000,2653,2,93.580247,818.827160,71.533536,625.918436
75019.040000,703,112,24.797178,216.975309,18.955174,165.857769
75027.905000,2959,1,104.373898,913.271605,79.784294,698.112572
75029.615000,7684,1,271.040564,2371.604938,207.185709,1812.874958
75030.283000,1858,17,65.537919,573.456790,50.097742,438.355241
75075.675000,1982,1,69.911817,611.728395,53.441186,467.610381
75077.348000,2380,7,83.950617,734.567901,64.172565,561.509943
75125.106000,4084,12,144.056437,1260.493827,110.117964,963.532187
75142.075000,596,4,21.022928,183.950617,16.070104,140.613414
75258.813000,2596,25,91.569665,801.234568,69.996630,612.470509
75264.239000,660,16,23.280423,203.703704,17.795753,155.712841
75277.853000,2937,12,103.597884,906.481481,79.191102,692.922144
75331.960000,4451,22,157.001764,1373.765432,120.013482,1050.117964
75392.436000,945,5,33.333333,291.666667,25.480283,222.952477
75506.504000,54,54,1.904762,16.666667,1.456016,12.740142
75577.832000,1982,16,69.911817,611.728395,53.441186,467.610381
75579.116000,777,8,27.407407,239.814815,20.950455,183.316481
75579.894000,2075,127,73.192240,640.432099,55.948770,489.551736
75625.154000,465,1,16.402116,143.518519,12.537917,109.706775
75625.217000,7670,19,270.546737,2367.283951,206.808224,1809.571958
75748.740000,2337,347,82.433862,721.296296,63.013145,551.365015
75748.820000,2473,3,87.231041,763.271605,66.680148,583.451298
75748.990000,2807,3,99.012346,866.358025,75.685878,662.251432
75896.508000,271,20,9.559083,83.641975,7.307044,63.936636
76015.176000,2653,3,93.580247,818.827160,71.533536,625.918436
76015.331000,357,13,12.592593,110.185185,9.625885,84.226491
76081.289000,5448,13,192.169312,1681.481481,146.895854,1285.338726
76081.590000,1983,1,69.947090,612.037037,53.468150,467.846309
76085.278000,777,8,27.407407,239.814815,20.950455,183.316481
76257.887000,58,53,2.045855,17.901235,1.563869,13.683856
76263.319000,3459,2,122.010582,1067.592593,93.265925,816.076845
76326.636000,4451,1,157.001764,1373.765432,120.013482,1050.117964
76328.289000,2126,6,74.991182,656.172840,57.323896,501.584092
76328.532000,158,1,5.573192,48.765432,4.260195,37.276710
76377.852000,326,16,11.499118,100.617284,8.790024,76.912706
76396.698000,285,2,10.052910,87.962963,7.684530,67.239636
76495.729000,2475,18,87.301587,763.888889,66.734075,583.923155
76507.593000,509,47,17.954145,157.098765,13.724301,120.087631
76512.640000,671,5,23.668430,207.098765,18.092349,158.308055
76513.058000,2629,1,92.733686,811.419753,70.886417,620.256151
76574.372000,1983,15,69.947090,612.037037,53.468150,467.846309
76628.428000,7670,90,270.546737,2367.283951,206.808224,1809.571958
76646.433000,285,1,10.052910,87.962963,7.684530,67.239636
76647.000000,2801,162,98.800705,864.506173,75.524098,660.835861
76777.446000,3438,7,121.269841,1061.111111,92.699697,811.122346
76826.140000,777,8,27.407407,239.814815,20.950455,183.316481
76893.341000,285,1,10.052910,87.962963,7.684530,67.239636
77009.650000,2012,8,70.970018,620.987654,54.250084,474.688237
77027.802000,2939,1,103.668430,907.098765,79.245029,693.394001
77073.011000,1956,15,68.994709,603.703704,52.740142,461.476239
77073.202000,4264,40,150.405644,1316.049383,114.971352,1005.999326
77075.914000,221,13,7.795414,68.209877,5.958881,52.140209
77128.730000,465,420,16.402116,143.518519,12.537917,109.706775
77147.303000,2217,15,78.201058,684.259259,59.777553,523.053589
77147.429000,284,2,10.017637,87.654321,7.657567,67.003707
77276.810000,2939,1,103.668430,907.098765,79.245029,693.394001
77394.318000,284,5,10.017637,87.654321,7.657567,67.003707
77495.790000,2340,1,82.539683,722.222222,63.094034,552.072801
77507.562000,511,12,18.024691,157.716049,13.778227,120.559488
77572.988000,2018,8,71.181658,622.839506,54.411864,476.103809
77573.708000,4447,34,156.860670,1372.530864,119.905629,1049.174250
77626.548000,4087,19,144.162257,1261.419753,110.198854,964.239973
77647.375000,2446,82,86.278660,754.938272,65.952140,577.081227
77647.727000,3168,18,111.746032,977.777778,85.419616,747.421638
77777.742000,2939,16,103.668430,907.098765,79.245029,693.394001
77821.976000,777,8,27.407407,239.814815,20.950455,183.316481
77823.066000,156,1,5.502646,48.148148,4.206269,36.804853
77823.976000,5042,97,177.848325,1556.172840,135.948770,1189.551736
77881.203000,7685,55,271.075838,2371.913580,207.212673,1813.110886
77896.924000,635,148,22.398589,195.987654,17.121672,149.814628
77899.363000,1004,7,35.414462,309.876543,27.071116,236.872262
77997.484000,3678,4,129.735450,1135.185185,99.170880,867.745197
78008.115000,62,14,2.186949,19.135802,1.671722,14.627570
78013.304000,673,3,23.738977,207.716049,18.146276,158.779912
78029.664000,3235,4,114.109347,998.456790,87.226154,763.228851
78030.175000,2802,3,98.835979,864.814815,75.551062,661.071790
78126.531000,7684,16,271.040564,2371.604938,207.185709,1812.874958
78143.893000,4169,3,147.054674,1286.728395,112.409842,983.586114
78257.628000,2631,6,92.804233,812.037037,70.940344,620.728008
78277.347000,4335,3,152.910053,1337.962963,116.885743,1022.750253
78279.917000,7684,10,271.040564,2371.604938,207.185709,1812.874958
78323.538000,2016,15,71.111111,622.222222,54.357937,475.631951
78323.854000,4266,38,150.476190,1316.666667,115.025278,1006.471183
78326.667000,778,7,27.442681,240.123457,20.977418,183.552410
78506.816000,63,3,2.222222,19.444444,1.698686,14.863498
78515.019000,357,14,12.592593,110.185185,9.625885,84.226491
78528.454000,2940,35,103.703704,907.407407,79.271992,693.629929
78757.185000,63,10,2.222222,19.444444,1.698686,14.863498
78761.362000,673,3,23.738977,207.716049,18.146276,158.779912
78824.476000,1606,1,56.649030,495.679012,43.303000,378.901247
79007.957000,511,6,18.024691,157.716049,13.778227,120.559488
79012.614000,355,3,12.522046,109.567901,9.571958,83.754634
79027.536000,2803,2,98.871252,865.123457,75.578025,661.307718
79072.392000,2847,9,100.423280,878.703704,76.764408,671.688574
79074.447000,4449,109,156.931217,1373.148148,119.959555,1049.646107
79243.960000,2339,1,82.504409,721.913580,63.067071,551.836872
79256.687000,2557,3,90.194004,789.197531,68.945062,603.269296
79261.484000,673,3,23.738977,207.716049,18.146276,158.779912
79623.907000,7170,36,252.910053,2212.962963,193.326593,1691.607685
79776.914000,1530,12,53.968254,472.222222,41.253792,360.970677
79894.700000,947,1,33.403880,292.283951,25.534210,223.424334
80007.831000,62,17,2.186949,19.135802,1.671722,14.627570
80012.254000,2134,21,75.273369,658.641975,57.539602,503.471520
80072.285000,221,11,7.795414,68.209877,5.958881,52.140209
80147.086000,947,6,33.403880,292.283951,25.534210,223.424334
80148.051000,947,5,33.403880,292.283951,25.534210,223.424334
80253.768000,161,15,5.679012,49.691358,4.341085,37.984496
80323.303000,220,13,7.760141,67.901235,5.931918,51.904280
80377.935000,4423,1,156.014109,1365.123457,119.258510,1043.511965
80379.154000,327,23,11.534392,100.925926,8.816987,77.148635
80379.496000,7170,58,252.910053,2212.962963,193.326593,1691.607685
80396.851000,947,1,33.403880,292.283951,25.534210,223.424334
80510.223000,673,3,23.738977,207.716049,18.146276,158.779912
80510.723000,952,20,33.580247,293.827160,25.669026,224.603977
80531.781000,1305,16,46.031746,402.777778,35.187058,307.886754
80644.831000,947,13,33.403880,292.283951,25.534210,223.424334
80645.673000,1707,13,60.211640,526.851852,46.026289,402.730030
80646.108000,1004,4,35.414462,309.876543,27.071116,236.872262
80778.593000,1162,60,40.987654,358.641975,31.331311,274.148972
80893.915000,948,12,33.439153,292.592593,25.561173,223.660263
81007.768000,3625,3,127.865961,1118.827160,97.741827,855.240984
81011.642000,2555,14,90.123457,788.580247,68.891136,602.797438
81123.330000,4424,8,156.049383,1365.432099,119.285474,1043.747893
81143.135000,597,9,21.058201,184.259259,16.097068,140.849343
81323.681000,219,10,7.724868,67.592593,5.904954,51.668352
81508.743000,2939,47,103.668430,907.098765,79.245029,693.394001
81528.255000,1531,35,54.003527,472.530864,41.280755,361.206606
81574.128000,3902,1,137.636684,1204.320988,105.210650,920.593192
81574.628000,2016,3,71.111111,622.222222,54.357937,475.631951
81575.214000,4450,11,156.966490,1373.456790,119.986518,1049.882036
81776.961000,1531,4,54.003527,472.530864,41.280755,361.206606
81821.904000,5465,11,192.768959,1686.728395,147.354230,1289.349511
81873.461000,4424,8,156.049383,1365.432099,119.285474,1043.747893
81896.140000,1708,1,60.246914,527.160494,46.053252,402.965959
82007.367000,2560,3,90.299824,790.123457,69.025952,603.977081
82032.730000,1532,5,54.038801,472.839506,41.307718,361.442535
82125.350000,1527,13,53.862434,471.296296,41.172902,360.262892
82144.862000,1630,14,57.495591,503.086420,43.950118,384.563532
82278.304000,1300,75,45.855379,401.234568,35.052241,306.707112
82322.350000,2099,2,74.038801,647.839506,56.595888,495.214021
82396.457000,1005,3,35.449735,310.185185,27.098079,237.108190
82507.324000,2561,2,90.335097,790.432099,69.052915,604.213010
82526.771000,2419,2,85.326279,746.604938,65.224132,570.711156
82527.358000,1533,9,54.074074,473.148148,41.334681,361.678463
82647.049000,1708,58,60.246914,527.160494,46.053252,402.965959
82647.891000,3116,45,109.911817,961.728395,84.017526,735.153354
82756.758000,2939,47,103.668430,907.098765,79.245029,693.394001
82877.150000,327,21,11.534392,100.925926,8.816987,77.148635
83148.067000,1631,15,57.530864,503.395062,43.977081,384.799461
83148.951000,3116,9,109.911817,961.728395,84.017526,735.153354
83243.554000,1010,6,35.626102,311.728395,27.232895,238.287833
83246.081000,7677,9,270.793651,2369.444444,206.996967,1811.223458
83531.632000,2420,4,85.361552,746.913580,65.251095,570.947085
83532.501000,1534,6,54.109347,473.456790,41.361645,361.914392
83534.426000,1214,11,42.821869,374.691358,32.733401,286.417256
83572.177000,4452,67,157.037037,1374.074074,120.040445,1050.353893
83628.180000,1528,10,53.897707,471.604938,41.199865,360.498820
83743.464000,3676,5,129.664903,1134.567901,99.116953,867.273340
83779.101000,1534,1,54.109347,473.456790,41.361645,361.914392
83822.386000,2867,9,101.128748,884.876543,77.303674,676.407145
83875.028000,3047,37,107.477954,940.432099,82.157061,718.874284
83993.175000,958,11,33.791887,295.679012,25.830806,226.019548
84006.943000,65,25,2.292769,20.061728,1.752612,15.335356
84007.986000,511,77,18.024691,157.716049,13.778227,120.559488
84012.662000,2950,1,104.056437,910.493827,79.541625,695.989215
84141.221000,950,2,33.509700,293.209877,25.615099,224.132120
84279.698000,1534,8,54.109347,473.456790,41.361645,361.914392
84325.136000,2482,11,87.548501,766.049383,66.922818,585.574655
84390.355000,1083,8,38.201058,334.259259,29.201213,255.510617
84493.275000,3636,9,128.253968,1122.222222,98.038423,857.836198
84506.619000,511,14,18.024691,157.716049,13.778227,120.559488
84507.994000,69,16,2.433862,21.296296,1.860465,16.279070
84573.430000,2716,9,95.802469,838.271605,73.232221,640.781935
84574.517000,26,32,0.917108,8.024691,0.701045,6.134142
84638.989000,3047,85,107.477954,940.432099,82.157061,718.874284
84747.469000,3677,2,129.700176,1134.876543,99.143916,867.509269
84761.089000,439,1,15.485009,135.493827,11.836872,103.572632
84781.748000,1535,6,54.144621,473.765432,41.388608,362.150320
84783.603000,137,13,4.832451,42.283951,3.693967,32.322211
84876.610000,7673,46,270.652557,2368.209877,206.889114,1810.279744
84890.937000,3274,6,115.485009,1010.493827,88.277722,772.430064
84993.029000,1010,227,35.626102,311.728395,27.232895,238.287833
85145.199000,2451,12,86.455026,756.481481,66.086957,578.260870
85268.645000,4509,45,159.047619,1391.666667,121.577351,1063.801820
85270.334000,69,23,2.433862,21.296296,1.860465,16.279070
85278.308000,1449,1,51.111111,447.222222,39.069767,341.860465
85287.192000,958,41,33.791887,295.679012,25.830806,226.019548
85289.921000,137,15,4.832451,42.283951,3.693967,32.322211
85330.279000,2867,12,101.128748,884.876543,77.303674,676.407145
85331.407000,2718,3,95.873016,838.888889,73.286148,641.253792
85397.071000,600,1,21.164021,185.185185,16.177958,141.557128
85397.635000,1005,1,35.449735,310.185185,27.098079,237.108190
85535.421000,1536,6,54.179894,474.074074,41.415571,362.386249
85536.099000,2419,1,85.326279,746.604938,65.224132,570.711156
85536.329000,1165,13,41.093474,359.567901,31.412201,274.856758
85538.715000,7686,1,271.111111,2372.222222,207.239636,1813.346815
85539.629000,7686,7,271.111111,2372.222222,207.239636,1813.346815
85621.430000,2073,15,73.121693,639.814815,55.894843,489.079879
85644.468000,600,6,21.164021,185.185185,16.177958,141.557128
85644.585000,1006,2,35.485009,310.493827,27.125042,237.344119
85644.804000,4349,5,153.403880,1342.283951,117.263229,1026.053252
85765.025000,72,19,2.539683,22.222222,1.941355,16.986855
85765.546000,2939,60,103.668430,907.098765,79.245029,693.394001
85825.367000,2721,7,95.978836,839.814815,73.367037,641.961577
85899.707000,78,23,2.751323,24.074074,2.103134,18.402427
85901.917000,4349,4,153.403880,1342.283951,117.263229,1026.053252
85902.424000,1006,1,35.485009,310.493827,27.125042,237.344119
85992.648000,2600,1,91.710758,802.469136,70.104483,613.414223
86014.499000,2250,25,79.365079,694.444444,60.667341,530.839232
86145.233000,1006,2,35.485009,310.493827,27.125042,237.344119
86145.315000,4349,4,153.403880,1342.283951,117.263229,1026.053252
86244.580000,740,24,26.102293,228.395062,19.952814,174.587125
86249.277000,2600,29,91.710758,802.469136,70.104483,613.414223
86284.808000,1166,14,41.128748,359.876543,31.439164,275.092686
86285.506000,3783,4,133.439153,1167.592593,102.002022,892.517695
86327.563000,1163,6,41.022928,358.950617,31.358274,274.384901
86395.181000,601,3,21.199295,185.493827,16.204921,141.793057
86395.969000,4350,4,153.439153,1342.592593,117.290192,1026.289181
86396.289000,1006,2,35.485009,310.493827,27.125042,237.344119
86512.368000,4133,3,145.784832,1275.617284,111.439164,975.092686
86518.352000,2672,256,94.250441,824.691358,72.045838,630.401079
86528.949000,3009,20,106.137566,928.703704,81.132457,709.908999
86575.127000,2722,6,96.014109,840.123457,73.394001,642.197506
86577.424000,3417,1,120.529101,1054.629630,92.133468,806.167846
86622.807000,58,12,2.045855,17.901235,1.563869,13.683856
86744.880000,2854,10,100.670194,880.864198,76.953151,673.340074
86764.830000,1449,1,51.111111,447.222222,39.069767,341.860465
86765.896000,444,14,15.661376,137.037037,11.971689,104.752275
86823.320000,2016,17,71.111111,622.222222,54.357937,475.631951
86826.276000,2249,96,79.329806,694.135802,60.640377,530.603303
86899.173000,2044,14,72.098765,630.864198,55.112909,482.237951
87030.243000,3780,1,133.333333,1166.666667,101.921132,891.809909
87073.582000,32,21,1.128748,9.876543,0.862824,7.549714
87077.107000,2970,5,104.761905,916.666667,80.080890,700.707786
87122.067000,7675,15,270.723104,2368.827160,206.943040,1810.751601
87150.293000,1084,9,38.236332,334.567901,29.228177,255.746545
87279.467000,7675,1,270.723104,2368.827160,206.943040,1810.751601
87323.789000,1552,17,54.744268,479.012346,41.846983,366.161105
87395.331000,294,91,10.370370,90.740741,7.927199,69.362993
87529.024000,2125,8,74.955908,655.864198,57.296933,501.348163
87531.733000,7318,5,258.130511,2258.641975,197.317155,1726.525110
87574.884000,2249,182,79.329806,694.135802,60.640377,530.603303
87643.808000,4364,3,153.932981,1346.913580,117.667678,1029.592181
87758.546000,3009,1,106.137566,928.703704,81.132457,709.908999
87783.100000,7687,28,271.146384,2372.530864,207.266599,1813.582744
87821.982000,2973,4,104.867725,917.592593,80.161780,701.415571
87897.319000,78,24,2.751323,24.074074,2.103134,18.402427
88013.523000,72,30,2.539683,22.222222,1.941355,16.986855
88014.150000,3528,10,124.444444,1088.888889,95.126390,832.355915
88019.057000,2125,1,74.955908,655.864198,57.296933,501.348163
88072.820000,2251,3,79.400353,694.753086,60.694304,531.075160
88144.393000,599,4,21.128748,184.876543,16.150994,141.321200
88258.262000,2605,24,91.887125,804.012346,70.239299,614.593866
88322.546000,2251,3,79.400353,694.753086,60.694304,531.075160
88399.270000,2314,16,81.622575,714.197531,62.392990,545.938659
88401.317000,293,13,10.335097,90.432099,7.900236,69.127064
88402.061000,597,9,21.058201,184.259259,16.097068,140.849343
88498.589000,964,876,34.003527,297.530864,25.992585,227.435120
88500.416000,101,1,3.562610,31.172840,2.723290,23.828783
88515.532000,76,34,2.680776,23.456790,2.049208,17.930570
88531.023000,7686,30,271.111111,2372.222222,207.239636,1813.346815
88642.132000,3181,3,112.204586,981.790123,85.770138,750.488709
88780.221000,7686,1,271.111111,2372.222222,207.239636,1813.346815
88780.735000,7686,2,271.111111,2372.222222,207.239636,1813.346815
88822.197000,869,8,30.652557,268.209877,23.431075,205.021908
88822.492000,33,1,1.164021,10.185185,0.889788,7.785642
88824.085000,2252,3,79.435626,695.061728,60.721267,531.311089
88871.238000,2967,7,104.656085,915.740741,80.000000,700.000000
89009.938000,2568,21,90.582011,792.592593,69.241658,605.864510
89012.908000,1449,1,51.111111,447.222222,39.069767,341.860465
89073.530000,2721,6,95.978836,839.814815,73.367037,641.961577
89246.530000,946,27,33.368607,291.975309,25.507246,223.188406
89247.613000,7678,23,270.828924,2369.753086,207.023930,1811.459387
89322.242000,2268,3,80.000000,700.000000,61.152679,535.085945
89323.469000,35,14,1.234568,10.802469,0.943714,8.257499
89528.638000,7686,1,271.111111,2372.222222,207.239636,1813.346815
89572.519000,1168,100,41.199295,360.493827,31.493091,275.564543
89572.964000,2722,6,96.014109,840.123457,73.394001,642.197506
89621.258000,1764,9,62.222222,544.444444,47.563195,416.177958
89623.498000,7677,19,270.793651,2369.444444,206.996967,1811.223458
89644.771000,3177,19,112.063492,980.555556,85.662285,749.544995
89645.602000,2747,9,96.895944,847.839506,74.068082,648.095720
89761.433000,590,8,20.811287,182.098765,15.908325,139.197843
89822.295000,34,1,1.199295,10.493827,0.916751,8.021571
89823.182000,2269,2,80.035273,700.308642,61.179643,535.321874
89824.013000,33,2,1.164021,10.185185,0.889788,7.785642
90073.075000,2018,45,71.181658,622.839506,54.411864,476.103809
90073.356000,2269,2,80.035273,700.308642,61.179643,535.321874
90146.837000,294,15,10.370370,90.740741,7.927199,69.362993
90246.980000,1011,44,35.661376,312.037037,27.259858,238.523761
90281.164000,1171,3,41.305115,361.419753,31.573980,276.272329
90282.705000,3114,25,109.841270,961.111111,83.963600,734.681496
90321.933000,2017,14,71.146384,622.530864,54.384901,475.867880
90323.243000,2975,9,104.938272,918.209877,80.215706,701.887428
90374.857000,4437,32,156.507937,1369.444444,119.635996,1046.814965
90376.680000,433,61,15.273369,133.641975,11.675093,102.157061
90395.775000,599,11,21.128748,184.876543,16.150994,141.321200
90396.042000,4367,3,154.038801,1347.839506,117.748568,1030.299966
90397.019000,1714,7,60.458554,529.012346,46.215032,404.381530
90397.633000,600,4,21.164021,185.185185,16.177958,141.557128
90573.088000,2724,1,96.084656,840.740741,73.447927,642.669363
90778.674000,2797,5,98.659612,863.271605,75.416245,659.892147
90822.644000,2724,6,96.084656,840.740741,73.447927,642.669363
90824.526000,473,39,16.684303,145.987654,12.753623,111.594203
90872.486000,4049,77,142.821869,1249.691358,109.174250,955.274688
90875.486000,2970,6,104.761905,916.666667,80.080890,700.707786
90875.556000,7678,14,270.828924,2369.753086,207.023930,1811.459387
90895.408000,165,6,5.820106,50.925926,4.448938,38.928210
90897.158000,600,8,21.164021,185.185185,16.177958,141.557128
91011.598000,1650,9,58.201058,509.259259,44.489383,389.282103
91012.159000,97,3,3.421517,29.938272,2.615436,22.885069
91034.625000,1168,12,41.199295,360.493827,31.493091,275.564543
91036.313000,2798,4,98.694885,863.580247,75.443209,660.128075
91072.567000,2725,6,96.119929,841.049383,73.474890,642.905292
91143.815000,1086,2,38.306878,335.185185,29.282103,256.218402
91243.838000,1236,15,43.597884,381.481481,33.326593,291.607685
91246.334000,3677,2,129.700176,1134.876543,99.143916,867.509269
91277.988000,3548,10,125.149912,1095.061728,95.665656,837.074486
91372.190000,2096,3,73.932981,646.913580,56.514998,494.506235
91372.881000,327,12,11.534392,100.925926,8.816987,77.148635
91392.283000,601,11,21.199295,185.493827,16.204921,141.793057
91492.771000,3638,3,128.324515,1122.839506,98.092349,858.308055
91510.422000,99,1,3.492063,30.555556,2.669363,23.356926
91573.904000,2724,5,96.084656,840.740741,73.447927,642.669363
91621.393000,2631,1,92.804233,812.037037,70.940344,620.728008
91621.586000,2034,6,71.746032,627.777778,54.843276,479.878665
91623.722000,7679,1,270.864198,2370.061728,207.050893,1811.695315
91624.817000,7679,1,270.864198,2370.061728,207.050893,1811.695315
91761.756000,1652,7,58.271605,509.876543,44.543310,389.753960
91762.554000,99,7,3.492063,30.555556,2.669363,23.356926
91777.339000,3564,1,125.714286,1100.000000,96.097068,840.849343
91824.587000,2976,6,104.973545,918.518519,80.242669,702.123357
91871.425000,2631,8,92.804233,812.037037,70.940344,620.728008
91896.622000,4369,7,154.109347,1348.456790,117.802494,1030.771823
91993.121000,3638,3,128.324515,1122.839506,98.092349,858.308055
91995.104000,914,31,32.239859,282.098765,24.644422,215.638692
92072.729000,38,14,1.340388,11.728395,1.024604,8.965285
92073.434000,2725,1,96.119929,841.049383,73.474890,642.905292
92075.106000,2977,9,105.008818,918.827160,80.269633,702.359285
92121.475000,7679,32,270.864198,2370.061728,207.050893,1811.695315
92142.643000,822,1,28.994709,253.703704,22.163802,193.933266
92243.512000,1247,12,43.985891,384.876543,33.623188,294.202899
92245.294000,165,25,5.820106,50.925926,4.448938,38.928210
92259.938000,100,2,3.527337,30.864198,2.696326,23.592855
92322.375000,2725,4,96.119929,841.049383,73.474890,642.905292
92372.874000,2107,1,74.320988,650.308642,56.811594,497.101449
92497.523000,1177,2,41.516755,363.271605,31.735760,277.687900
92511.152000,1653,13,58.306878,510.185185,44.570273,389.989889
92577.805000,1878,3,66.243386,579.629630,50.637007,443.073812
92578.722000,4455,6,157.142857,1375.000000,120.121335,1051.061678
92624.434000,4437,217,156.507937,1369.444444,119.635996,1046.814965
92644.475000,2451,43,86.455026,756.481481,66.086957,578.260870
92744.932000,6987,51,246.455026,2156.481481,188.392315,1648.432760
92760.576000,99,7,3.492063,30.555556,2.669363,23.356926
92783.014000,7687,18,271.146384,2372.530864,207.266599,1813.582744
92822.350000,1877,4,66.208113,579.320988,50.610044,442.837883
92871.956000,2108,18,74.356261,650.617284,56.838557,497.337378
92995.897000,3641,1,128.430335,1123.765432,98.173239,859.015841
92997.604000,7686,7,271.111111,2372.222222,207.239636,1813.346815
93264.462000,960,17,33.862434,296.296296,25.884732,226.491405
93278.396000,3230,1,113.932981,996.913580,87.091338,762.049208
93372.057000,1820,1,64.197531,561.728395,49.073138,429.389956
93493.569000,3550,10,125.220459,1095.679012,95.719582,837.546343
93515.246000,4011,13,141.481481,1237.962963,108.149646,946.309403
93573.154000,1059,1,37.354497,326.851852,28.554095,249.848332
93644.743000,2451,31,86.455026,756.481481,66.086957,578.260870
93744.286000,929,36,32.768959,286.728395,25.048871,219.177620
93744.911000,1011,5,35.661376,312.037037,27.259858,238.523761
93746.566000,3677,2,129.700176,1134.876543,99.143916,867.509269
93768.593000,3369,37,118.835979,1039.814815,90.839232,794.843276
93775.074000,2233,7,78.765432,689.197531,60.208965,526.828446
93776.047000,17,19,0.599647,5.246914,0.458375,4.010785
93783.182000,3784,7,133.474427,1167.901235,102.028986,892.753623
93783.856000,1169,19,41.234568,360.802469,31.520054,275.800472
93992.943000,7020,5,247.619048,2166.666667,189.282103,1656.218402
94011.393000,1653,1,58.306878,510.185185,44.570273,389.989889
94072.459000,1058,2,37.319224,326.543210,28.527132,249.612403
94073.805000,39,31,1.375661,12.037037,1.051567,9.201213
94121.444000,327,11,11.534392,100.925926,8.816987,77.148635
94243.779000,917,8,32.345679,283.024691,24.725312,216.346478
94245.558000,1178,6,41.552028,363.580247,31.762723,277.923829
94493.796000,917,1,32.345679,283.024691,24.725312,216.346478
94494.631000,931,4,32.839506,287.345679,25.102797,219.649478
94495.103000,2586,3,91.216931,798.148148,69.726997,610.111223
94513.465000,4536,27,160.000000,1400.000000,122.305359,1070.171891
94513.927000,2940,34,103.703704,907.407407,79.271992,693.629929
94514.739000,1411,4,49.770723,435.493827,38.045163,332.895180
94522.487000,19,6,0.670194,5.864198,0.512302,4.482642
94529.168000,2800,3,98.765432,864.197531,75.497135,660.599933
94621.457000,655,11,23.104056,202.160494,17.660937,154.533199
94744.037000,2586,8,91.216931,798.148148,69.726997,610.111223
94747.448000,7679,1,270.864198,2370.061728,207.050893,1811.695315
94759.652000,1654,3,58.342152,510.493827,44.597236,390.225817
94781.506000,7684,4,271.040564,2371.604938,207.185709,1812.874958
94893.690000,1165,3,41.093474,359.567901,31.412201,274.856758
94894.179000,2453,5,86.525573,757.098765,66.140883,578.732727
94994.260000,917,53,32.345679,283.024691,24.725312,216.346478
95013.173000,100,1,3.527337,30.864198,2.696326,23.592855
95028.516000,3785,9,133.509700,1168.209877,102.055949,892.989552
95121.970000,655,11,23.104056,202.160494,17.660937,154.533199
95264.158000,100,19,3.527337,30.864198,2.696326,23.592855
95281.786000,2800,2,98.765432,864.197531,75.497135,660.599933
95375.765000,327,3,11.534392,100.925926,8.816987,77.148635
95392.568000,857,19,30.229277,264.506173,23.107516,202.190765
95536.884000,3787,7,133.580247,1168.827160,102.109875,893.461409
95621.361000,655,7,23.104056,202.160494,17.660937,154.533199
95621.513000,4032,102,142.222222,1244.444444,108.715875,951.263903
95623.880000,327,5,11.534392,100.925926,8.816987,77.148635
95641.952000,3110,9,109.700176,959.876543,83.855747,733.737782
95745.584000,917,94,32.345679,283.024691,24.725312,216.346478
95751.649000,7681,6,270.934744,2370.679012,207.104820,1812.167172
95770.614000,101,25,3.562610,31.172840,2.723290,23.828783
95785.253000,7684,4,271.040564,2371.604938,207.185709,1812.874958
95785.624000,7667,10,270.440917,2366.358025,206.727334,1808.864173
95826.244000,2018,22,71.181658,622.839506,54.411864,476.103809
95828.646000,802,6,28.289242,247.530864,21.624537,189.214695
95871.115000,655,5,23.104056,202.160494,17.660937,154.533199
95872.364000,1822,4,64.268078,562.345679,49.127064,429.861813
95873.265000,327,9,11.534392,100.925926,8.816987,77.148635
96030.296000,2827,25,99.717813,872.530864,76.225143,666.970003
96072.784000,1244,9,43.880071,383.950617,33.542299,293.495113
96142.372000,611,9,21.552028,188.580247,16.474553,144.152342
96261.026000,523,208,18.447972,161.419753,14.101786,123.390630
96322.773000,1058,2,37.319224,326.543210,28.527132,249.612403
96323.020000,3901,1,137.601411,1204.012346,105.183687,920.357263
96325.548000,219,34,7.724868,67.592593,5.904954,51.668352
96495.081000,1189,14,41.940035,366.975309,32.059319,280.519043
96577.993000,2254,8,79.506173,695.679012,60.775194,531.782946
96590.417000,4457,7,157.213404,1375.617284,120.175261,1051.533536
96745.251000,922,30,32.522046,284.567901,24.860128,217.526121
96777.921000,1172,14,41.340388,361.728395,31.600944,276.508257
96778.616000,7687,29,271.146384,2372.530864,207.266599,1813.582744
96822.968000,2019,30,71.216931,623.148148,54.438827,476.339737
96825.425000,7666,7,270.405644,2366.049383,206.700371,1808.628244
96871.438000,657,7,23.174603,202.777778,17.714863,155.005056
96875.380000,334,15,11.781305,103.086420,9.005730,78.800135
96995.786000,7681,1,270.934744,2370.679012,207.104820,1812.167172
97011.318000,103,1,3.633157,31.790123,2.777216,24.300640
97072.138000,4394,14,154.991182,1356.172840,118.476576,1036.670037
97120.811000,2489,27,87.795414,768.209877,67.111560,587.226154
97121.646000,329,3,11.604938,101.543210,8.870913,77.620492
97144.426000,4370,8,154.144621,1348.765432,117.829457,1031.007752
97244.828000,922,52,32.522046,284.567901,24.860128,217.526121
97247.526000,1190,16,41.975309,367.283951,32.086282,280.754971
97259.646000,3017,3,106.419753,931.172840,81.348163,711.796427
97259.940000,1411,5,49.770723,435.493827,38.045163,332.895180
97278.054000,1831,342,64.585538,565.123457,49.369734,431.985170
97323.973000,2254,2,79.506173,695.679012,60.775194,531.782946
97372.354000,329,14,11.604938,101.543210,8.870913,77.620492
97373.758000,2970,78,104.761905,916.666667,80.080890,700.707786
97511.822000,1411,4,49.770723,435.493827,38.045163,332.895180
97516.752000,1808,7,63.774250,558.024691,48.749579,426.558814
97527.109000,411,2,14.497354,126.851852,11.081901,96.966633
97527.918000,2802,2,98.835979,864.814815,75.551062,661.071790
97528.352000,7683,5,271.005291,2371.296296,207.158746,1812.639029
97642.875000,1029,3,36.296296,317.592593,27.745197,242.770475
97744.379000,1011,172,35.661376,312.037037,27.259858,238.523761
97747.831000,1535,2,54.144621,473.765432,41.388608,362.150320
97871.235000,334,2,11.781305,103.086420,9.005730,78.800135
97871.865000,328,1,11.569665,101.234568,8.843950,77.384564
97895.740000,45,5,1.587302,13.888889,1.213347,10.616785
97896.875000,183,3,6.455026,56.481481,4.934277,43.174924
98072.024000,4458,6,157.248677,1375.925926,120.202224,1051.769464
98073.535000,2019,26,71.216931,623.148148,54.438827,476.339737
98121.174000,633,6,22.328042,195.370370,17.067745,149.342770
98247.879000,7683,4,271.005291,2371.296296,207.158746,1812.639029
98256.728000,1411,3,49.770723,435.493827,38.045163,332.895180
98264.532000,1655,2,58.377425,510.802469,44.624200,390.461746
98322.897000,5042,9,177.848325,1556.172840,135.948770,1189.551736
98323.909000,2255,12,79.541446,695.987654,60.802157,532.018874
98378.059000,2033,5,71.710758,627.469136,54.816313,479.642737
98380.186000,329,6,11.604938,101.543210,8.870913,77.620492
98380.891000,2970,77,104.761905,916.666667,80.080890,700.707786
98390.690000,1031,9,36.366843,318.209877,27.799124,243.242332
98390.821000,46,4,1.622575,14.197531,1.240310,10.852713
98507.141000,1411,5,49.770723,435.493827,38.045163,332.895180
98641.045000,1031,16,36.366843,318.209877,27.799124,243.242332
98644.030000,187,22,6.596120,57.716049,5.042130,44.118638
98762.730000,6803,8,239.964727,2099.691358,183.431075,1605.021908
98822.546000,4458,12,157.248677,1375.925926,120.202224,1051.769464
98825.177000,486,7,17.142857,150.000000,13.104146,114.661274
98876.876000,330,13,11.640212,101.851852,8.897877,77.856421
98877.687000,4056,21,143.068783,1251.851852,109.362993,956.926188
99028.355000,7685,6,271.075838,2371.913580,207.212673,1813.110886
99072.634000,1196,3,42.186949,369.135802,32.248062,282.170543
99125.565000,2036,5,71.816578,628.395062,54.897203,480.350522
99127.727000,330,13,11.640212,101.851852,8.897877,77.856421
99144.275000,1031,38,36.366843,318.209877,27.799124,243.242332
99145.648000,2451,40,86.455026,756.481481,66.086957,578.260870
99242.609000,922,170,32.522046,284.567901,24.860128,217.526121
99280.990000,2722,1,96.014109,840.123457,73.394001,642.197506
99323.576000,204,87,7.195767,62.962963,5.500506,48.129424
99376.843000,2037,1,71.851852,628.703704,54.924166,480.586451
99379.044000,330,13,11.640212,101.851852,8.897877,77.856421
99395.102000,4371,7,154.179894,1349.074074,117.856421,1031.243680
99527.513000,7674,7,270.687831,2368.518519,206.916077,1810.515672
99624.830000,2037,12,71.851852,628.703704,54.924166,480.586451
99640.658000,2451,47,86.455026,756.481481,66.086957,578.260870
99644.884000,292,41,10.299824,90.123457,7.873273,68.891136
99744.223000,958,331,33.791887,295.679012,25.830806,226.019548
99744.446000,2315,1,81.657848,714.506173,62.419953,546.174587
99757.006000,1413,4,49.841270,436.111111,38.099090,333.367037
99823.160000,2020,15,71.252205,623.456790,54.465790,476.575666
100028.258000,2722,3,96.014109,840.123457,73.394001,642.197506
100074.330000,2124,7,74.920635,655.555556,57.269970,501.112235
100075.481000,218,12,7.689594,67.283951,5.877991,51.432423
100140.733000,669,1,23.597884,206.481481,18.038423,157.836198
100279.533000,2723,3,96.049383,840.432099,73.420964,642.433434
100322.187000,2020,1,71.252205,623.456790,54.465790,476.575666
100390.847000,1857,1,65.502646,573.148148,50.070779,438.119312
100508.415000,93,70,3.280423,28.703704,2.507583,21.941355
100518.765000,372,50,13.121693,114.814815,10.030334,87.765420
100527.539000,2830,24,99.823633,873.456790,76.306033,667.677789
100529.502000,2531,25,89.276896,781.172840,68.244018,597.135153
100574.422000,1482,22,52.275132,457.407407,39.959555,349.646107
100641.118000,2448,1,86.349206,755.555556,66.006067,577.553084
100641.350000,669,7,23.597884,206.481481,18.038423,157.836198
100644.691000,188,24,6.631393,58.024691,5.069093,44.354567
100776.774000,2723,1,96.049383,840.432099,73.420964,642.433434
100822.023000,4385,40,154.673721,1353.395062,118.233906,1034.546680
100891.627000,2448,10,86.349206,755.555556,66.006067,577.553084
100892.229000,669,13,23.597884,206.481481,18.038423,157.836198
100894.454000,1857,3,65.502646,573.148148,50.070779,438.119312
100993.379000,1016,10,35.837743,313.580247,27.394675,239.703404
100993.775000,924,228,32.592593,285.185185,24.914055,217.997978
101014.053000,6803,6,239.964727,2099.691358,183.431075,1605.021908
101142.055000,2130,2,75.132275,657.407407,57.431749,502.527806
101262.332000,5238,81,184.761905,1616.666667,141.233569,1235.793731
101277.302000,7685,8,271.075838,2371.913580,207.212673,1813.110886
101326.496000,2124,5,74.920635,655.555556,57.269970,501.112235
101373.759000,2471,1,87.160494,762.654321,66.626222,582.979441
101391.074000,670,13,23.633157,206.790123,18.065386,158.072127
101394.919000,297,49,10.476190,91.666667,8.008089,70.070779
101493.317000,925,14,32.627866,285.493827,24.941018,218.233906
101514.450000,6804,5,240.000000,2100.000000,183.458038,1605.257836
101527.032000,412,4,14.532628,127.160494,11.108864,97.202562
101574.718000,1052,242,37.107584,324.691358,28.365352,248.196832
101577.605000,2124,5,74.920635,655.555556,57.269970,501.112235
101577.757000,1557,12,54.920635,480.555556,41.981800,367.340748
101577.890000,7667,7,270.440917,2366.358025,206.727334,1808.864173
101640.425000,2130,1,75.132275,657.407407,57.431749,502.527806
101641.705000,670,13,23.633157,206.790123,18.065386,158.072127
101643.628000,195,3,6.878307,60.185185,5.257836,46.006067
101765.018000,6804,10,240.000000,2100.000000,183.458038,1605.257836
101765.463000,2860,8,100.881834,882.716049,77.114931,674.755645
101777.471000,2827,12,99.717813,872.530864,76.225143,666.970003
101823.665000,5042,20,177.848325,1556.172840,135.948770,1189.551736
101876.726000,342,85,12.063492,105.555556,9.221436,80.687563
101895.030000,2130,7,75.132275,657.407407,57.431749,502.527806
101895.272000,1039,12,36.649030,320.679012,28.014830,245.129761
101897.005000,1857,3,65.502646,573.148148,50.070779,438.119312
102123.390000,1825,4,64.373898,563.271605,49.207954,430.569599
102247.271000,7678,5,270.828924,2369.753086,207.023930,1811.459387
102259.054000,96,206,3.386243,29.629630,2.588473,22.649141
102322.111000,1481,1,52.239859,457.098765,39.932592,349.410179
102323.512000,1053,179,37.142857,325.000000,28.392315,248.432760
102327.000000,1723,13,60.776014,531.790123,46.457701,406.504887
102390.623000,2131,6,75.167549,657.716049,57.458713,502.763734
102395.464000,4373,50,154.250441,1349.691358,117.910347,1031.715538
102396.298000,1857,3,65.502646,573.148148,50.070779,438.119312
102496.551000,961,628,33.897707,296.604938,25.911695,226.727334
102499.823000,7678,8,270.828924,2369.753086,207.023930,1811.459387
102515.250000,745,5,26.278660,229.938272,20.087631,175.766768
102515.733000,2555,14,90.123457,788.580247,68.891136,602.797438
102580.266000,210,76,7.407407,64.814815,5.662285,49.544995
102580.333000,7667,7,270.440917,2366.358025,206.727334,1808.864173
102641.414000,954,45,33.650794,294.444444,25.722952,225.075834
102743.259000,1016,9,35.837743,313.580247,27.394675,239.703404
102744.589000,1429,10,50.405644,441.049383,38.530502,337.141894
102745.073000,925,142,32.627866,285.493827,24.941018,218.233906
102748.543000,1194,14,42.116402,368.518519,32.194135,281.698686
102749.029000,7683,4,271.005291,2371.296296,207.158746,1812.639029
102757.593000,2962,38,104.479718,914.197531,79.865184,698.820357
102826.800000,8,14,0.282187,2.469136,0.215706,1.887428
102876.997000,332,1,11.710758,102.469136,8.951803,78.328278
102879.975000,7673,4,270.652557,2368.209877,206.889114,1810.279744
102885.203000,2315,16,81.657848,714.506173,62.419953,546.174587
102893.357000,330,14,11.640212,101.851852,8.897877,77.856421
102893.483000,1857,2,65.502646,573.148148,50.070779,438.119312
102997.189000,7683,6,271.005291,2371.296296,207.158746,1812.639029
103036.375000,399,4,14.074074,123.148148,10.758342,94.135490
103072.393000,398,4,14.038801,122.839506,10.731378,93.899562
103077.944000,2393,6,84.409171,738.580247,64.523087,564.577014
103243.741000,2126,3,74.991182,656.172840,57.323896,501.584092
103248.602000,1216,1,42.892416,375.308642,32.787327,286.889114
103249.080000,1195,28,42.151675,368.827160,32.221099,281.934614
103324.356000,1053,1,37.142857,325.000000,28.392315,248.432760
103326.896000,219,3,7.724868,67.592593,5.904954,51.668352
103327.160000,1738,12,61.305115,536.419753,46.862150,410.043815
103327.600000,8,24,0.282187,2.469136,0.215706,1.887428
103328.064000,7668,6,270.476190,2366.666667,206.754297,1809.100101
103375.085000,2440,3,86.067019,753.086420,65.790361,575.665656
103495.139000,7678,1,270.828924,2369.753086,207.023930,1811.459387
103534.353000,2436,15,85.925926,751.851852,65.682508,574.721941
103577.642000,1554,23,54.814815,479.629630,41.900910,366.632963
103578.397000,1816,4,64.056437,560.493827,48.965285,428.446242
103623.282000,3823,12,134.850088,1179.938272,103.080553,901.954837
103744.181000,2127,2,75.026455,656.481481,57.350859,501.820020
103757.766000,2962,16,104.479718,914.197531,79.865184,698.820357
103758.594000,100,18,3.527337,30.864198,2.696326,23.592855
103784.422000,7685,1,271.075838,2371.913580,207.212673,1813.110886
103822.483000,869,8,30.652557,268.209877,23.431075,205.021908
103872.626000,332,3,11.710758,102.469136,8.951803,78.328278
103994.466000,930,74,32.804233,287.037037,25.075834,219.413549
103994.598000,1432,31,50.511464,441.975309,38.611392,337.849680
104041.147000,2823,27,99.576720,871.296296,76.117290,666.026289
104076.983000,1609,1,56.754850,496.604938,43.383889,379.609033
104077.181000,7636,1,269.347443,2356.790123,205.891473,1801.550388
104077.324000,2396,1,84.514991,739.506173,64.603977,565.284799
104247.466000,7684,6,271.040564,2371.604938,207.185709,1812.874958
104248.042000,7680,4,270.899471,2370.370370,207.077856,1811.931244
104323.652000,1053,246,37.142857,325.000000,28.392315,248.432760
104326.974000,2396,4,84.514991,739.506173,64.603977,565.284799
104327.081000,7667,10,270.440917,2366.358025,206.727334,1808.864173
104374.541000,356,80,12.557319,109.876543,9.598921,83.990563
104391.572000,4410,3,155.555556,1361.111111,118.907988,1040.444894
104495.659000,933,1,32.910053,287.962963,25.156724,220.121335
104498.578000,1196,12,42.186949,369.135802,32.248062,282.170543
104506.795000,1914,1,67.513228,590.740741,51.607685,451.567240
104539.657000,318,4,11.216931,98.148148,8.574317,75.025278
104542.764000,7686,11,271.111111,2372.222222,207.239636,1813.346815
104574.606000,1066,26,37.601411,329.012346,28.742838,251.499831
104643.881000,610,52,21.516755,188.271605,16.447590,143.916414
104644.547000,7679,3,270.864198,2370.061728,207.050893,1811.695315
104743.433000,7020,3,247.619048,2166.666667,189.282103,1656.218402
104744.242000,2128,1,75.061728,656.790123,57.377823,502.055949
104748.790000,7683,5,271.005291,2371.296296,207.158746,1812.639029
104756.387000,2963,11,104.514991,914.506173,79.892147,699.056286
104787.341000,2824,30,99.611993,871.604938,76.144253,666.262218
104826.570000,2398,1,84.585538,740.123457,64.657904,565.756657
104890.963000,2442,32,86.137566,753.703704,65.844287,576.137513
104891.989000,1038,26,36.613757,320.370370,27.987867,244.893832
104893.853000,193,4,6.807760,59.567901,5.203910,45.534210
104998.590000,1196,21,42.186949,369.135802,32.248062,282.170543
105035.452000,438,20,15.449735,135.185185,11.809909,103.336704
105076.552000,7668,9,270.476190,2366.666667,206.754297,1809.100101
105148.930000,2450,7,86.419753,756.172840,66.059993,578.024941
105151.438000,193,23,6.807760,59.567901,5.203910,45.534210
105247.415000,2128,3,75.061728,656.790123,57.377823,502.055949
105259.693000,103,14,3.633157,31.790123,2.777216,24.300640
105261.378000,2963,19,104.514991,914.506173,79.892147,699.056286
105269.950000,1449,1,51.111111,447.222222,39.069767,341.860465
105284.481000,2423,3,85.467372,747.839506,65.331985,571.654870
105394.627000,614,10,21.657848,189.506173,16.555443,144.860128
105493.423000,1043,31,36.790123,321.913580,28.122683,246.073475
105493.647000,2129,4,75.097002,657.098765,57.404786,502.291877
105498.182000,6974,3,245.996473,2152.469136,188.041793,1645.365689
105498.920000,7683,4,271.005291,2371.296296,207.158746,1812.639029
105574.446000,1066,47,37.601411,329.012346,28.742838,251.499831
105577.446000,7668,9,270.476190,2366.666667,206.754297,1809.100101
105651.794000,794,20,28.007055,245.061728,21.408830,187.327267
105652.063000,2132,4,75.202822,658.024691,57.485676,502.999663
105654.665000,7681,37,270.934744,2370.679012,207.104820,1812.167172
105655.496000,192,4,6.772487,59.259259,5.176946,45.298281
105748.118000,3057,12,107.830688,943.518519,82.426694,721.233569
105995.094000,961,889,33.897707,296.604938,25.911695,226.727334
106147.212000,2132,2,75.202822,658.024691,57.485676,502.999663
106246.075000,2541,3,89.629630,784.259259,68.513650,599.494439
106247.551000,4267,87,150.511464,1316.975309,115.052241,1006.707112
106283.342000,1913,520,67.477954,590.432099,51.580721,451.331311
106322.655000,1067,30,37.636684,329.320988,28.769801,251.735760
106322.941000,1053,1315,37.142857,325.000000,28.392315,248.432760
106499.752000,2130,2,75.132275,657.407407,57.431749,502.527806
106500.843000,7678,5,270.828924,2369.753086,207.023930,1811.459387
106502.145000,1197,12,42.222222,369.444444,32.275025,282.406471
106508.237000,6807,3,240.105820,2100.925926,183.538928,1605.965622
106530.746000,1904,15,67.160494,587.654321,51.338052,449.207954
106578.075000,217,3,7.654321,66.975309,5.851028,51.196495
106647.338000,677,1,23.880071,208.950617,18.254129,159.723627
106648.699000,193,8,6.807760,59.567901,5.203910,45.534210
106650.322000,297,34,10.476190,91.666667,8.008089,70.070779
106780.075000,2187,6,77.142857,675.000000,58.968655,515.975733
106822.549000,1067,41,37.636684,329.320988,28.769801,251.735760
106824.242000,217,3,7.654321,66.975309,5.851028,51.196495
106871.627000,570,1,20.105820,175.925926,15.369060,134.479272
106901.963000,2133,1,75.238095,658.333333,57.512639,503.235592
106905.297000,7681,277,270.934744,2370.679012,207.104820,1812.167172
106906.829000,193,15,6.807760,59.567901,5.203910,45.534210
106998.552000,1197,5,42.222222,369.444444,32.275025,282.406471
107033.131000,1906,11,67.231041,588.271605,51.391978,449.679811
107034.353000,1906,3,67.231041,588.271605,51.391978,449.679811
107122.692000,1581,212,55.767196,487.962963,42.628918,373.003033
107146.089000,2452,61,86.490300,756.790123,66.113920,578.496798
107146.283000,672,58,23.703704,207.407407,18.119312,158.543984
107249.622000,2131,2,75.167549,657.716049,57.458713,502.763734
107250.417000,1198,5,42.257496,369.753086,32.301989,282.642400
107251.900000,7679,4,270.864198,2370.061728,207.050893,1811.695315
107252.075000,2874,51,101.375661,887.037037,77.492417,678.058645
107260.515000,2232,8,78.730159,688.888889,60.182002,526.592518
107323.336000,217,3,7.654321,66.975309,5.851028,51.196495
107371.947000,376,7,13.262787,116.049383,10.138187,88.709134
107395.530000,2133,4,75.238095,658.333333,57.512639,503.235592
107396.839000,7682,10,270.970018,2370.987654,207.131783,1812.403101
107397.205000,1676,3,59.118166,517.283951,45.190428,395.416245
107501.674000,166,4,5.855379,51.234568,4.475902,39.164139
107501.849000,1198,21,42.257496,369.753086,32.301989,282.642400
107507.954000,2481,91,87.513228,765.740741,66.895854,585.338726
107508.192000,1914,3,67.513228,590.740741,51.607685,451.567240
107532.406000,2187,6,77.142857,675.000000,58.968655,515.975733
107532.868000,1907,10,67.266314,588.580247,51.418942,449.915740
107533.820000,438,17,15.449735,135.185185,11.809909,103.336704
107534.081000,2426,4,85.573192,748.765432,65.412875,572.362656
107534.295000,2831,21,99.858907,873.765432,76.332996,667.913718
107574.128000,1069,12,37.707231,329.938272,28.823728,252.207617
107576.260000,1581,212,55.767196,487.962963,42.628918,373.003033
107576.556000,2241,2,79.047619,691.666667,60.424671,528.715875
107622.596000,7680,1,270.899471,2370.370370,207.077856,1811.931244
107648.144000,1677,8,59.153439,517.592593,45.217391,395.652174
107750.194000,7022,19,247.689594,2167.283951,189.336030,1656.690260
107753.270000,4267,166,150.511464,1316.975309,115.052241,1006.707112
107763.918000,2863,8,100.987654,883.641975,77.195821,675.463431
107781.994000,438,18,15.449735,135.185185,11.809909,103.336704
107822.673000,2255,3,79.541446,695.987654,60.802157,532.018874
107872.903000,2315,17,81.657848,714.506173,62.419953,546.174587
107874.859000,376,7,13.262787,116.049383,10.138187,88.709134
107898.769000,2456,67,86.631393,758.024691,66.221773,579.440512
108072.610000,2241,2,79.047619,691.666667,60.424671,528.715875
108142.247000,673,8,23.738977,207.716049,18.146276,158.779912
108248.518000,2312,133,81.552028,713.580247,62.339063,545.466801
108249.301000,2541,3,89.629630,784.259259,68.513650,599.494439
108250.887000,421,1,14.850088,129.938272,11.351534,99.325918
108281.423000,2190,1,77.248677,675.925926,59.049545,516.683519
108324.009000,1584,6,55.873016,488.888889,42.709808,373.710819
108372.326000,3822,1,134.814815,1179.629630,103.053589,901.718908
108510.386000,2482,268,87.548501,766.049383,66.922818,585.574655
108511.326000,5463,3,192.698413,1686.111111,147.300303,1288.877654
108532.533000,2190,7,77.248677,675.925926,59.049545,516.683519
108533.994000,43,59,1.516755,13.271605,1.159420,10.144928
108534.305000,384,11,13.544974,118.518519,10.353893,90.596562
108640.932000,673,8,23.738977,207.716049,18.146276,158.779912
108642.461000,4403,24,155.308642,1358.950617,118.719245,1038.793394
108745.889000,7684,1,271.040564,2371.604938,207.185709,1812.874958
108760.597000,1914,4,67.513228,590.740741,51.607685,451.567240
108765.567000,678,6,23.915344,209.259259,18.281092,159.959555
108824.032000,7641,228,269.523810,2358.333333,206.026289,1802.730030
108824.465000,1558,1,54.955908,480.864198,42.008763,367.576677
109032.058000,2191,2,77.283951,676.234568,59.076508,516.919447
109032.401000,2430,1,85.714286,750.000000,65.520728,573.306370
109146.841000,2135,1,75.308642,658.950617,57.566566,503.707449
109148.202000,195,3,6.878307,60.185185,5.257836,46.006067
109148.307000,1858,2,65.537919,573.456790,50.097742,438.355241
109148.463000,297,33,10.476190,91.666667,8.008089,70.070779
109287.687000,1796,7,63.350970,554.320988,48.426020,423.727671
109289.282000,3636,3,128.253968,1122.222222,98.038423,857.836198
109289.777000,46,2,1.622575,14.197531,1.240310,10.852713
109390.743000,2135,4,75.308642,658.950617,57.566566,503.707449
109499.476000,942,3,33.227513,290.740741,25.399393,222.244692
109500.620000,7679,1,270.864198,2370.061728,207.050893,1811.695315
109501.077000,7679,2,270.864198,2370.061728,207.050893,1811.695315
109539.872000,383,20,13.509700,118.209877,10.326930,90.360634
109621.162000,3822,52,134.814815,1179.629630,103.053589,901.718908
109622.613000,4,1,0.141093,1.234568,0.107853,0.943714
109766.104000,4136,17,145.890653,1276.543210,111.520054,975.800472
109774.578000,191,6,6.737213,58.950617,5.149983,45.062353
109795.226000,47,3,1.657848,14.506173,1.267273,11.088642
109822.198000,1558,23,54.955908,480.864198,42.008763,367.576677
109891.300000,1858,5,65.537919,573.456790,50.097742,438.355241
109995.355000,942,3,33.227513,290.740741,25.399393,222.244692
109996.218000,7679,2,270.864198,2370.061728,207.050893,1811.695315
110017.721000,4136,8,145.890653,1276.543210,111.520054,975.800472
110035.400000,2430,253,85.714286,750.000000,65.520728,573.306370
110072.664000,1610,4,56.790123,496.913580,43.410853,379.844961
110124.864000,2366,40,83.456790,730.246914,63.795079,558.206943
110142.065000,675,1,23.809524,208.333333,18.200202,159.251769
110143.137000,4476,3,157.883598,1381.481481,120.687563,1056.016178
110157.171000,675,6,23.809524,208.333333,18.200202,159.251769
110244.465000,7680,1,270.899471,2370.370370,207.077856,1811.931244
110281.740000,1798,19,63.421517,554.938272,48.479946,424.199528
110322.670000,6297,31,222.116402,1943.518519,169.787664,1485.642063
110371.971000,1758,3,62.010582,542.592593,47.401416,414.762386
110373.909000,381,238,13.439153,117.592593,10.273003,89.888777
110390.468000,1086,12,38.306878,335.185185,29.282103,256.218402
110495.654000,1670,3,58.906526,515.432099,45.028648,394.000674
110496.560000,7686,3,271.111111,2372.222222,207.239636,1813.346815
110515.996000,1915,4,67.548501,591.049383,51.634648,451.803168
110521.411000,192,12,6.772487,59.259259,5.176946,45.298281
110535.052000,2192,74,77.319224,676.543210,59.103472,517.155376
110574.299000,1558,14,54.955908,480.864198,42.008763,367.576677
110640.711000,2136,1,75.343915,659.259259,57.593529,503.943377
110646.581000,4406,28,155.414462,1359.876543,118.800135,1039.501180
110782.375000,2431,64,85.749559,750.308642,65.547691,573.542299
110822.363000,2256,2,79.576720,696.296296,60.829120,532.254803
110871.605000,4510,14,159.082892,1391.975309,121.604314,1064.037749
110995.419000,1201,8,42.363316,370.679012,32.382878,283.350185
111015.126000,193,11,6.807760,59.567901,5.203910,45.534210
111121.443000,2784,1,98.201058,859.259259,75.065723,656.825076
111246.823000,1201,12,42.363316,370.679012,32.382878,283.350185
111286.293000,2431,1,85.749559,750.308642,65.547691,573.542299
111292.686000,2023,7,71.358025,624.382716,54.546680,477.283451
111391.817000,3133,22,110.511464,966.975309,84.475902,739.164139
111532.729000,1916,1,67.583774,591.358025,51.661611,452.039097
111532.794000,1799,16,63.456790,555.246914,48.506909,424.435457
111533.489000,2431,1,85.749559,750.308642,65.547691,573.542299
111535.738000,2125,3,74.955908,655.864198,57.296933,501.348163
111623.704000,2784,5,98.201058,859.259259,75.065723,656.825076
111641.092000,2556,26,90.158730,788.888889,68.918099,603.033367
111643.855000,1859,4,65.573192,573.765432,50.124705,438.591170
111764.269000,4,1,0.141093,1.234568,0.107853,0.943714
111871.687000,3824,27,134.885362,1180.246914,103.107516,902.190765
111896.581000,2462,58,86.843034,759.876543,66.383552,580.856084
111897.426000,2139,4,75.449735,660.185185,57.674419,504.651163
112033.755000,1917,11,67.619048,591.666667,51.688574,452.275025
112074.154000,2257,51,79.611993,696.604938,60.856084,532.490731
112247.328000,947,22,33.403880,292.283951,25.534210,223.424334
112281.411000,412,1,14.532628,127.160494,11.108864,97.202562
112323.542000,4421,18,155.943563,1364.506173,119.204584,1043.040108
112326.307000,423,151,14.920635,130.555556,11.405460,99.797776
112373.006000,1641,6,57.883598,506.481481,44.246714,387.158746
112391.512000,4406,19,155.414462,1359.876543,118.800135,1039.501180
112529.703000,2432,184,85.784832,750.617284,65.574655,573.778227
112747.656000,2542,5,89.664903,784.567901,68.540613,599.730367
112749.174000,3682,1,129.876543,1136.419753,99.278733,868.688911
112778.579000,45,4,1.587302,13.888889,1.213347,10.616785
112894.729000,298,17,10.511464,91.975309,8.035052,70.306707
113005.060000,3682,4,129.876543,1136.419753,99.278733,868.688911
113009.626000,360,1,12.698413,111.111111,9.706775,84.934277
113029.362000,46,3,1.622575,14.197531,1.240310,10.852713
113122.865000,2788,4,98.342152,860.493827,75.173576,657.768790
113140.949000,4479,14,157.989418,1382.407407,120.768453,1056.723964
113245.514000,2542,22,89.664903,784.567901,68.540613,599.730367
113322.340000,1615,1,56.966490,498.456790,43.545669,381.024604
113323.178000,4242,3,149.629630,1309.259259,114.378160,1000.808898
113371.781000,7361,9,259.647266,2271.913580,198.476576,1736.670037
113391.708000,2466,62,86.984127,761.111111,66.491405,581.799798
113393.749000,2089,2,73.686067,644.753086,56.326255,492.854735
113496.437000,948,3,33.439153,292.592593,25.561173,223.660263
113497.578000,744,5,26.243386,229.629630,20.060667,175.530839
113534.213000,1800,22,63.492063,555.555556,48.533873,424.671385
113535.875000,46,3,1.622575,14.197531,1.240310,10.852713
113536.509000,2128,4,75.061728,656.790123,57.377823,502.055949
113640.605000,1087,2,38.342152,335.493827,29.309066,256.454331
113761.162000,360,2,12.698413,111.111111,9.706775,84.934277
113871.015000,1513,1,53.368607,466.975309,40.795416,356.959892
113890.544000,4407,14,155.449735,1360.185185,118.827098,1039.737108
113890.734000,7672,45,270.617284,2367.901235,206.862150,1810.043815
113890.916000,5337,9,188.253968,1647.222222,143.902932,1259.150657
114073.185000,1896,10,66.878307,585.185185,51.122346,447.320526
114074.781000,1618,56,57.072310,499.382716,43.626559,381.732390
114141.534000,2141,1,75.520282,660.802469,57.728345,505.123020
114142.726000,5337,9,188.253968,1647.222222,143.902932,1259.150657
114391.447000,4479,13,157.989418,1382.407407,120.768453,1056.723964
114511.377000,4718,43,166.419753,1456.172840,127.212673,1113.110886
114532.502000,2432,25,85.784832,750.617284,65.574655,573.778227
114533.380000,2856,12,100.740741,881.481481,77.007078,673.811931
114573.565000,1897,15,66.913580,585.493827,51.149309,447.556454
114575.789000,8,23,0.282187,2.469136,0.215706,1.887428
114822.900000,8,4,0.282187,2.469136,0.215706,1.887428
114871.998000,389,32,13.721340,120.061728,10.488709,91.776205
114890.261000,5337,9,188.253968,1647.222222,143.902932,1259.150657
115072.255000,1071,4,37.777778,330.555556,28.877654,252.679474
115074.742000,8,27,0.282187,2.469136,0.215706,1.887428
115075.834000,1557,21,54.920635,480.555556,41.981800,367.340748
115142.911000,5339,1,188.324515,1647.839506,143.956859,1259.622514
115142.974000,4418,13,155.837743,1363.580247,119.123694,1042.332322
115143.615000,2091,1,73.756614,645.370370,56.380182,493.326593
115265.326000,361,4,12.733686,111.419753,9.733738,85.170206
115286.332000,1800,18,63.492063,555.555556,48.533873,424.671385
115288.799000,7444,1,262.574956,2297.530864,200.714526,1756.252107
115322.318000,3012,3,106.243386,929.629630,81.213347,710.616785
115326.762000,2400,37,84.656085,740.740741,64.711830,566.228514
115390.624000,5339,1,188.324515,1647.839506,143.956859,1259.622514
115493.871000,963,298,33.968254,297.222222,25.965622,227.199191
115533.520000,2433,259,85.820106,750.925926,65.601618,574.014156
115758.069000,2869,12,101.199295,885.493827,77.357600,676.879002
115777.837000,4055,3,143.033510,1251.543210,109.336030,956.690260
115826.939000,1070,31,37.742504,330.246914,28.850691,252.443546
115872.581000,659,51,23.245150,203.395062,17.768790,155.476913
116141.749000,2470,1,87.125220,762.345679,66.599259,582.743512
116142.524000,1088,9,38.377425,335.802469,29.336030,256.690260
116244.922000,964,246,34.003527,297.530864,25.992585,227.435120
116247.357000,2899,99,102.257496,894.753086,78.166498,683.956859
116247.985000,744,9,26.243386,229.629630,20.060667,175.530839
116279.412000,7442,10,262.504409,2296.913580,200.660600,1755.780249
116323.104000,1900,17,67.019400,586.419753,51.230199,448.264240
116391.294000,2470,2,87.125220,762.345679,66.599259,582.743512
116507.488000,1451,4,51.181658,447.839506,39.123694,342.332322
116534.414000,1801,7,63.527337,555.864198,48.560836,424.907314
116537.436000,2771,1,97.742504,855.246914,74.715201,653.758005
116575.296000,2257,10,79.611993,696.604938,60.856084,532.490731
116624.647000,628,84,22.151675,193.827160,16.932929,148.163128
116640.980000,1089,9,38.412698,336.111111,29.362993,256.926188
116743.493000,963,16,33.968254,297.222222,25.965622,227.199191
116891.918000,2471,55,87.160494,762.654321,66.626222,582.979441
116894.373000,5340,7,188.359788,1648.148148,143.983822,1259.858443
116993.484000,964,26,34.003527,297.530864,25.992585,227.435120
116996.092000,2903,4,102.398589,895.987654,78.274351,684.900573
117031.938000,1802,18,63.562610,556.172840,48.587799,425.143242
117075.587000,2260,1,79.717813,697.530864,60.936973,533.198517
117076.649000,1078,8,38.024691,332.716049,29.066397,254.330974
117127.721000,7681,30,270.934744,2370.679012,207.104820,1812.167172
117141.757000,5340,9,188.359788,1648.148148,143.983822,1259.858443
117375.930000,2637,2,93.015873,813.888889,71.102123,622.143579
117493.694000,2552,24,90.017637,787.654321,68.810246,602.089653
117581.203000,1072,29,37.813051,330.864198,28.904617,252.915403
117581.306000,407,13,14.356261,125.617284,10.974048,96.022919
117581.609000,1078,13,38.024691,332.716049,29.066397,254.330974
117582.728000,2360,9,83.245150,728.395062,63.633300,556.791372
117585.662000,4240,31,149.559083,1308.641975,114.324233,1000.337041
117626.188000,2791,55,98.447972,861.419753,75.254466,658.476576
117640.694000,2470,1,87.125220,762.345679,66.599259,582.743512
117759.546000,680,1,23.985891,209.876543,18.335019,160.431412
117777.880000,3268,1,115.273369,1008.641975,88.115942,771.014493
117890.690000,2469,1,87.089947,762.037037,66.572295,582.507583
117891.212000,4484,4,158.165785,1383.950617,120.903269,1057.903606
118007.924000,680,1,23.985891,209.876543,18.335019,160.431412
118034.906000,1802,11,63.562610,556.172840,48.587799,425.143242
118036.780000,4055,3,143.033510,1251.543210,109.336030,956.690260
118037.227000,673,2,23.738977,207.716049,18.146276,158.779912
118078.423000,407,22,14.356261,125.617284,10.974048,96.022919
118244.226000,1202,2,42.398589,370.987654,32.409842,283.586114
118283.175000,2775,5,97.883598,856.481481,74.823054,654.701719
118284.778000,1801,19,63.527337,555.864198,48.560836,424.907314
118287.078000,4055,3,143.033510,1251.543210,109.336030,956.690260
118334.832000,1072,26,37.813051,330.864198,28.904617,252.915403
118337.123000,2127,6,75.026455,656.481481,57.350859,501.820020
118339.011000,6301,15,222.257496,1944.753086,169.895517,1486.585777
118533.655000,2362,2,83.315697,729.012346,63.687226,557.263229
118536.306000,4055,3,143.033510,1251.543210,109.336030,956.690260
118574.623000,181,2,6.384480,55.864198,4.880351,42.703067
118627.456000,3825,26,134.920635,1180.555556,103.134479,902.426694
118629.700000,7679,10,270.864198,2370.061728,207.050893,1811.695315
118641.673000,2419,52,85.326279,746.604938,65.224132,570.711156
118644.135000,1771,4,62.469136,546.604938,47.751938,417.829457
118745.771000,1203,6,42.433862,371.296296,32.436805,283.822042
118784.923000,1800,18,63.492063,555.555556,48.533873,424.671385
118824.636000,2263,1,79.823633,698.456790,61.017863,533.906303
118824.906000,182,1,6.419753,56.172840,4.907314,42.938996
118872.602000,88,1,3.104056,27.160494,2.372767,20.761712
118895.609000,5341,1,188.395062,1648.456790,144.010785,1260.094371
118896.027000,1772,3,62.504409,546.913580,47.778901,418.065386
118995.284000,747,7,26.349206,230.555556,20.141557,176.238625
119035.535000,2432,223,85.784832,750.617284,65.574655,573.778227
119076.141000,2263,1,79.823633,698.456790,61.017863,533.906303
119076.858000,2362,4,83.315697,729.012346,63.687226,557.263229
119142.350000,2571,22,90.687831,793.518519,69.322548,606.572295
119245.316000,2904,6,102.433862,896.296296,78.301314,685.136502
119257.618000,681,6,24.021164,210.185185,18.361982,160.667341
119286.708000,1800,19,63.492063,555.555556,48.533873,424.671385
119390.956000,4484,8,158.165785,1383.950617,120.903269,1057.903606
119392.578000,7686,3,271.111111,2372.222222,207.239636,1813.346815
119579.122000,2363,1,83.350970,729.320988,63.714189,557.499157
119581.738000,1427,31,50.335097,440.432099,38.476576,336.670037
119890.316000,2807,8,99.012346,866.358025,75.685878,662.251432
120010.847000,749,4,26.419753,231.172840,20.195484,176.710482
120011.728000,466,21,16.437390,143.827160,12.564880,109.942703
120077.097000,1082,13,38.165785,333.950617,29.174250,255.274688
120129.480000,391,1,13.791887,120.679012,10.542636,92.248062
120143.681000,1064,28,37.530864,328.395062,28.688911,251.027974
120146.441000,5343,16,188.465608,1649.074074,144.064712,1260.566229
120247.908000,2909,46,102.610229,897.839506,78.436131,686.316144
120278.135000,988,14,34.850088,304.938272,26.639703,233.097405
120326.822000,2364,4,83.386243,729.629630,63.741153,557.735086
120377.720000,4234,11,149.347443,1306.790123,114.162454,998.921469
120379.028000,393,14,13.862434,121.296296,10.596562,92.719919
120390.854000,1012,12,35.696649,312.345679,27.286822,238.759690
120508.664000,682,1,24.056437,210.493827,18.388945,160.903269
120574.309000,6303,22,222.328042,1945.370370,169.949444,1487.057634
120641.331000,1012,12,35.696649,312.345679,27.286822,238.759690
120744.640000,2909,69,102.610229,897.839506,78.436131,686.316144
120757.018000,682,9,24.056437,210.493827,18.388945,160.903269
120876.318000,5123,6,180.705467,1581.172840,138.132794,1208.661948
121124.207000,653,1,23.033510,201.543210,17.607010,154.061341
121124.816000,570,1,20.105820,175.925926,15.369060,134.479272
121142.934000,297,14,10.476190,91.666667,8.008089,70.070779
121390.488000,2469,1,87.089947,762.037037,66.572295,582.507583
121493.889000,156,5,5.502646,48.148148,4.206269,36.804853
121494.060000,2125,72,74.955908,655.864198,57.296933,501.348163
121533.073000,2207,1,77.848325,681.172840,59.507920,520.694304
121535.651000,676,56,23.844797,208.641975,18.227165,159.487698
121624.293000,4235,1,149.382716,1307.098765,114.189417,999.157398
121625.108000,394,7,13.897707,121.604938,10.623525,92.955848
121641.783000,2470,79,87.125220,762.345679,66.599259,582.743512
121644.212000,4426,3,156.119929,1366.049383,119.339400,1044.219751
121743.490000,7046,3,248.536155,2174.691358,189.983148,1662.352545
121744.079000,2481,1,87.513228,765.740741,66.895854,585.338726
121759.040000,684,4,24.126984,211.111111,18.442872,161.375126
121780.007000,5053,1,178.236332,1559.567901,136.245366,1192.146950
121781.226000,3299,1,116.366843,1018.209877,88.951803,778.328278
121875.845000,395,11,13.932981,121.913580,10.650489,93.191776
121875.985000,4235,3,149.382716,1307.098765,114.189417,999.157398
122010.776000,4750,1,167.548501,1466.049383,128.075497,1120.660600
122012.889000,992,2,34.991182,306.172840,26.747556,234.041119
122036.861000,5053,5,178.236332,1559.567901,136.245366,1192.146950
122039.268000,3300,7,116.402116,1018.518519,88.978766,778.564206
122078.616000,2367,30,83.492063,730.555556,63.822042,558.442872
122079.892000,2266,2,79.929453,699.382716,61.098753,534.614088
122080.621000,1380,9,48.677249,425.925926,37.209302,325.581395
122126.486000,380,9,13.403880,117.283951,10.246040,89.652848
122127.950000,2935,6,103.527337,905.864198,79.137176,692.450286
122128.503000,396,11,13.968254,122.222222,10.677452,93.427705
122141.236000,2808,1,99.047619,866.666667,75.712841,662.487361
122243.885000,2126,1,74.991182,656.172840,57.323896,501.584092
122262.816000,24,45,0.846561,7.407407,0.647118,5.662285
122280.371000,2208,1,77.883598,681.481481,59.534884,520.930233
122390.557000,2469,1,87.089947,762.037037,66.572295,582.507583
122495.350000,3506,2,123.668430,1082.098765,94.533199,827.165487
122496.502000,1207,1,42.574956,372.530864,32.544658,284.765757
122532.735000,5056,4,178.342152,1560.493827,136.326255,1192.854735
122535.263000,3300,9,116.402116,1018.518519,88.978766,778.564206
122579.387000,3014,1,106.313933,930.246914,81.267273,711.088642
122629.575000,2937,1,103.597884,906.481481,79.191102,692.922144
122761.783000,468,28,16.507937,144.444444,12.618807,110.414560
122780.325000,2209,5,77.918871,681.790123,59.561847,521.166161
122781.478000,3300,1,116.402116,1018.518519,88.978766,778.564206
122878.075000,4235,1,149.382716,1307.098765,114.189417,999.157398
122878.155000,4081,2,143.950617,1259.567901,110.037074,962.824402
122879.742000,396,15,13.968254,122.222222,10.677452,93.427705
122891.048000,2470,73,87.125220,762.345679,66.599259,582.743512
122995.949000,3504,6,123.597884,1081.481481,94.479272,826.693630
122997.630000,2127,18,75.026455,656.481481,57.350859,501.820020
123030.736000,3300,4,116.402116,1018.518519,88.978766,778.564206
123125.525000,2940,1,103.703704,907.407407,79.271992,693.629929
123126.765000,4235,10,149.382716,1307.098765,114.189417,999.157398
123127.076000,4081,32,143.950617,1259.567901,110.037074,962.824402
123142.140000,1070,6,37.742504,330.246914,28.850691,252.443546
123142.706000,2808,4,99.047619,866.666667,75.712841,662.487361
123243.376000,3504,6,123.597884,1081.481481,94.479272,826.693630
123244.019000,3504,4,123.597884,1081.481481,94.479272,826.693630
123328.047000,1084,3,38.236332,334.567901,29.228177,255.746545
123493.006000,2126,7,74.991182,656.172840,57.323896,501.584092
123493.868000,3503,5,123.562610,1081.172840,94.452309,826.457701
123578.626000,6305,16,222.398589,1945.987654,170.003370,1487.529491
123641.932000,154,3,5.432099,47.530864,4.152342,36.332996
123744.150000,3503,4,123.562610,1081.172840,94.452309,826.457701
123823.637000,4170,7,147.089947,1287.037037,112.436805,983.822042
123873.970000,396,9,13.968254,122.222222,10.677452,93.427705
123891.653000,2471,70,87.160494,762.654321,66.626222,582.979441
123892.472000,2809,4,99.082892,866.975309,75.739805,662.723290
123992.739000,2128,1,75.061728,656.790123,57.377823,502.055949
124011.078000,901,27,31.781305,278.086420,24.293900,212.571621
124011.573000,197,7,6.948854,60.802469,5.311763,46.477924
124012.758000,691,7,24.373898,213.271605,18.631614,163.026626
124077.557000,1596,16,56.296296,492.592593,43.033367,376.541962
124077.809000,6305,1,222.398589,1945.987654,170.003370,1487.529491
124077.884000,4872,2,171.851852,1503.703704,131.365015,1149.443883
124124.922000,396,9,13.968254,122.222222,10.677452,93.427705
124242.557000,155,1,5.467372,47.839506,4.179306,36.568925
124258.241000,469,23,16.543210,144.753086,12.645770,110.650489
124280.962000,2852,12,100.599647,880.246914,76.899225,672.868217
124325.425000,3016,12,106.384480,930.864198,81.321200,711.560499
124390.785000,1396,3,49.241623,430.864198,37.640715,329.356252
124392.247000,4426,3,156.119929,1366.049383,119.339400,1044.219751
124622.143000,4238,9,149.488536,1308.024691,114.270307,999.865184
124640.723000,2416,1,85.220459,745.679012,65.143242,570.003370
124742.980000,155,1,5.467372,47.839506,4.179306,36.568925
124744.134000,2126,11,74.991182,656.172840,57.323896,501.584092
124747.525000,6968,3,245.784832,2150.617284,187.880013,1643.950118
124830.522000,6305,10,222.398589,1945.987654,170.003370,1487.529491
124871.540000,4238,9,149.488536,1308.024691,114.270307,999.865184
124892.511000,1402,8,49.453263,432.716049,37.802494,330.771823
124992.815000,155,2,5.467372,47.839506,4.179306,36.568925
125021.133000,198,3,6.984127,61.111111,5.338726,46.713852
125027.005000,27,12,0.952381,8.333333,0.728008,6.370071
125028.388000,469,20,16.543210,144.753086,12.645770,110.650489
125033.229000,1172,48,41.340388,361.728395,31.600944,276.508257
125081.346000,1811,87,63.880071,558.950617,48.830468,427.266599
125082.435000,1095,20,38.624339,337.962963,29.524772,258.341759
125085.306000,498,4,17.566138,153.703704,13.427705,117.492417
125142.010000,2470,1,87.125220,762.345679,66.599259,582.743512
125142.635000,2809,1,99.082892,866.975309,75.739805,662.723290
125145.480000,1815,13,64.021164,560.185185,48.938322,428.210313
125372.402000,1562,4,55.097002,482.098765,42.116616,368.520391
125373.737000,4431,9,156.296296,1367.592593,119.474216,1045.399393
125374.399000,398,13,14.038801,122.839506,10.731378,93.899562
125391.378000,1816,12,64.056437,560.493827,48.965285,428.446242
125493.877000,1791,13,63.174603,552.777778,48.291203,422.548028
125497.578000,1204,12,42.469136,371.604938,32.463768,284.057971
125512.217000,198,8,6.984127,61.111111,5.338726,46.713852
125574.823000,4665,4,164.550265,1439.814815,125.783620,1100.606673
125621.465000,1562,1,55.097002,482.098765,42.116616,368.520391
125624.038000,2941,16,103.738977,907.716049,79.298955,693.865858
125744.825000,2564,23,90.440917,791.358025,69.133805,604.920795
125746.442000,2127,8,75.026455,656.481481,57.350859,501.820020
125750.131000,7678,1,270.828924,2369.753086,207.023930,1811.459387
125750.502000,170,2,5.996473,52.469136,4.583755,40.107853
125758.121000,198,8,6.984127,61.111111,5.338726,46.713852
125873.364000,4081,165,143.950617,1259.567901,110.037074,962.824402
125892.633000,1815,13,64.021164,560.185185,48.938322,428.210313
126121.182000,1563,3,55.132275,482.407407,42.143579,368.756320
126122.809000,2942,1,103.774250,908.024691,79.325918,694.101786
126244.666000,2128,25,75.061728,656.790123,57.377823,502.055949
126265.239000,200,6,7.054674,61.728395,5.392653,47.185709
126265.814000,2553,3,90.052910,787.962963,68.837209,602.325581
126279.779000,2856,23,100.740741,881.481481,77.007078,673.811931
126372.822000,1563,3,55.132275,482.407407,42.143579,368.756320
126390.831000,2470,2,87.125220,762.345679,66.599259,582.743512
126391.720000,5017,15,176.966490,1548.456790,135.274688,1183.653522
126395.414000,1816,12,64.056437,560.493827,48.965285,428.446242
126510.293000,692,8,24.409171,213.580247,18.658578,163.262555
126642.694000,680,7,23.985891,209.876543,18.335019,160.431412
126646.271000,4426,11,156.119929,1366.049383,119.339400,1044.219751
126748.769000,172,21,6.067019,53.086420,4.637681,40.579710
126749.066000,18,16,0.634921,5.555556,0.485339,4.246714
126750.339000,7681,23,270.934744,2370.679012,207.104820,1812.167172
126760.174000,470,1,16.578483,145.061728,12.672733,110.886417
126823.983000,4666,1,164.585538,1440.123457,125.810583,1100.842602
126872.330000,4242,1,149.629630,1309.259259,114.378160,1000.808898
126890.931000,679,223,23.950617,209.567901,18.308055,160.195484
126892.578000,1094,24,38.589065,337.654321,29.497809,258.105831
127016.861000,25,1,0.881834,7.716049,0.674082,5.898214
127018.068000,692,8,24.409171,213.580247,18.658578,163.262555
127019.113000,3224,12,113.721340,995.061728,86.929558,760.633637
127029.955000,3188,14,112.451499,983.950617,85.958881,752.140209
127030.603000,3303,1,116.507937,1019.444444,89.059656,779.271992
127075.148000,2304,5,81.269841,711.111111,62.123357,543.579373
127141.398000,2811,2,99.153439,867.592593,75.793731,663.195147
127244.291000,967,531,34.109347,298.456790,26.073475,228.142905
127261.293000,2263,4,79.823633,698.456790,61.017863,533.906303
127262.333000,530,11,18.694885,163.580247,14.290529,125.042130
127278.454000,3303,1,116.507937,1019.444444,89.059656,779.271992
127324.721000,1522,4,53.686067,469.753086,41.038086,359.083249
127325.147000,1102,1,38.871252,340.123457,29.713515,259.993259
127372.694000,4242,2,149.629630,1309.259259,114.378160,1000.808898
127373.093000,402,76,14.179894,124.074074,10.839232,94.843276
127391.442000,2473,13,87.231041,763.271605,66.680148,583.451298
127393.915000,297,12,10.476190,91.666667,8.008089,70.070779
127493.505000,2129,1,75.097002,657.098765,57.404786,502.291877
127497.734000,7681,52,270.934744,2370.679012,207.104820,1812.167172
127514.640000,26,4,0.917108,8.024691,0.701045,6.134142
127515.205000,762,3,26.878307,235.185185,20.546006,179.777553
127621.735000,4433,18,156.366843,1368.209877,119.528143,1045.871250
127640.975000,2813,5,99.223986,868.209877,75.847658,663.667004
127744.685000,2576,19,90.864198,795.061728,69.457364,607.751938
127746.090000,1205,1,42.504409,371.913580,32.490731,284.293900
127764.117000,471,8,16.613757,145.370370,12.699697,111.122346
127779.708000,2297,1,81.022928,708.950617,61.934614,541.927873
127780.877000,3303,1,116.507937,1019.444444,89.059656,779.271992
127827.866000,7684,27,271.040564,2371.604938,207.185709,1812.874958
127828.564000,6308,6,222.504409,1946.913580,170.084260,1488.237277
127892.443000,1070,6,37.742504,330.246914,28.850691,252.443546
127893.196000,1096,23,38.659612,338.271605,29.551736,258.577688
127893.473000,2814,1,99.259259,868.518519,75.874621,663.902932
127896.461000,1713,12,60.423280,528.703704,46.188069,404.145602
128010.754000,910,2,32.098765,280.864198,24.536569,214.694978
128010.912000,2490,3,87.830688,768.518519,67.138524,587.462083
128011.333000,762,1,26.878307,235.185185,20.546006,179.777553
128074.724000,2319,9,81.798942,715.740741,62.527806,547.118301
128143.169000,3143,19,110.864198,970.061728,84.745534,741.523424
128146.729000,475,59,16.754850,146.604938,12.807550,112.066060
128277.716000,3303,1,116.507937,1019.444444,89.059656,779.271992
128327.236000,4367,44,154.038801,1347.839506,117.748568,1030.299966
128373.121000,104,18,3.668430,32.098765,2.804179,24.536569
128492.510000,2130,12,75.132275,657.407407,57.431749,502.527806
128511.145000,6750,1,238.095238,2083.333333,182.002022,1592.517695
128532.448000,3189,11,112.486772,984.259259,85.985844,752.376138
128574.986000,855,3,30.158730,263.888889,23.053589,201.718908
128621.151000,7680,1,270.899471,2370.370370,207.077856,1811.931244
128641.158000,499,3,17.601411,154.012346,13.454668,117.728345
128641.535000,3965,6,139.858907,1223.765432,106.909336,935.456690
128743.028000,3639,6,128.359788,1123.148148,98.119312,858.543984
128743.822000,964,46,34.003527,297.530864,25.992585,227.435120
128764.711000,471,1,16.613757,145.370370,12.699697,111.122346
128765.309000,760,2,26.807760,234.567901,20.492080,179.305696
128766.064000,2553,3,90.052910,787.962963,68.837209,602.325581
128766.382000,6750,2,238.095238,2083.333333,182.002022,1592.517695
128827.511000,6309,20,222.539683,1947.222222,170.111223,1488.473205
128872.005000,1566,1,55.238095,483.333333,42.224469,369.464105
128872.954000,2945,7,103.880071,908.950617,79.406808,694.809572
128890.877000,5344,5,188.500882,1649.382716,144.091675,1260.802157
128992.996000,5475,240,193.121693,1689.814815,147.623862,1291.708797
129011.612000,2490,3,87.830688,768.518519,67.138524,587.462083
129032.354000,1402,6,49.453263,432.716049,37.802494,330.771823
129032.949000,1402,6,49.453263,432.716049,37.802494,330.771823
129033.525000,1402,6,49.453263,432.716049,37.802494,330.771823
129120.504000,4433,7,156.366843,1368.209877,119.528143,1045.871250
129147.198000,2814,4,99.259259,868.518519,75.874621,663.902932
129243.094000,1205,3,42.504409,371.913580,32.490731,284.293900
129281.692000,1402,6,49.453263,432.716049,37.802494,330.771823
129393.458000,7686,1,271.111111,2372.222222,207.239636,1813.346815
129393.595000,5345,3,188.536155,1649.691358,144.118638,1261.038086
129514.169000,1736,22,61.234568,535.802469,46.808224,409.571958
129521.666000,2552,5,90.017637,787.654321,68.810246,602.089653
129521.724000,694,3,24.479718,214.197531,18.712504,163.734412
129522.803000,761,44,26.843034,234.876543,20.519043,179.541625
129528.376000,1402,6,49.453263,432.716049,37.802494,330.771823
129578.070000,849,9,29.947090,262.037037,22.891810,200.303337
129578.500000,2778,20,97.989418,857.407407,74.903943,655.409505
129622.105000,106,12,3.738977,32.716049,2.858106,25.008426
129640.199000,1096,23,38.659612,338.271605,29.551736,258.577688
129640.216000,4076,15,143.774250,1258.024691,109.902258,961.644759
129766.921000,540,16,19.047619,166.666667,14.560162,127.401416
129775.175000,695,2,24.514991,214.506173,18.739467,163.970340
129775.636000,472,16,16.649030,145.679012,12.726660,111.358274
129776.381000,2551,6,89.982363,787.345679,68.783283,601.853724
129778.791000,1402,8,49.453263,432.716049,37.802494,330.771823
129827.074000,2321,8,81.869489,716.358025,62.581732,547.590158
129828.158000,2139,2,75.449735,660.185185,57.674419,504.651163
129828.716000,7686,10,271.111111,2372.222222,207.239636,1813.346815
129873.110000,4433,15,156.366843,1368.209877,119.528143,1045.871250
129890.482000,2474,10,87.266314,763.580247,66.707112,583.687226
129891.112000,2815,5,99.294533,868.827160,75.901584,664.138861
130029.495000,1402,6,49.453263,432.716049,37.802494,330.771823
130142.323000,2474,10,87.266314,763.580247,66.707112,583.687226
130243.403000,267,16,9.417989,82.407407,7.199191,62.992922
130278.790000,1402,8,49.453263,432.716049,37.802494,330.771823
130373.189000,4431,9,156.296296,1367.592593,119.474216,1045.399393
130374.480000,472,195,16.649030,145.679012,12.726660,111.358274
130390.636000,2816,4,99.329806,869.135802,75.928547,664.374789
130493.303000,156,1,5.502646,48.148148,4.206269,36.804853
130494.963000,25,17,0.881834,7.716049,0.674082,5.898214
130511.377000,542,11,19.118166,167.283951,14.614088,127.873273
130514.329000,27,1,0.952381,8.333333,0.728008,6.370071
130574.633000,2321,1,81.869489,716.358025,62.581732,547.590158
130575.767000,4670,4,164.726631,1441.358025,125.918436,1101.786316
130641.171000,2474,1,87.266314,763.580247,66.707112,583.687226
130641.677000,1096,61,38.659612,338.271605,29.551736,258.577688
130644.106000,476,1,16.790123,146.913580,12.834513,112.301989
130751.120000,2131,13,75.167549,657.716049,57.458713,502.763734
130753.686000,7685,349,271.075838,2371.913580,207.212673,1813.110886
130767.277000,28,17,0.987654,8.641975,0.754971,6.605999
130827.589000,2321,1,81.869489,716.358025,62.581732,547.590158
130829.714000,265,15,9.347443,81.790123,7.145265,62.521065
130872.419000,1771,18,62.469136,546.604938,47.751938,417.829457
130994.252000,156,1,5.502646,48.148148,4.206269,36.804853
131011.105000,946,41,33.368607,291.975309,25.507246,223.188406
131032.953000,2438,7,85.996473,752.469136,65.736434,575.193798
131034.599000,1402,2,49.453263,432.716049,37.802494,330.771823
131077.541000,2322,5,81.904762,716.666667,62.608696,547.826087
131079.857000,2140,1,75.485009,660.493827,57.701382,504.887091
131121.084000,473,1,16.684303,145.987654,12.753623,111.594203
131142.088000,2476,8,87.336861,764.197531,66.761038,584.159083
131263.103000,2263,1,79.823633,698.456790,61.017863,533.906303
131269.269000,27,20,0.952381,8.333333,0.728008,6.370071
131288.217000,2295,85,80.952381,708.333333,61.880688,541.456016
131290.407000,1402,1,49.453263,432.716049,37.802494,330.771823
131291.281000,1402,6,49.453263,432.716049,37.802494,330.771823
131291.976000,1402,6,49.453263,432.716049,37.802494,330.771823
131334.368000,2140,3,75.485009,660.493827,57.701382,504.887091
131371.686000,7667,1,270.440917,2366.358025,206.727334,1808.864173
131372.860000,4519,18,159.400353,1394.753086,121.846983,1066.161105
131496.662000,2132,12,75.202822,658.024691,57.485676,502.999663
131513.777000,2263,5,79.823633,698.456790,61.017863,533.906303
131517.392000,765,7,26.984127,236.111111,20.626896,180.485339
131540.832000,4051,4,142.892416,1250.308642,109.228177,955.746545
131541.055000,1402,9,49.453263,432.716049,37.802494,330.771823
131541.765000,1402,6,49.453263,432.716049,37.802494,330.771823
131585.834000,2441,11,86.102293,753.395062,65.817324,575.901584
131591.863000,3021,11,106.560847,932.407407,81.456016,712.740142
131612.668000,265,4,9.347443,81.790123,7.145265,62.521065
131621.867000,474,2,16.719577,146.296296,12.780586,111.830131
131622.656000,4434,1,156.402116,1368.518519,119.555106,1046.107179
131622.854000,2949,8,104.021164,910.185185,79.514661,695.753286
131641.218000,5348,1,188.641975,1650.617284,144.199528,1261.745871
131751.297000,157,14,5.537919,48.456790,4.233232,37.040782
131761.086000,2263,5,79.823633,698.456790,61.017863,533.906303
131765.432000,27,32,0.952381,8.333333,0.728008,6.370071
131787.294000,1402,6,49.453263,432.716049,37.802494,330.771823
131828.165000,2325,3,82.010582,717.592593,62.689585,548.533873
131829.468000,2140,37,75.485009,660.493827,57.701382,504.887091
131870.929000,2198,4,77.530864,678.395062,59.265251,518.570947
131896.062000,3967,7,139.929453,1224.382716,106.963263,935.928547
131994.477000,27,26,0.952381,8.333333,0.728008,6.370071
132012.322000,544,12,19.188713,167.901235,14.668015,128.345130
132012.874000,2264,4,79.858907,698.765432,61.044826,534.142231
132017.815000,1510,3,53.262787,466.049383,40.714526,356.252107
132121.622000,4434,13,156.402116,1368.518519,119.555106,1046.107179
132146.376000,476,1,16.790123,146.913580,12.834513,112.301989
132147.052000,2131,12,75.167549,657.716049,57.458713,502.763734
132147.992000,476,6,16.790123,146.913580,12.834513,112.301989
132290.431000,1402,6,49.453263,432.716049,37.802494,330.771823
132291.666000,2632,12,92.839506,812.345679,70.967307,620.963937
132325.607000,628,237,22.151675,193.827160,16.932929,148.163128
132391.171000,5059,47,178.447972,1561.419753,136.407145,1193.562521
132391.929000,3046,2,107.442681,940.123457,82.130098,718.638355
132501.485000,27,27,0.952381,8.333333,0.728008,6.370071
132514.764000,1448,1,51.075838,446.913580,39.042804,341.624537
132536.577000,1403,18,49.488536,433.024691,37.829457,331.007752
132627.008000,7686,8,271.111111,2372.222222,207.239636,1813.346815
132628.691000,474,2,16.719577,146.296296,12.780586,111.830131
132640.979000,476,6,16.790123,146.913580,12.834513,112.301989
132745.426000,2593,2,91.463845,800.308642,69.915740,611.762723
132760.453000,693,4,24.444444,213.888889,18.685541,163.498483
132783.903000,1181,26,41.657848,364.506173,31.843613,278.631614
132786.400000,1403,10,49.488536,433.024691,37.829457,331.007752
133017.812000,3224,11,113.721340,995.061728,86.929558,760.633637
133019.166000,28,13,0.987654,8.641975,0.754971,6.605999
133121.022000,3035,1,107.054674,936.728395,81.833502,716.043141
133141.996000,2816,5,99.329806,869.135802,75.928547,664.374789
133146.286000,5349,8,188.677249,1650.925926,144.226491,1261.981800
133250.405000,27,27,0.952381,8.333333,0.728008,6.370071
133278.595000,1181,32,41.657848,364.506173,31.843613,278.631614
133281.190000,274,16,9.664903,84.567901,7.387934,64.644422
133281.392000,1403,18,49.488536,433.024691,37.829457,331.007752
133328.582000,1246,5,43.950617,384.567901,33.596225,293.966970
133330.690000,7684,31,271.040564,2371.604938,207.185709,1812.874958
133371.901000,3037,7,107.125220,937.345679,81.887428,716.514998
133373.819000,2834,2,99.964727,874.691358,76.413886,668.621503
133390.493000,3153,19,111.216931,973.148148,85.015167,743.882710
133391.283000,3046,4,107.442681,940.123457,82.130098,718.638355
133393.897000,3965,6,139.858907,1223.765432,106.909336,935.456690
133394.163000,479,1,16.895944,147.839506,12.915403,113.009774
133394.379000,1862,11,65.679012,574.691358,50.205595,439.298955
133510.355000,30,11,1.058201,9.259259,0.808898,7.077856
133527.063000,1403,15,49.488536,433.024691,37.829457,331.007752
133528.231000,1403,18,49.488536,433.024691,37.829457,331.007752
133621.309000,7669,1,270.511464,2366.975309,206.781261,1809.336030
133621.878000,958,13,33.791887,295.679012,25.830806,226.019548
133642.092000,3364,12,118.659612,1038.271605,90.704415,793.663633
133644.534000,1861,64,65.643739,574.382716,50.178632,439.063027
133645.876000,1862,13,65.679012,574.691358,50.205595,439.298955
133756.550000,4797,3,169.206349,1480.555556,129.342770,1131.749242
133777.120000,2860,7,100.881834,882.716049,77.114931,674.755645
133779.239000,274,3,9.664903,84.567901,7.387934,64.644422
133779.422000,1403,18,49.488536,433.024691,37.829457,331.007752
133780.337000,1403,18,49.488536,433.024691,37.829457,331.007752
133823.603000,849,3,29.947090,262.037037,22.891810,200.303337
134007.417000,552,13,19.470899,170.370370,14.883721,130.232558
134011.395000,947,17,33.403880,292.283951,25.534210,223.424334
134027.413000,957,14,33.756614,295.370370,25.803842,225.783620
134027.902000,2859,1,100.846561,882.407407,77.087968,674.519717
134029.493000,1404,6,49.523810,433.333333,37.856421,331.243680
134030.706000,1404,16,49.523810,433.333333,37.856421,331.243680
134144.225000,3967,49,139.929453,1224.382716,106.963263,935.928547
134245.855000,951,19,33.544974,293.518519,25.642063,224.368049
134259.789000,29,6,1.022928,8.950617,0.781935,6.841928
134260.435000,2662,2,93.897707,821.604938,71.776205,628.041793
134278.197000,1404,13,49.523810,433.333333,37.856421,331.243680
134279.185000,274,34,9.664903,84.567901,7.387934,64.644422
134279.492000,1404,15,49.523810,433.333333,37.856421,331.243680
134371.744000,633,1,22.328042,195.370370,17.067745,149.342770
134372.654000,635,6,22.398589,195.987654,17.121672,149.814628
134374.099000,7669,1,270.511464,2366.975309,206.781261,1809.336030
134391.250000,1070,11,37.742504,330.246914,28.850691,252.443546
134392.558000,1014,4,35.767196,312.962963,27.340748,239.231547
134393.054000,5350,5,188.712522,1651.234568,144.253455,1262.217728
134526.957000,2419,6,85.326279,746.604938,65.224132,570.711156
134528.297000,1405,14,49.559083,433.641975,37.883384,331.479609
134581.226000,268,9,9.453263,82.716049,7.226154,63.228851
134641.012000,1014,10,35.767196,312.962963,27.340748,239.231547
134761.281000,770,2,27.160494,237.654321,20.761712,181.664981
134761.975000,2662,2,93.897707,821.604938,71.776205,628.041793
134762.537000,948,17,33.439153,292.592593,25.561173,223.660263
134777.903000,1405,14,49.559083,433.641975,37.883384,331.479609
134828.740000,1247,18,43.985891,384.876543,33.623188,294.202899
134890.669000,3967,5,139.929453,1224.382716,106.963263,935.928547
135013.955000,31,1,1.093474,9.567901,0.835861,7.313785
135028.391000,1084,8,38.236332,334.567901,29.228177,255.746545
135086.484000,269,11,9.488536,83.024691,7.253118,63.464779
135251.568000,29,14,1.022928,8.950617,0.781935,6.841928
135280.045000,1084,16,38.236332,334.567901,29.228177,255.746545
135335.395000,635,231,22.398589,195.987654,17.121672,149.814628
135339.356000,269,21,9.488536,83.024691,7.253118,63.464779
135372.284000,2197,2,77.495591,678.086420,59.238288,518.335019
135391.135000,1014,3,35.767196,312.962963,27.340748,239.231547
135510.586000,2662,2,93.897707,821.604938,71.776205,628.041793
135512.218000,38,20,1.340388,11.728395,1.024604,8.965285
135527.191000,2862,8,100.952381,883.333333,77.168857,675.227503
135575.406000,1249,13,44.056437,385.493827,33.677115,294.674756
135641.549000,1861,18,65.643739,574.382716,50.178632,439.063027
135642.425000,5350,6,188.712522,1651.234568,144.253455,1262.217728
135642.858000,1014,7,35.767196,312.962963,27.340748,239.231547
135750.704000,2917,95,102.892416,900.308642,78.651837,688.203573
135757.384000,4157,11,146.631393,1283.024691,112.086282,980.754971
135761.558000,947,3,33.403880,292.283951,25.534210,223.424334
135776.896000,744,3,26.243386,229.629630,20.060667,175.530839
135830.706000,405,15,14.285714,125.000000,10.920121,95.551062
135870.818000,7670,21,270.546737,2367.283951,206.808224,1809.571958
135871.723000,4121,1,145.361552,1271.913580,111.115605,972.261544
135891.363000,2511,10,88.571429,775.000000,67.704752,592.416582
136008.978000,947,1,33.403880,292.283951,25.534210,223.424334
136027.858000,3189,29,112.486772,984.259259,85.985844,752.376138
136073.870000,3101,2,109.382716,957.098765,83.613077,731.614425
136123.891000,4121,6,145.361552,1271.913580,111.115605,972.261544
136142.630000,3969,64,140.000000,1225.000000,107.017189,936.400404
136277.088000,2861,5,100.917108,883.024691,77.141894,674.991574
136281.329000,4332,5,152.804233,1337.037037,116.804853,1022.042467
136390.639000,1014,7,35.767196,312.962963,27.340748,239.231547
136391.098000,227,32,8.007055,70.061728,6.120661,53.555780
136510.545000,911,2,32.134039,281.172840,24.563532,214.930907
136579.219000,269,12,9.488536,83.024691,7.253118,63.464779
136754.233000,33,13,1.164021,10.185185,0.889788,7.785642
136761.783000,38,18,1.340388,11.728395,1.024604,8.965285
136762.219000,948,7,33.439153,292.592593,25.561173,223.660263
136776.803000,2773,2,97.813051,855.864198,74.769127,654.229862
136828.347000,4369,2,154.109347,1348.456790,117.802494,1030.771823
136830.545000,7686,47,271.111111,2372.222222,207.239636,1813.346815
136876.431000,475,268,16.754850,146.604938,12.807550,112.066060
136892.980000,1015,8,35.802469,313.271605,27.367711,239.467476
137008.376000,926,16,32.663139,285.802469,24.967981,218.469835
137014.255000,694,9,24.479718,214.197531,18.712504,163.734412
137027.291000,486,219,17.142857,150.000000,13.104146,114.661274
137027.914000,2424,4,85.502646,748.148148,65.358948,571.890799
137121.732000,3041,191,107.266314,938.580247,81.995281,717.458713
137123.801000,1775,3,62.610229,547.839506,47.859791,418.773172
137140.757000,2148,13,75.767196,662.962963,57.917088,506.774520
137141.775000,5990,14,211.287478,1848.765432,161.509943,1413.211999
137142.217000,499,3,17.601411,154.012346,13.454668,117.728345
137251.981000,3648,1,128.677249,1125.925926,98.361982,860.667341
137255.586000,2917,121,102.892416,900.308642,78.651837,688.203573
137257.626000,4785,11,168.783069,1476.851852,129.019211,1128.918099
137393.011000,5993,25,211.393298,1849.691358,161.590832,1413.919784
137508.738000,39,1,1.375661,12.037037,1.051567,9.201213
137509.820000,1218,1,42.962963,375.925926,32.841254,287.360971
137509.932000,4477,3,157.918871,1381.790123,120.714526,1056.252107
137579.303000,7686,115,271.111111,2372.222222,207.239636,1813.346815
137622.445000,3826,17,134.955908,1180.864198,103.161443,902.662622
137641.367000,1109,40,39.118166,342.283951,29.902258,261.644759
137641.631000,2481,1,87.513228,765.740741,66.895854,585.338726
137643.465000,5352,4,188.783069,1651.851852,144.307381,1262.689585
137658.413000,5994,6,211.428571,1850.000000,161.617796,1414.155713
137750.333000,956,314,33.721340,295.061728,25.776879,225.547691
137757.214000,2901,13,102.328042,895.370370,78.220425,684.428716
137762.817000,697,24,24.585538,215.123457,18.793394,164.442198
137777.414000,2862,22,100.952381,883.333333,77.168857,675.227503
137778.627000,2428,11,85.643739,749.382716,65.466801,572.834513
137781.762000,988,5,34.850088,304.938272,26.639703,233.097405
137827.092000,850,8,29.982363,262.345679,22.918773,200.539265
137828.016000,2719,9,95.908289,839.197531,73.313111,641.489720
137828.708000,407,4,14.356261,125.617284,10.974048,96.022919
137997.353000,30,14,1.058201,9.259259,0.808898,7.077856
138011.953000,39,7,1.375661,12.037037,1.051567,9.201213
138013.104000,948,2,33.439153,292.592593,25.561173,223.660263
138013.375000,40,1,1.410935,12.345679,1.078531,9.437142
138013.455000,5053,9,178.236332,1559.567901,136.245366,1192.146950
138028.468000,1406,12,49.594356,433.950617,37.910347,331.715538
138150.565000,746,4,26.313933,230.246914,20.114594,176.002696
138278.262000,6595,2,232.627866,2035.493827,177.822717,1555.948770
138330.758000,267,15,9.417989,82.407407,7.199191,62.992922
138373.351000,3826,17,134.955908,1180.864198,103.161443,902.662622
138376.515000,4125,1,145.502646,1273.148148,111.223458,973.205258
138398.001000,5351,5,188.747795,1651.543210,144.280418,1262.453657
138398.072000,5994,15,211.428571,1850.000000,161.617796,1414.155713
138497.738000,4477,3,157.918871,1381.790123,120.714526,1056.252107
138506.792000,41,1,1.446208,12.654321,1.105494,9.673070
138526.880000,2438,3,85.996473,752.469136,65.736434,575.193798
138576.998000,7685,28,271.075838,2371.913580,207.212673,1813.110886
138647.015000,481,227,16.966490,148.456790,12.969329,113.481631
138749.185000,31,14,1.093474,9.567901,0.835861,7.313785
138749.927000,3648,2,128.677249,1125.925926,98.361982,860.667341
138756.902000,2267,5,79.964727,699.691358,61.125716,534.850017
138823.669000,890,1,31.393298,274.691358,23.997304,209.976407
138905.894000,1108,1,39.082892,341.975309,29.875295,261.408830
138906.441000,7686,42,271.111111,2372.222222,207.239636,1813.346815
138907.130000,1078,3,38.024691,332.716049,29.066397,254.330974
138907.618000,4080,7,143.915344,1259.259259,110.010111,962.588473
138910.987000,4380,22,154.497354,1351.851852,118.099090,1033.367037
139008.267000,4157,13,146.631393,1283.024691,112.086282,980.754971
139015.111000,2551,3,89.982363,787.345679,68.783283,601.853724
139015.606000,947,6,33.403880,292.283951,25.534210,223.424334
139028.194000,490,5,17.283951,151.234568,13.211999,115.604988
139029.010000,2864,1,101.022928,883.950617,77.222784,675.699360
139029.437000,2438,5,85.996473,752.469136,65.736434,575.193798
139247.533000,3648,69,128.677249,1125.925926,98.361982,860.667341
139256.871000,660,3,23.280423,203.703704,17.795753,155.712841
139257.651000,5625,3,198.412698,1736.111111,151.668352,1327.098079
139264.818000,43,19,1.516755,13.271605,1.159420,10.144928
139265.578000,947,4,33.403880,292.283951,25.534210,223.424334
139283.780000,959,4,33.827160,295.987654,25.857769,226.255477
139327.090000,4176,42,147.301587,1288.888889,112.598584,985.237614
139327.881000,269,2,9.488536,83.024691,7.253118,63.464779
139392.336000,1108,4,39.082892,341.975309,29.875295,261.408830
139526.547000,3383,6,119.329806,1044.135802,91.216717,798.146276
139527.645000,4050,1,142.857143,1250.000000,109.201213,955.510617
139578.030000,4893,1,172.592593,1510.185185,131.931244,1154.398382
139646.139000,749,1,26.419753,231.172840,20.195484,176.710482
139648.378000,5995,15,211.463845,1850.308642,161.644759,1414.391641
139746.995000,2915,15,102.821869,899.691358,78.597910,687.731716
139757.479000,2269,12,80.035273,700.308642,61.179643,535.321874
139764.528000,345,38,12.169312,106.481481,9.302326,81.395349
139765.443000,947,22,33.403880,292.283951,25.534210,223.424334
139766.147000,43,3,1.516755,13.271605,1.159420,10.144928
139825.214000,269,20,9.488536,83.024691,7.253118,63.464779
139895.290000,749,12,26.419753,231.172840,20.195484,176.710482
139996.564000,1807,3,63.738977,557.716049,48.722615,426.322885
139997.620000,4482,13,158.095238,1383.333333,120.849343,1057.431749
140036.509000,745,10,26.278660,229.938272,20.087631,175.766768
140037.907000,1084,15,38.236332,334.567901,29.228177,255.746545
140130.767000,4436,1,156.472663,1369.135802,119.609033,1046.579036
140148.036000,2511,10,88.571429,775.000000,67.704752,592.416582
140148.349000,949,1,33.474427,292.901235,25.588136,223.896191
140148.974000,949,1,33.474427,292.901235,25.588136,223.896191
140151.884000,5356,1,188.924162,1653.086420,144.415234,1263.633300
140249.263000,928,16,32.733686,286.419753,25.021908,218.941692
140250.755000,35,20,1.234568,10.802469,0.943714,8.257499
140257.849000,44,1,1.552028,13.580247,1.186384,10.380856
140258.606000,4758,9,167.830688,1468.518519,128.291203,1122.548028
140381.849000,958,13,33.791887,295.679012,25.830806,226.019548
140383.862000,4436,2,156.472663,1369.135802,119.609033,1046.579036
140396.565000,949,2,33.474427,292.901235,25.588136,223.896191
140397.287000,2483,1,87.583774,766.358025,66.949781,585.810583
140398.067000,3490,21,123.104056,1077.160494,94.101786,823.390630
140508.142000,2265,10,79.894180,699.074074,61.071790,534.378160
140512.772000,2551,3,89.982363,787.345679,68.783283,601.853724
140527.166000,4051,3,142.892416,1250.308642,109.228177,955.746545
140574.997000,7677,53,270.793651,2369.444444,206.996967,1811.223458
140625.588000,475,752,16.754850,146.604938,12.807550,112.066060
140641.805000,950,1,33.509700,293.209877,25.615099,224.132120
140746.231000,2307,3,81.375661,712.037037,62.204247,544.287159
140757.175000,4162,8,146.807760,1284.567901,112.221099,981.934614
140893.190000,1109,8,39.118166,342.283951,29.902258,261.644759
140994.438000,6966,1,245.714286,2150.000000,187.826087,1643.478261
141008.338000,46,1,1.622575,14.197531,1.240310,10.852713
141028.769000,1183,21,41.728395,365.123457,31.897540,279.103472
141030.469000,988,12,34.850088,304.938272,26.639703,233.097405
141030.909000,1120,1,39.506173,345.679012,30.198854,264.239973
141076.907000,3434,3,121.128748,1059.876543,92.591844,810.178632
141077.199000,4895,2,172.663139,1510.802469,131.985170,1154.870239
141126.330000,111,11,3.915344,34.259259,2.992922,26.188069
141126.759000,3828,26,135.026455,1181.481481,103.215369,903.134479
141143.100000,750,5,26.455026,231.481481,20.222447,176.946411
141250.924000,1807,5,63.738977,557.716049,48.722615,426.322885
141251.351000,6967,9,245.749559,2150.308642,187.853050,1643.714189
141331.514000,6309,3,222.539683,1947.222222,170.111223,1488.473205
141333.049000,7678,52,270.828924,2369.753086,207.023930,1811.459387
141372.581000,4437,3,156.507937,1369.444444,119.635996,1046.814965
141403.298000,5998,1,211.569665,1851.234568,161.725649,1415.099427
141495.144000,930,4,32.804233,287.037037,25.075834,219.413549
141527.612000,2864,12,101.022928,883.950617,77.222784,675.699360
141581.907000,849,18,29.947090,262.037037,22.891810,200.303337
141625.875000,2478,2,87.407407,764.814815,66.814965,584.630940
141627.929000,1776,2,62.645503,548.148148,47.886754,419.009100
141651.144000,1453,43,51.252205,448.456790,39.177620,342.804179
141651.455000,1109,34,39.118166,342.283951,29.902258,261.644759
141758.704000,4761,15,167.936508,1469.444444,128.372093,1123.255814
141777.214000,3385,5,119.400353,1044.753086,91.270644,798.618133
141778.835000,1280,2,45.149912,395.061728,34.512976,301.988541
141830.570000,1610,63,56.790123,496.913580,43.410853,379.844961
141832.682000,278,12,9.805996,85.802469,7.495787,65.588136
141833.391000,897,3,31.640212,276.851852,24.186047,211.627907
141873.666000,276,24,9.735450,85.185185,7.441860,65.116279
141902.000000,1016,39,35.837743,313.580247,27.394675,239.703404
141998.049000,1785,22,62.962963,550.925926,48.129424,421.132457
141998.978000,43,17,1.516755,13.271605,1.159420,10.144928
142000.994000,6967,4,245.749559,2150.308642,187.853050,1643.714189
142012.053000,48,14,1.693122,14.814815,1.294237,11.324570
142149.533000,2448,1,86.349206,755.555556,66.006067,577.553084
142151.164000,3974,9,140.176367,1226.543210,107.152005,937.580047
142151.569000,1907,4,67.266314,588.580247,51.418942,449.915740
142151.636000,5357,253,188.959436,1653.395062,144.442198,1263.869228
142276.938000,5053,1,178.236332,1559.567901,136.245366,1192.146950
142329.144000,6311,8,222.610229,1947.839506,170.165150,1488.945062
142376.151000,2639,1,93.086420,814.506173,71.156050,622.615436
142378.510000,280,15,9.876543,86.419753,7.549714,66.059993
142398.388000,5999,14,211.604938,1851.543210,161.752612,1415.335356
142498.630000,718,91,25.326279,221.604938,19.359623,169.396697
142499.574000,43,17,1.516755,13.271605,1.159420,10.144928
142526.679000,5053,1,178.236332,1559.567901,136.245366,1192.146950
142528.478000,2868,11,101.164021,885.185185,77.330637,676.643074
142531.679000,1280,1,45.149912,395.061728,34.512976,301.988541
142581.199000,410,15,14.462081,126.543210,11.054938,96.730704
142582.533000,896,8,31.604938,276.543210,24.159083,211.391978
142630.571000,3831,18,135.132275,1182.407407,103.296259,903.842265
142643.948000,1111,2,39.188713,342.901235,29.956185,262.116616
142756.897000,2547,4,89.841270,786.111111,68.675430,600.910010
142778.264000,5053,15,178.236332,1559.567901,136.245366,1192.146950
142900.786000,4426,3,156.119929,1366.049383,119.339400,1044.219751
142997.117000,3680,2,129.805996,1135.802469,99.224806,868.217054
143011.247000,700,14,24.691358,216.049383,18.874284,165.149983
143029.436000,494,1,17.425044,152.469136,13.319852,116.548702
143032.315000,277,13,9.770723,85.493827,7.468824,65.352208
143044.612000,2299,337,81.093474,709.567901,61.988541,542.399730
143146.159000,3064,5,108.077601,945.679012,82.615436,722.885069
143148.129000,1454,65,51.287478,448.765432,39.204584,343.040108
143246.402000,932,1,32.874780,287.654321,25.129761,219.885406
143261.912000,700,44,24.691358,216.049383,18.874284,165.149983
143325.440000,6314,5,222.716049,1948.765432,170.246040,1489.652848
143379.228000,3831,16,135.132275,1182.407407,103.296259,903.842265
143381.962000,281,23,9.911817,86.728395,7.576677,66.295922
143393.729000,1111,3,39.188713,342.901235,29.956185,262.116616
143393.779000,3065,4,108.112875,945.987654,82.642400,723.120998
143499.404000,932,2,32.874780,287.654321,25.129761,219.885406
143502.013000,3680,2,129.805996,1135.802469,99.224806,868.217054
143506.738000,2550,9,89.947090,787.037037,68.756320,601.617796
143578.310000,7669,7,270.511464,2366.975309,206.781261,1809.336030
143578.813000,897,4,31.640212,276.851852,24.186047,211.627907
143645.688000,4426,3,156.119929,1366.049383,119.339400,1044.219751
143645.981000,5999,14,211.604938,1851.543210,161.752612,1415.335356
143743.822000,48,1,1.693122,14.814815,1.294237,11.324570
143745.135000,3681,1,129.841270,1136.111111,99.251769,868.452983
143758.998000,700,21,24.691358,216.049383,18.874284,165.149983
143777.108000,4589,3,161.869489,1416.358025,123.734412,1082.676104
143876.896000,639,9,22.539683,197.222222,17.229525,150.758342
143879.006000,284,23,10.017637,87.654321,7.657567,67.003707
143894.671000,989,6,34.885362,305.246914,26.666667,233.333333
143896.284000,5999,6,211.604938,1851.543210,161.752612,1415.335356
143994.135000,204,20,7.195767,62.962963,5.500506,48.129424
143998.348000,180,29,6.349206,55.555556,4.853387,42.467139
144012.790000,53,15,1.869489,16.358025,1.429053,12.504213
144014.180000,698,32,24.620811,215.432099,18.820357,164.678126
144075.877000,897,4,31.640212,276.851852,24.186047,211.627907
144122.562000,2640,4,93.121693,814.814815,71.183013,622.851365
144148.382000,3490,14,123.104056,1077.160494,94.101786,823.390630
144260.539000,3683,1,129.911817,1136.728395,99.305696,868.924840
144260.980000,699,2,24.656085,215.740741,18.847321,164.914055
144277.031000,493,106,17.389771,152.160494,13.292888,116.312774
144279.665000,954,15,33.650794,294.444444,25.722952,225.075834
144330.829000,2831,2,99.858907,873.765432,76.332996,667.913718
144335.800000,2441,4,86.102293,753.395062,65.817324,575.901584
144394.339000,3065,1,108.112875,945.987654,82.642400,723.120998
144394.964000,1111,2,39.188713,342.901235,29.956185,262.116616
144396.199000,2072,11,73.086420,639.506173,55.867880,488.843950
144495.847000,179,25,6.313933,55.246914,4.826424,42.231210
144508.361000,701,4,24.726631,216.358025,18.901247,165.385912
144531.738000,953,18,33.615520,294.135802,25.695989,224.839906
144581.330000,49,38,1.728395,15.123457,1.321200,11.560499
144584.590000,4888,1,172.416226,1508.641975,131.796427,1153.218739
144632.146000,4439,138,156.578483,1370.061728,119.689922,1047.286822
144647.936000,277,14,9.770723,85.493827,7.468824,65.352208
144650.385000,6000,14,211.640212,1851.851852,161.779575,1415.571284
144744.455000,207,27,7.301587,63.888889,5.581395,48.837209
144778.104000,493,181,17.389771,152.160494,13.292888,116.312774
144825.852000,1609,16,56.754850,496.604938,43.383889,379.609033
144826.435000,2832,1,99.894180,874.074074,76.359960,668.149646
144827.570000,897,4,31.640212,276.851852,24.186047,211.627907
144891.833000,1111,4,39.188713,342.901235,29.956185,262.116616
145013.575000,4165,8,146.913580,1285.493827,112.301989,982.642400
145017.697000,702,1,24.761905,216.666667,18.928210,165.621840
145018.525000,2482,2,87.548501,766.049383,66.922818,585.574655
145028.011000,5056,1,178.342152,1560.493827,136.326255,1192.854735
145028.574000,4765,27,168.077601,1470.679012,128.479946,1124.199528
145030.643000,702,6,24.761905,216.666667,18.928210,165.621840
145124.805000,642,11,22.645503,198.148148,17.310415,151.466127
145261.195000,4166,7,146.948854,1285.802469,112.328952,982.878328
145265.112000,3681,2,129.841270,1136.111111,99.251769,868.452983
145278.098000,5056,23,178.342152,1560.493827,136.326255,1192.854735
145325.400000,2832,1,99.894180,874.074074,76.359960,668.149646
145326.459000,2445,13,86.243386,754.629630,65.925177,576.845298
145373.829000,643,14,22.680776,198.456790,17.337378,151.702056
145403.056000,1016,25,35.837743,313.580247,27.394675,239.703404
145531.273000,1168,23,41.199295,360.493827,31.493091,275.564543
145540.211000,496,2,17.495591,153.086420,13.373778,117.020559
145577.019000,755,1,26.631393,233.024691,20.357263,178.126053
145578.024000,2764,1,97.495591,853.086420,74.526458,652.106505
145578.674000,4134,1,145.820106,1275.925926,111.466127,975.328615
145623.371000,3829,39,135.061728,1181.790123,103.242332,903.370408
145651.513000,4290,14,151.322751,1324.074074,115.672396,1012.133468
145651.752000,278,13,9.805996,85.802469,7.495787,65.588136
145656.800000,1016,27,35.837743,313.580247,27.394675,239.703404
145657.097000,6000,19,211.640212,1851.851852,161.779575,1415.571284
145657.832000,3323,81,117.213404,1025.617284,89.598921,783.990563
145744.351000,487,9,17.178131,150.308642,13.131109,114.897203
145747.041000,6967,8,245.749559,2150.308642,187.853050,1643.714189
145756.799000,4788,1,168.888889,1477.777778,129.100101,1129.625885
145776.400000,2867,30,101.128748,884.876543,77.303674,676.407145
145836.565000,194,18,6.843034,59.876543,5.230873,45.770138
145838.427000,954,3,33.650794,294.444444,25.722952,225.075834
145870.706000,2557,118,90.194004,789.197531,68.945062,603.269296
145871.816000,4493,1,158.483245,1386.728395,121.145939,1060.026963
146075.319000,2832,2,99.894180,874.074074,76.359960,668.149646
146076.087000,7670,24,270.546737,2367.283951,206.808224,1809.571958
146121.049000,2643,1,93.227513,815.740741,71.263903,623.559151
146121.770000,643,13,22.680776,198.456790,17.337378,151.702056
146146.241000,278,5,9.805996,85.802469,7.495787,65.588136
146146.510000,7686,42,271.111111,2372.222222,207.239636,1813.346815
146258.851000,705,2,24.867725,217.592593,19.009100,166.329626
146278.992000,497,1,17.530864,153.395062,13.400741,117.256488
146336.140000,4135,5,145.855379,1276.234568,111.493091,975.564543
146396.182000,747,98,26.349206,230.555556,20.141557,176.238625
146396.474000,2818,4,99.400353,869.753086,75.982474,664.846646
146533.353000,953,17,33.615520,294.135802,25.695989,224.839906
146575.290000,1202,156,42.398589,370.987654,32.409842,283.586114
146575.773000,52,29,1.834215,16.049383,1.402090,12.268284
146579.967000,7673,45,270.652557,2368.209877,206.889114,1810.279744
146621.335000,1138,3,40.141093,351.234568,30.684193,268.486687
146623.430000,3391,96,119.611993,1046.604938,91.432423,800.033704
146744.899000,6968,5,245.784832,2150.617284,187.880013,1643.950118
146746.299000,1313,16,46.313933,405.246914,35.402764,309.774183
146892.147000,755,2,26.631393,233.024691,20.357263,178.126053
146992.747000,208,1,7.336861,64.197531,5.608359,49.073138
147009.747000,914,9,32.239859,282.098765,24.644422,215.638692
147029.315000,2868,3,101.164021,885.185185,77.330637,676.643074
147121.163000,563,4,19.858907,173.765432,15.180317,132.827772
147149.207000,278,1,9.805996,85.802469,7.495787,65.588136
147149.344000,2819,5,99.435626,870.061728,76.009437,665.082575
147152.456000,224,19,7.901235,69.135802,6.039771,52.847995
147322.649000,3022,3,106.596120,932.716049,81.482979,712.976070
147371.588000,434,6,15.308642,133.950617,11.702056,102.392990
147372.353000,563,4,19.858907,173.765432,15.180317,132.827772
147399.292000,2507,5,88.430335,773.765432,67.596899,591.472868
147400.565000,278,14,9.805996,85.802469,7.495787,65.588136
147403.596000,2738,13,96.578483,845.061728,73.825413,645.972363
147510.448000,916,3,32.310406,282.716049,24.698349,216.110549
147520.897000,707,130,24.938272,218.209877,19.063027,166.801483
147573.556000,1609,37,56.754850,496.604938,43.383889,379.609033
147574.983000,1376,9,48.536155,424.691358,37.101449,324.637681
147575.899000,2457,3,86.666667,758.333333,66.248736,579.676441
147576.172000,2755,13,97.178131,850.308642,74.283788,649.983148
147621.881000,434,14,15.308642,133.950617,11.702056,102.392990
147747.545000,1313,14,46.313933,405.246914,35.402764,309.774183
147779.294000,2868,3,101.164021,885.185185,77.330637,676.643074
147822.947000,53,10,1.869489,16.358025,1.429053,12.504213
148009.442000,917,2,32.345679,283.024691,24.725312,216.346478
148036.327000,2954,1,104.197531,911.728395,79.649478,696.932929
148038.519000,4589,5,161.869489,1416.358025,123.734412,1082.676104
148072.446000,476,9,16.790123,146.913580,12.834513,112.301989
148145.605000,222,14,7.830688,68.518519,5.985844,52.376138
148283.702000,498,106,17.566138,153.703704,13.427705,117.492417
148285.871000,4921,2,173.580247,1518.827160,132.686215,1161.004382
148372.443000,4144,5,146.172840,1279.012346,111.735760,977.687900
148374.297000,6911,9,243.774250,2133.024691,186.343108,1630.502191
148375.153000,1834,40,64.691358,566.049383,49.450624,432.692956
148390.814000,279,20,9.841270,86.111111,7.522750,65.824065
148395.738000,1954,14,68.924162,603.086420,52.686215,461.004382
148510.590000,917,2,32.345679,283.024691,24.725312,216.346478
148640.463000,2822,5,99.541446,870.987654,76.090327,665.790361
148642.665000,6000,1,211.640212,1851.851852,161.779575,1415.571284
148744.255000,208,23,7.336861,64.197531,5.608359,49.073138
148747.085000,1373,24,48.430335,423.765432,37.020559,323.929896
148757.157000,4792,6,169.029982,1479.012346,129.207954,1130.569599
148791.781000,953,17,33.615520,294.135802,25.695989,224.839906
148822.336000,2949,5,104.021164,910.185185,79.514661,695.753286
148824.432000,4145,8,146.208113,1279.320988,111.762723,977.923829
148890.203000,756,8,26.666667,233.333333,20.384226,178.361982
148891.231000,1111,16,39.188713,342.901235,29.956185,262.116616
148892.951000,2738,16,96.578483,845.061728,73.825413,645.972363
148993.628000,208,15,7.336861,64.197531,5.608359,49.073138
149012.805000,52,16,1.834215,16.049383,1.402090,12.268284
149035.884000,498,163,17.566138,153.703704,13.427705,117.492417
149037.430000,1184,14,41.763668,365.432099,31.924503,279.339400
149040.499000,4589,14,161.869489,1416.358025,123.734412,1082.676104
149121.426000,646,12,22.786596,199.382716,17.418268,152.409842
149258.137000,2347,2,82.786596,724.382716,63.282777,553.724301
149283.347000,1507,9,53.156966,465.123457,40.633637,355.544321
149324.214000,2555,3,90.123457,788.580247,68.891136,602.797438
149325.766000,1378,10,48.606702,425.308642,37.155376,325.109538
149325.943000,2460,5,86.772487,759.259259,66.329626,580.384226
149326.374000,2755,1,97.178131,850.308642,74.283788,649.983148
149391.831000,562,28,19.823633,173.456790,15.153354,132.591844
149393.750000,3015,5,106.349206,930.555556,81.294237,711.324570
149492.608000,208,23,7.336861,64.197531,5.608359,49.073138
149507.570000,1444,4,50.934744,445.679012,38.934951,340.680822
149574.315000,1378,10,48.606702,425.308642,37.155376,325.109538
149745.188000,566,9,19.964727,174.691358,15.261207,133.535558
149757.155000,716,3,25.255732,220.987654,19.305696,168.924840
149761.087000,917,1,32.345679,283.024691,24.725312,216.346478
149822.809000,196,7,6.913580,60.493827,5.284799,46.241995
149824.687000,7642,1,269.559083,2358.641975,206.053252,1802.965959
149824.750000,2755,1,97.178131,850.308642,74.283788,649.983148
149890.567000,6002,1,211.710758,1852.469136,161.833502,1416.043141
149891.587000,1021,10,36.014109,315.123457,27.529491,240.883047
150072.096000,2557,1,90.194004,789.197531,68.945062,603.269296
150076.967000,7642,7,269.559083,2358.641975,206.053252,1802.965959
150142.324000,2738,39,96.578483,845.061728,73.825413,645.972363
150243.060000,566,19,19.964727,174.691358,15.261207,133.535558
150257.359000,2277,15,80.317460,702.777778,61.395349,537.209302
150323.813000,2557,16,90.194004,789.197531,68.945062,603.269296
150324.278000,52,18,1.834215,16.049383,1.402090,12.268284
150327.862000,5076,3,179.047619,1566.666667,136.865521,1197.573306
150533.352000,1509,25,53.227513,465.740741,40.687563,356.016178
150533.600000,2516,295,88.747795,776.543210,67.839569,593.596225
150573.342000,2950,5,104.056437,910.493827,79.541625,695.989215
150574.369000,1216,114,42.892416,375.308642,32.787327,286.889114
150622.759000,3829,69,135.061728,1181.790123,103.242332,903.370408
150745.870000,210,27,7.407407,64.814815,5.662285,49.544995
150756.806000,4793,5,169.065256,1479.320988,129.234917,1130.805527
150787.724000,1401,10,49.417989,432.407407,37.775531,330.535895
150788.411000,1401,7,49.417989,432.407407,37.775531,330.535895
150822.714000,2385,247,84.126984,736.111111,64.307381,562.689585
150871.201000,3726,6,131.428571,1150.000000,100.465116,879.069767
150871.761000,4501,11,158.765432,1389.197531,121.361645,1061.914392
150873.781000,6915,4,243.915344,2134.259259,186.450961,1631.445905
150992.755000,485,3,17.107584,149.691358,13.077182,114.425345
151034.862000,1509,25,53.227513,465.740741,40.687563,356.016178
151035.483000,1401,1,49.417989,432.407407,37.775531,330.535895
151036.428000,1401,10,49.417989,432.407407,37.775531,330.535895
151072.305000,2563,14,90.405644,791.049383,69.106842,604.684867
151122.648000,648,10,22.857143,200.000000,17.472194,152.881699
151122.933000,2561,4,90.335097,790.432099,69.052915,604.213010
151123.196000,4003,42,141.199295,1235.493827,107.933940,944.421975
151126.081000,6915,8,243.915344,2134.259259,186.450961,1631.445905
151141.776000,279,13,9.841270,86.111111,7.522750,65.824065
151145.705000,970,1,34.215168,299.382716,26.154365,228.850691
151243.675000,632,3,22.292769,195.061728,17.040782,149.106842
151243.909000,209,14,7.372134,64.506173,5.635322,49.309066
151278.207000,1401,10,49.417989,432.407407,37.775531,330.535895
151278.561000,950,15,33.509700,293.209877,25.615099,224.132120
151373.411000,1268,24,44.726631,391.358025,34.189417,299.157398
151374.551000,2561,18,90.335097,790.432099,69.052915,604.213010
151377.408000,435,4,15.343915,134.259259,11.729019,102.628918
151378.743000,1836,43,64.761905,566.666667,49.504550,433.164813
151390.399000,2831,3,99.858907,873.765432,76.332996,667.913718
151394.193000,6005,16,211.816578,1853.395062,161.914392,1416.750927
151508.677000,914,9,32.239859,282.098765,24.644422,215.638692
151530.426000,1404,21,49.523810,433.333333,37.856421,331.243680
151574.604000,58,16,2.045855,17.901235,1.563869,13.683856
151576.957000,5076,3,179.047619,1566.666667,136.865521,1197.573306
151622.293000,1140,3,40.211640,351.851852,30.738119,268.958544
151759.417000,2831,12,99.858907,873.765432,76.332996,667.913718
151823.304000,4396,10,155.061728,1356.790123,118.530502,1037.141894
151896.734000,2086,2,73.580247,643.827160,56.245366,492.146950
151896.942000,224,21,7.901235,69.135802,6.039771,52.847995
152008.483000,1267,16,44.691358,391.049383,34.162454,298.921469
152073.815000,2613,22,92.169312,806.481481,70.455005,616.481294
152073.989000,57,7,2.010582,17.592593,1.536906,13.447927
152121.708000,655,1,23.104056,202.160494,17.660937,154.533199
152145.488000,2738,13,96.578483,845.061728,73.825413,645.972363
152145.615000,1209,2,42.645503,373.148148,32.598584,285.237614
152258.766000,53,17,1.869489,16.358025,1.429053,12.504213
152322.367000,57,1,2.010582,17.592593,1.536906,13.447927
152324.267000,7644,11,269.629630,2359.259259,206.107179,1803.437816
152372.625000,7684,3,271.040564,2371.604938,207.185709,1812.874958
152372.924000,3166,22,111.675485,977.160494,85.365689,746.949781
152394.855000,2335,3,82.363316,720.679012,62.959218,550.893158
152493.807000,213,17,7.513228,65.740741,5.743175,50.252781
152509.483000,415,3,14.638448,128.086420,11.189754,97.910347
152529.171000,1404,14,49.523810,433.333333,37.856421,331.243680
152580.451000,56,14,1.975309,17.283951,1.509943,13.211999
152626.240000,2172,1,76.613757,670.370370,58.564206,512.436805
152626.724000,1253,19,44.197531,386.728395,33.784968,295.618470
152628.744000,6918,9,244.021164,2135.185185,186.531850,1632.153691
152645.489000,104,14,3.668430,32.098765,2.804179,24.536569
152646.154000,2086,2,73.580247,643.827160,56.245366,492.146950
152762.639000,55,24,1.940035,16.975309,1.482979,12.976070
152822.456000,1610,4,56.790123,496.913580,43.410853,379.844961
152824.427000,5076,3,179.047619,1566.666667,136.865521,1197.573306
152872.856000,3727,7,131.463845,1150.308642,100.492080,879.305696
153032.499000,2875,22,101.410935,887.345679,77.519380,678.294574
153073.456000,55,18,1.940035,16.975309,1.482979,12.976070
153283.104000,2135,8,75.308642,658.950617,57.566566,503.707449
153284.850000,951,26,33.544974,293.518519,25.642063,224.368049
153322.992000,2618,8,92.345679,808.024691,70.589821,617.660937
153397.052000,2087,2,73.615520,644.135802,56.272329,492.382878
153493.852000,3108,4,109.629630,959.259259,83.801820,733.265925
153532.118000,1184,18,41.763668,365.432099,31.924503,279.339400
153620.773000,3828,54,135.026455,1181.481481,103.215369,903.134479
153992.962000,714,93,25.185185,220.370370,19.251769,168.452983
154015.703000,360,31,12.698413,111.111111,9.706775,84.934277
154072.269000,278,21,9.805996,85.802469,7.495787,65.588136
154141.870000,861,12,30.370370,265.740741,23.215369,203.134479
154146.521000,1266,255,44.656085,390.740741,34.135490,298.685541
154263.011000,1070,7,37.742504,330.246914,28.850691,252.443546
154283.614000,4381,2,154.532628,1352.160494,118.126053,1033.602966
154286.844000,1162,4,40.987654,358.641975,31.331311,274.148972
154391.907000,7153,1003,252.310406,2207.716049,192.868217,1687.596899
154508.482000,298,279,10.511464,91.975309,8.035052,70.306707
154513.456000,917,2,32.345679,283.024691,24.725312,216.346478
154533.276000,1513,23,53.368607,466.975309,40.795416,356.959892
154533.431000,1186,16,41.834215,366.049383,31.978429,279.811257
154535.237000,1161,1,40.952381,358.333333,31.304348,273.913043
154535.792000,1405,12,49.559083,433.641975,37.883384,331.479609
154573.333000,1909,3,67.336861,589.197531,51.472868,450.387597
154822.207000,56,1,1.975309,17.283951,1.509943,13.211999
154871.590000,6528,3,230.264550,2014.814815,176.016178,1540.141557
154891.586000,6009,11,211.957672,1854.629630,162.022245,1417.694641
154997.789000,711,21,25.079365,219.444444,19.170880,167.745197
155032.025000,1405,12,49.559083,433.641975,37.883384,331.479609
155032.780000,1405,12,49.559083,433.641975,37.883384,331.479609
155033.454000,1405,7,49.559083,433.641975,37.883384,331.479609
155072.613000,56,11,1.975309,17.283951,1.509943,13.211999
155073.307000,2624,17,92.557319,809.876543,70.751601,619.076508
155074.131000,1981,3,69.876543,611.419753,53.414223,467.374452
155122.387000,113,13,3.985891,34.876543,3.046849,26.659926
155123.634000,3153,9,111.216931,973.148148,85.015167,743.882710
155124.153000,6920,6,244.091711,2135.802469,186.585777,1632.625548
155124.662000,4691,20,165.467372,1447.839506,126.484665,1106.740816
155142.143000,6010,1,211.992945,1854.938272,162.049208,1417.930570
155249.842000,711,21,25.079365,219.444444,19.170880,167.745197
155281.231000,1514,4,53.403880,467.283951,40.822380,357.195821
155283.190000,1405,12,49.559083,433.641975,37.883384,331.479609
155322.183000,4370,6,154.144621,1348.765432,117.829457,1031.007752
155322.496000,1107,9,39.047619,341.666667,29.848332,261.172902
155391.403000,939,14,33.121693,289.814815,25.318504,221.536906
155496.873000,213,16,7.513228,65.740741,5.743175,50.252781
155535.190000,1405,12,49.559083,433.641975,37.883384,331.479609
155535.630000,1161,1,40.952381,358.333333,31.304348,273.913043
155627.213000,1258,15,44.373898,388.271605,33.919784,296.798113
155628.730000,6920,2,244.091711,2135.802469,186.585777,1632.625548
155629.395000,4530,9,159.788360,1398.148148,122.143579,1068.756320
155757.764000,426,28,15.026455,131.481481,11.486350,100.505561
155758.712000,2281,12,80.458554,704.012346,61.503202,538.153017
155764.234000,1825,4,64.373898,563.271605,49.207954,430.569599
155780.233000,1187,2,41.869489,366.358025,32.005393,280.047186
155781.750000,4909,12,173.156966,1515.123457,132.362656,1158.173239
155826.251000,2757,86,97.248677,850.925926,74.337715,650.455005
155826.731000,1110,1,39.153439,342.592593,29.929221,261.880688
155877.677000,112,24,3.950617,34.567901,3.019885,26.423997
155890.900000,6011,4,212.028219,1855.246914,162.076171,1418.166498
156027.238000,1406,14,49.594356,433.950617,37.910347,331.715538
156071.878000,4373,6,154.250441,1349.691358,117.910347,1031.715538
156073.327000,3412,3,120.352734,1053.086420,91.998652,804.988204
156130.420000,3187,24,112.416226,983.641975,85.931918,751.904280
156133.035000,6920,12,244.091711,2135.802469,186.585777,1632.625548
156244.434000,6962,3,245.573192,2148.765432,187.718234,1642.534547
156259.143000,917,2,32.345679,283.024691,24.725312,216.346478
156277.770000,1186,15,41.834215,366.049383,31.978429,279.811257
156279.700000,1162,1,40.987654,358.641975,31.331311,274.148972
156322.295000,1113,1,39.259259,343.518519,30.010111,262.588473
156392.073000,104,20,3.668430,32.098765,2.804179,24.536569
156507.322000,2680,14,94.532628,827.160494,72.261544,632.288507
156511.946000,33,2,1.164021,10.185185,0.889788,7.785642
156526.570000,1407,12,49.629630,434.259259,37.937310,331.951466
156575.188000,1113,1,39.259259,343.518519,30.010111,262.588473
156749.339000,2831,106,99.858907,873.765432,76.332996,667.913718
156756.843000,1844,1,65.044092,569.135802,49.720256,435.052241
156776.755000,4046,3,142.716049,1248.765432,109.093360,954.566903
156823.957000,1113,17,39.259259,343.518519,30.010111,262.588473
156875.704000,6925,54,244.268078,2137.345679,186.720593,1633.805190
157030.091000,755,1,26.631393,233.024691,20.357263,178.126053
157030.291000,1164,1,41.058201,359.259259,31.385238,274.620829
157072.225000,1221,156,43.068783,376.851852,32.922144,288.068756
157125.892000,4530,9,159.788360,1398.148148,122.143579,1068.756320
157142.922000,6012,1,212.063492,1855.555556,162.103134,1418.402427
157243.875000,33,2,1.164021,10.185185,0.889788,7.785642
157277.060000,228,18,8.042328,70.370370,6.147624,53.791709
157278.102000,1179,23,41.587302,363.888889,31.789687,278.159757
157323.134000,3426,3,120.846561,1057.407407,92.376138,808.291203
157390.871000,752,15,26.525573,232.098765,20.276373,177.418268
157514.667000,7584,45,267.513228,2340.740741,204.489383,1789.282103
157529.712000,4046,3,142.716049,1248.765432,109.093360,954.566903
157530.243000,754,2,26.596120,232.716049,20.330300,177.890125
157573.599000,203,16,7.160494,62.654321,5.473542,47.893495
157575.308000,1632,217,57.566138,503.703704,44.004044,385.035389
157747.560000,2833,1,99.929453,874.382716,76.386923,668.385575
157756.775000,2680,11,94.532628,827.160494,72.261544,632.288507
157778.544000,1179,41,41.587302,363.888889,31.789687,278.159757
157780.425000,1163,1,41.022928,358.950617,31.358274,274.384901
157891.326000,3681,110,129.841270,1136.111111,99.251769,868.452983
157891.549000,4391,11,154.885362,1355.246914,118.395686,1035.962251
158028.640000,1162,6,40.987654,358.641975,31.331311,274.148972
158123.240000,113,12,3.985891,34.876543,3.046849,26.659926
158124.299000,4776,2,168.465608,1474.074074,128.776542,1126.794742
158141.766000,1765,2,62.257496,544.753086,47.590158,416.413886
158143.542000,106,15,3.738977,32.716049,2.858106,25.008426
158262.123000,368,22,12.980600,113.580247,9.922481,86.821705
158277.030000,4046,3,142.716049,1248.765432,109.093360,954.566903
158277.641000,1162,5,40.987654,358.641975,31.331311,274.148972
158323.035000,1115,13,39.329806,344.135802,30.064038,263.060330
158390.651000,6015,3,212.169312,1856.481481,162.184024,1419.110212
158507.171000,4294,415,151.463845,1325.308642,115.780249,1013.077182
158513.004000,1070,7,37.742504,330.246914,28.850691,252.443546
158527.986000,4590,12,161.904762,1416.666667,123.761375,1082.912032
158528.611000,1162,5,40.987654,358.641975,31.331311,274.148972
158623.748000,416,82,14.673721,128.395062,11.216717,98.146276
158757.419000,2284,12,80.564374,704.938272,61.584092,538.860802
158777.762000,2899,30,102.257496,894.753086,78.166498,683.956859
158780.481000,4045,4,142.680776,1248.456790,109.066397,954.330974
158780.586000,749,7,26.419753,231.172840,20.195484,176.710482
158884.264000,6932,59,244.514991,2139.506173,186.909336,1635.456690
159008.191000,143,208,5.044092,44.135802,3.855747,33.737782
159028.656000,229,17,8.077601,70.679012,6.174587,54.027637
159072.609000,7685,9,271.075838,2371.913580,207.212673,1813.110886
159283.418000,1164,1,41.058201,359.259259,31.385238,274.620829
159391.237000,2913,3,102.751323,899.074074,78.543984,687.259858
159527.748000,2899,19,102.257496,894.753086,78.166498,683.956859
159528.627000,1180,6,41.622575,364.197531,31.816650,278.395686
159574.583000,1253,60,44.197531,386.728395,33.784968,295.618470
159624.573000,4500,111,158.730159,1388.888889,121.334681,1061.678463
159758.109000,2495,1,88.007055,770.061728,67.273340,588.641726
160072.120000,58,2,2.045855,17.901235,1.563869,13.683856
160073.201000,2947,8,103.950617,909.567901,79.460735,695.281429
160142.526000,940,3,33.156966,290.123457,25.345467,221.772835
160143.248000,7686,37,271.111111,2372.222222,207.239636,1813.346815
160248.981000,3059,34,107.901235,944.135802,82.480620,721.705426
160262.950000,2286,9,80.634921,705.555556,61.638018,539.332659
160267.640000,201,60,7.089947,62.037037,5.419616,47.421638
160278.988000,747,9,26.349206,230.555556,20.141557,176.238625
160322.640000,58,6,2.045855,17.901235,1.563869,13.683856
160375.486000,4237,1,149.453263,1307.716049,114.243343,999.629255
160393.286000,3971,4,140.070547,1225.617284,107.071116,936.872262
160514.361000,1067,6,37.636684,329.320988,28.769801,251.735760
160573.856000,4877,17,172.028219,1505.246914,131.499831,1150.623525
160577.151000,2541,22,89.629630,784.259259,68.513650,599.494439
160626.665000,6940,57,244.797178,2141.975309,187.125042,1637.344119
160642.893000,7591,39,267.760141,2342.901235,204.678126,1790.933603
160645.574000,1113,3,39.259259,343.518519,30.010111,262.588473
160645.945000,3971,3,140.070547,1225.617284,107.071116,936.872262
160744.408000,2283,3,80.529101,704.629630,61.557128,538.624874
160748.154000,2372,142,83.668430,732.098765,63.956859,559.622514
160761.465000,744,63,26.243386,229.629630,20.060667,175.530839
160777.518000,1164,82,41.058201,359.259259,31.385238,274.620829
160822.475000,60,1,2.116402,18.518519,1.617796,14.155713
160823.721000,2506,8,88.395062,773.456790,67.569936,591.236940
160890.820000,1768,2,62.363316,545.679012,47.671048,417.121672
160992.679000,629,12,22.186949,194.135802,16.959892,148.399056
161020.093000,203,10,7.160494,62.654321,5.473542,47.893495
161129.818000,3829,50,135.061728,1181.790123,103.242332,903.370408
161141.932000,2912,24,102.716049,898.765432,78.517021,687.023930
161244.896000,581,288,20.493827,179.320988,15.665656,137.074486
161247.465000,7679,1,270.864198,2370.061728,207.050893,1811.695315
161270.965000,1414,9,49.876543,436.419753,38.126053,333.602966
161271.380000,7588,39,267.654321,2341.975309,204.597236,1790.225817
161278.479000,2494,82,87.971781,769.753086,67.246377,588.405797
161323.172000,60,27,2.116402,18.518519,1.617796,14.155713
161376.537000,7678,3,270.828924,2369.753086,207.023930,1811.459387
161376.588000,4239,4,149.523810,1308.333333,114.297270,1000.101112
161513.188000,2287,8,80.670194,705.864198,61.664981,539.568588
161519.665000,204,9,7.195767,62.962963,5.500506,48.129424
161526.893000,4592,5,161.975309,1417.283951,123.815302,1083.383889
161527.117000,950,16,33.509700,293.209877,25.615099,224.132120
161527.847000,1166,4,41.128748,359.876543,31.439164,275.092686
161574.935000,498,16,17.566138,153.703704,13.427705,117.492417
161576.608000,7684,23,271.040564,2371.604938,207.185709,1812.874958
161626.389000,1678,40,59.188713,517.901235,45.244355,395.888102
161640.779000,3051,4,107.619048,941.666667,82.264914,719.817998
161641.641000,3971,3,140.070547,1225.617284,107.071116,936.872262
161894.108000,1768,3,62.363316,545.679012,47.671048,417.121672
161895.340000,861,19,30.370370,265.740741,23.215369,203.134479
161992.549000,2835,1,100.000000,875.000000,76.440849,668.857432
162015.297000,204,13,7.195767,62.962963,5.500506,48.129424
162015.523000,2497,19,88.077601,770.679012,67.327267,589.113583
162072.399000,2510,2,88.536155,774.691358,67.677789,592.180654
162135.398000,7671,18,270.582011,2367.592593,206.835187,1809.807887
162141.590000,3052,3,107.654321,941.975309,82.291877,720.053927
162142.162000,941,3,33.192240,290.432099,25.372430,222.008763
162143.650000,2816,18,99.329806,869.135802,75.928547,664.374789
162259.171000,4290,1,151.322751,1324.074074,115.672396,1012.133468
162277.242000,7684,1,271.040564,2371.604938,207.185709,1812.874958
162280.139000,950,13,33.509700,293.209877,25.615099,224.132120
162322.578000,62,6,2.186949,19.135802,1.671722,14.627570
162378.008000,3829,41,135.061728,1181.790123,103.242332,903.370408
162379.308000,1678,43,59.188713,517.901235,45.244355,395.888102
162379.715000,1114,12,39.294533,343.827160,30.037074,262.824402
162390.742000,1768,3,62.363316,545.679012,47.671048,417.121672
162510.447000,2288,7,80.705467,706.172840,61.691945,539.804516
162511.143000,4289,6,151.287478,1323.765432,115.645433,1011.897540
162577.569000,1636,2,57.707231,504.938272,44.111898,385.979103
162578.417000,2510,15,88.536155,774.691358,67.677789,592.180654
162632.029000,1678,8,59.188713,517.901235,45.244355,395.888102
162641.112000,1767,1,62.328042,545.370370,47.644085,416.885743
162643.832000,104,1,3.668430,32.098765,2.804179,24.536569
162761.872000,2290,5,80.776014,706.790123,61.745871,540.276373
162766.169000,204,9,7.195767,62.962963,5.500506,48.129424
162777.582000,950,19,33.509700,293.209877,25.615099,224.132120
162885.106000,433,86,15.273369,133.641975,11.675093,102.157061
162892.016000,4695,10,165.608466,1449.074074,126.592518,1107.684530
162894.689000,104,13,3.668430,32.098765,2.804179,24.536569
163022.050000,204,6,7.195767,62.962963,5.500506,48.129424
163022.293000,2497,89,88.077601,770.679012,67.327267,589.113583
163027.127000,2899,3,102.257496,894.753086,78.166498,683.956859
163072.875000,1635,1,57.671958,504.629630,44.084934,385.743175
163129.955000,4505,60,158.906526,1390.432099,121.469498,1062.858106
163132.631000,7670,1,270.546737,2367.283951,206.808224,1809.571958
163132.877000,6949,30,245.114638,2144.753086,187.367711,1639.467476
163142.674000,7679,8,270.864198,2370.061728,207.050893,1811.695315
163142.880000,3176,39,112.028219,980.246914,85.635322,749.309066
163143.833000,975,9,34.391534,300.925926,26.289181,230.030334
163147.529000,3600,59,126.984127,1111.111111,97.067745,849.342770
163258.934000,7591,15,267.760141,2342.901235,204.678126,1790.933603
163259.255000,1412,44,49.805996,435.802469,38.072127,333.131109
163324.664000,2511,14,88.571429,775.000000,67.704752,592.416582
163325.142000,7671,10,270.582011,2367.592593,206.835187,1809.807887
163393.364000,3974,224,140.176367,1226.543210,107.152005,937.580047
163493.264000,7684,1,271.040564,2371.604938,207.185709,1812.874958
163573.084000,63,21,2.222222,19.444444,1.698686,14.863498
163574.719000,898,1,31.675485,277.160494,24.213010,211.863836
163575.168000,1635,2,57.671958,504.629630,44.084934,385.743175
163576.237000,500,11,17.636684,154.320988,13.481631,117.964274
163641.509000,1702,33,60.035273,525.308642,45.891473,401.550388
163777.351000,480,1,16.931217,148.148148,12.942366,113.245703
163778.977000,3662,9,129.171076,1130.246914,98.739467,863.970340
163822.657000,2512,4,88.606702,775.308642,67.731716,592.652511
163823.764000,500,11,17.636684,154.320988,13.481631,117.964274
163878.306000,3830,33,135.097002,1182.098765,103.269296,903.606336
163892.475000,757,44,26.701940,233.641975,20.411190,178.597910
164012.387000,2292,5,80.846561,707.407407,61.799798,540.748231
164017.516000,916,3,32.310406,282.716049,24.698349,216.110549
164018.127000,3449,2,121.657848,1064.506173,92.996293,813.717560
164030.035000,4592,5,161.975309,1417.283951,123.815302,1083.383889
164077.751000,1636,1,57.707231,504.938272,44.111898,385.979103
164125.633000,7684,1,271.040564,2371.604938,207.185709,1812.874958
164142.031000,1459,6,51.463845,450.308642,39.339400,344.219751
164143.391000,1954,3,68.924162,603.086420,52.686215,461.004382
164143.838000,2387,9,84.197531,736.728395,64.361308,563.161443
164245.313000,7039,1,248.289242,2172.530864,189.794405,1660.701045
164259.139000,4290,1,151.322751,1324.074074,115.672396,1012.133468
164376.491000,7673,17,270.652557,2368.209877,206.889114,1810.279744
164377.581000,4240,1,149.559083,1308.641975,114.324233,1000.337041
164391.905000,1955,17,68.959436,603.395062,52.713178,461.240310
164493.174000,2138,2,75.414462,659.876543,57.647455,504.415234
164510.416000,3464,3,122.186949,1069.135802,93.400741,817.256488
164573.728000,61,87,2.151675,18.827160,1.644759,14.391641
164574.237000,1614,4,56.931217,498.148148,43.518706,380.788675
164575.206000,1127,21,39.753086,347.839506,30.387597,265.891473
164626.568000,434,1,15.308642,133.950617,11.702056,102.392990
164627.348000,3154,5,111.252205,973.456790,85.042130,744.118638
164628.161000,7684,1,271.040564,2371.604938,207.185709,1812.874958
164642.055000,4390,11,154.850088,1354.938272,118.368723,1035.726323
164642.182000,1972,13,69.559083,608.641975,53.171554,465.251095
164762.279000,6449,6,227.477954,1990.432099,173.886080,1521.503202
164767.174000,1003,3,35.379189,309.567901,27.044152,236.636333
165011.497000,4771,3,168.289242,1472.530864,128.641726,1125.615099
165015.363000,1340,25,47.266314,413.580247,36.130772,316.144253
165027.465000,2900,13,102.292769,895.061728,78.193461,684.192787
165027.593000,3664,7,129.241623,1130.864198,98.793394,864.442198
165028.661000,4594,9,162.045855,1417.901235,123.869228,1083.855747
165072.596000,61,18,2.151675,18.827160,1.644759,14.391641
165073.351000,1614,3,56.931217,498.148148,43.518706,380.788675
165127.360000,4240,10,149.559083,1308.641975,114.324233,1000.337041
165247.480000,3068,1,108.218695,946.913580,82.723290,723.828783
165322.396000,1661,3,58.589065,512.654321,44.785979,391.877317
165326.220000,2513,1,88.641975,775.617284,67.758679,592.888440
165382.665000,1917,1,67.619048,591.666667,51.688574,452.275025
165384.009000,3191,15,112.557319,984.876543,86.039771,752.847995
165384.202000,7685,8,271.075838,2371.913580,207.212673,1813.110886
165390.605000,976,22,34.426808,301.234568,26.316144,230.266262
165392.657000,105,13,3.703704,32.407407,2.831143,24.772497
165510.325000,1828,3,64.479718,564.197531,49.288844,431.277385
165572.815000,1127,10,39.753086,347.839506,30.387597,265.891473
165573.787000,1614,3,56.931217,498.148148,43.518706,380.788675
165578.263000,1661,17,58.589065,512.654321,44.785979,391.877317
165630.340000,4837,15,170.617284,1492.901235,130.421301,1141.186384
165631.223000,7669,13,270.511464,2366.975309,206.781261,1809.336030
165633.983000,4696,546,165.643739,1449.382716,126.619481,1107.920458
165825.681000,7686,1,271.111111,2372.222222,207.239636,1813.346815
165827.190000,2513,9,88.641975,775.617284,67.758679,592.888440
165890.933000,4295,4,151.499118,1325.617284,115.807213,1013.313111
165994.310000,67,37,2.363316,20.679012,1.806539,15.807213
166017.848000,1829,2,64.514991,564.506173,49.315807,431.513313
166017.864000,2493,3,87.936508,769.444444,67.219414,588.169869
166019.213000,1339,21,47.231041,413.271605,36.103809,315.908325
166019.983000,1005,11,35.449735,310.185185,27.098079,237.108190
166076.188000,1661,432,58.589065,512.654321,44.785979,391.877317
166125.479000,3830,13,135.097002,1182.098765,103.269296,903.606336
166126.033000,1078,3,38.024691,332.716049,29.066397,254.330974
166127.499000,7686,8,271.111111,2372.222222,207.239636,1813.346815
166253.502000,2160,8,76.190476,666.666667,58.240647,509.605662
166254.997000,1515,9,53.439153,467.592593,40.849343,357.431749
166255.204000,2378,1,83.880071,733.950617,64.118638,561.038086
166277.734000,2331,13,82.222222,719.444444,62.851365,549.949444
166322.469000,2187,18,77.142857,675.000000,58.968655,515.975733
166378.827000,7684,13,271.040564,2371.604938,207.185709,1812.874958
166391.748000,4390,13,154.850088,1354.938272,118.368723,1035.726323
166502.042000,829,17,29.241623,255.864198,22.352545,195.584766
166516.929000,3463,32,122.151675,1068.827160,93.373778,817.020559
166527.046000,4772,2,168.324515,1472.839506,128.668689,1125.851028
166576.105000,4897,6,172.733686,1511.419753,132.039097,1155.342096
166577.248000,1661,13,58.589065,512.654321,44.785979,391.877317
166593.240000,2188,17,77.178131,675.308642,58.995618,516.211662
166625.090000,7039,2,248.289242,2172.530864,189.794405,1660.701045
166625.993000,1919,28,67.689594,592.283951,51.742501,452.746882
166642.812000,105,7,3.703704,32.407407,2.831143,24.772497
166746.221000,3979,1,140.352734,1228.086420,107.286822,938.759690
166747.415000,1663,32,58.659612,513.271605,44.839906,392.349174
166893.080000,105,13,3.703704,32.407407,2.831143,24.772497
166893.564000,1059,2,37.354497,326.851852,28.554095,249.848332
167010.469000,1005,19,35.449735,310.185185,27.098079,237.108190
167028.309000,4045,13,142.680776,1248.456790,109.066397,954.330974
167028.891000,4081,1,143.950617,1259.567901,110.037074,962.824402
167073.012000,1265,24,44.620811,390.432099,34.108527,298.449612
167126.976000,7671,25,270.582011,2367.592593,206.835187,1809.807887
167128.593000,7677,9,270.793651,2369.444444,206.996967,1811.223458
167143.748000,7685,7,271.075838,2371.913580,207.212673,1813.110886
167264.863000,1008,19,35.555556,311.111111,27.178969,237.815976
167322.466000,2188,15,77.178131,675.308642,58.995618,516.211662
167323.193000,66,14,2.328042,20.370370,1.779575,15.571284
167323.759000,1134,16,40.000000,350.000000,30.576340,267.542973
167326.378000,1662,12,58.624339,512.962963,44.812942,392.113246
167378.619000,1547,9,54.567901,477.469136,41.712167,364.981463
167380.666000,4530,9,159.788360,1398.148148,122.143579,1068.756320
167391.641000,1438,18,50.723104,443.827160,38.773172,339.265251
167393.256000,4389,11,154.814815,1354.629630,118.341759,1035.490394
167509.006000,1830,1,64.550265,564.814815,49.342770,431.749242
167572.772000,1617,3,57.037037,499.074074,43.599596,381.496461
167573.021000,741,7,26.137566,228.703704,19.979778,174.823054
167574.587000,4396,15,155.061728,1356.790123,118.530502,1037.141894
167628.176000,1078,3,38.024691,332.716049,29.066397,254.330974
167777.017000,3671,2,129.488536,1133.024691,98.982137,866.093697
167822.214000,2188,9,77.178131,675.308642,58.995618,516.211662
167823.453000,741,7,26.137566,228.703704,19.979778,174.823054
167823.630000,66,22,2.328042,20.370370,1.779575,15.571284
167883.651000,764,15,26.948854,235.802469,20.599933,180.249410
167887.852000,7669,111,270.511464,2366.975309,206.781261,1809.336030
168075.094000,4902,3,172.910053,1512.962963,132.173913,1156.521739
168075.671000,2519,3,88.853616,777.469136,67.920458,594.304011
168124.155000,2330,7,82.186949,719.135802,62.824402,549.713515
168144.484000,7677,6,270.793651,2369.444444,206.996967,1811.223458
168251.977000,3983,79,140.493827,1229.320988,107.394675,939.703404
168265.432000,2508,3,88.465608,774.074074,67.623862,591.708797
168272.398000,1014,9,35.767196,312.962963,27.340748,239.231547
168272.916000,733,69,25.855379,226.234568,19.764071,172.935625
168322.217000,1616,5,57.001764,498.765432,43.572632,381.260533
168322.943000,2189,12,77.213404,675.617284,59.022582,516.447590
168509.620000,2509,3,88.500882,774.382716,67.650826,591.944725
168513.607000,3464,31,122.186949,1069.135802,93.400741,817.256488
168527.153000,1422,56,50.158730,438.888889,38.341759,335.490394
168575.687000,66,30,2.328042,20.370370,1.779575,15.571284
168822.475000,1980,2,69.841270,611.111111,53.387260,467.138524
168874.303000,3829,53,135.061728,1181.790123,103.242332,903.370408
168893.092000,7679,1,270.864198,2370.061728,207.050893,1811.695315
168899.971000,1955,13,68.959436,603.395062,52.713178,461.240310
169028.250000,1176,22,41.481481,362.962963,31.708797,277.451972
169031.168000,4054,4,142.998236,1251.234568,109.309066,956.454331
169072.777000,1033,9,36.437390,318.827160,27.853050,243.714189
169126.377000,1078,3,38.024691,332.716049,29.066397,254.330974
169127.531000,7670,15,270.546737,2367.283951,206.808224,1809.571958
169262.341000,2508,3,88.465608,774.074074,67.623862,591.708797
169321.941000,1980,2,69.841270,611.111111,53.387260,467.138524
169374.385000,2329,3,82.151675,718.827160,62.797438,549.477587
169391.855000,104,28,3.668430,32.098765,2.804179,24.536569
169531.147000,739,2,26.067019,228.086420,19.925851,174.351196
169574.404000,67,37,2.363316,20.679012,1.806539,15.807213
169575.193000,1980,2,69.841270,611.111111,53.387260,467.138524
169626.281000,3086,12,108.853616,952.469136,83.208628,728.075497
169640.597000,1957,1,69.029982,604.012346,52.767105,461.712167
169746.418000,1517,5,53.509700,468.209877,40.903269,357.903606
169763.657000,2229,2,78.624339,687.962963,60.101112,525.884732
169776.529000,1174,46,41.410935,362.345679,31.654870,276.980115
169776.865000,2520,1,88.888889,777.777778,67.947422,594.539939
169821.982000,743,7,26.208113,229.320988,20.033704,175.294911
169878.065000,113,13,3.985891,34.876543,3.046849,26.659926
169880.180000,7678,8,270.828924,2369.753086,207.023930,1811.459387
169880.650000,4533,1,159.894180,1399.074074,122.224469,1069.464105
170002.226000,3453,20,121.798942,1065.740741,93.104146,814.661274
170005.587000,2163,10,76.296296,667.592593,58.321537,510.313448
170027.750000,1797,5,63.386243,554.629630,48.452983,423.963600
170028.160000,3907,10,137.813051,1205.864198,105.345467,921.772835
170247.585000,992,6,34.991182,306.172840,26.747556,234.041119
170247.815000,2164,8,76.331570,667.901235,58.348500,510.549376
170264.387000,4085,418,144.091711,1260.802469,110.144928,963.768116
170323.591000,7678,23,270.828924,2369.753086,207.023930,1811.459387
170526.894000,3907,26,137.813051,1205.864198,105.345467,921.772835
170530.208000,2652,15,93.544974,818.518519,71.506572,625.682508
170573.846000,2189,1,77.213404,675.617284,59.022582,516.447590
170575.790000,4918,11,173.474427,1517.901235,132.605325,1160.296596
170642.884000,1959,1,69.100529,604.629630,52.821031,462.184024
170777.972000,1174,12,41.410935,362.345679,31.654870,276.980115
170822.834000,7678,9,270.828924,2369.753086,207.023930,1811.459387
170825.265000,4504,1,158.871252,1390.123457,121.442535,1062.622177
170880.048000,295,24,10.405644,91.049383,7.954162,69.598921
170880.766000,1547,9,54.567901,477.469136,41.712167,364.981463
170890.643000,2902,3,102.363316,895.679012,78.247388,684.664644
170894.673000,1960,1,69.135802,604.938272,52.847995,462.419953
170895.534000,1960,1,69.135802,604.938272,52.847995,462.419953
170896.981000,108,26,3.809524,33.333333,2.912032,25.480283
170994.634000,3984,65,140.529101,1229.629630,107.421638,939.939333
170995.430000,1521,5,53.650794,469.444444,41.011122,358.847321
171026.635000,1797,45,63.386243,554.629630,48.452983,423.963600
171027.686000,1498,3,52.839506,462.345679,40.390967,353.420964
171073.007000,2190,11,77.248677,675.925926,59.049545,516.683519
171074.925000,2452,3,86.490300,756.790123,66.113920,578.496798
171125.824000,4533,9,159.894180,1399.074074,122.224469,1069.464105
171141.626000,2902,3,102.363316,895.679012,78.247388,684.664644
171146.082000,1961,1,69.171076,605.246914,52.874958,462.655881
171257.127000,1338,6,47.195767,412.962963,36.076845,315.672396
171278.072000,1499,2,52.874780,462.654321,40.417931,353.656892
171323.391000,373,19,13.156966,115.123457,10.057297,88.001348
171377.017000,4032,8,142.222222,1244.444444,108.715875,951.263903
171378.280000,7671,1,270.582011,2367.592593,206.835187,1809.807887
171394.823000,1961,1,69.171076,605.246914,52.874958,462.655881
171502.365000,832,41,29.347443,256.790123,22.433434,196.292551
171505.902000,2189,9,77.213404,675.617284,59.022582,516.447590
171508.535000,1013,4,35.731922,312.654321,27.313785,238.995618
171528.538000,1798,37,63.421517,554.938272,48.479946,424.199528
171573.606000,2190,16,77.248677,675.925926,59.049545,516.683519
171575.086000,744,2,26.243386,229.629630,20.060667,175.530839
171627.409000,4534,1,159.929453,1399.382716,122.251432,1069.700034
171627.609000,7672,8,270.617284,2367.901235,206.862150,1810.043815
171748.733000,1566,4,55.238095,483.333333,42.224469,369.464105
171777.725000,3907,19,137.813051,1205.864198,105.345467,921.772835
171823.407000,4130,30,145.679012,1274.691358,111.358274,974.384901
171899.074000,764,40,26.948854,235.802469,20.599933,180.249410
171899.575000,1961,1,69.171076,605.246914,52.874958,462.655881
171899.757000,108,17,3.809524,33.333333,2.912032,25.480283
171998.165000,551,7,19.435626,170.061728,14.856758,129.996630
172000.174000,2190,1,77.248677,675.925926,59.049545,516.683519
172000.905000,870,3,30.687831,268.518519,23.458038,205.257836
172009.089000,1011,12,35.661376,312.037037,27.259858,238.523761
172126.029000,113,12,3.985891,34.876543,3.046849,26.659926
172127.684000,4534,4,159.929453,1399.382716,122.251432,1069.700034
172146.455000,1962,2,69.206349,605.555556,52.901921,462.891810
172146.687000,113,12,3.985891,34.876543,3.046849,26.659926
172391.561000,2904,9,102.433862,896.296296,78.301314,685.136502
172526.908000,744,2,26.243386,229.629630,20.060667,175.530839
172579.317000,2192,1,77.319224,676.543210,59.103472,517.155376
172580.728000,2192,14,77.319224,676.543210,59.103472,517.155376
172582.651000,4132,6,145.749559,1275.308642,111.412201,974.856758
172635.661000,1549,4,54.638448,478.086420,41.766094,365.453320
172640.472000,1114,12,39.294533,343.827160,30.037074,262.824402
172641.183000,4534,4,159.929453,1399.382716,122.251432,1069.700034
172641.268000,1236,9,43.597884,381.481481,33.326593,291.607685
172749.993000,1357,1,47.865961,418.827160,36.589147,320.155039
172759.438000,283,13,9.982363,87.345679,7.630603,66.767779
172760.252000,731,24,25.784832,225.617284,19.710145,172.463768
172895.989000,1963,49,69.241623,605.864198,52.928884,463.127738
173028.815000,1499,3,52.874780,462.654321,40.417931,353.656892
173072.230000,4505,1,158.906526,1390.432099,121.469498,1062.858106
173123.592000,1078,3,38.024691,332.716049,29.066397,254.330974
173123.807000,3835,90,135.273369,1183.641975,103.404112,904.785979
173140.499000,1238,4,43.668430,382.098765,33.380519,292.079542
173141.552000,3179,392,112.134039,981.172840,85.716212,750.016852
173144.081000,113,17,3.985891,34.876543,3.046849,26.659926
173144.231000,5804,51,204.726631,1791.358025,156.494776,1369.329289
173322.507000,4132,6,145.749559,1275.308642,111.412201,974.856758
173371.993000,4533,5,159.894180,1399.074074,122.224469,1069.464105
173372.156000,7669,10,270.511464,2366.975309,206.781261,1809.336030
173391.253000,745,2,26.278660,229.938272,20.087631,175.766768
173391.682000,1238,4,43.668430,382.098765,33.380519,292.079542
173394.448000,1963,9,69.241623,605.864198,52.928884,463.127738
173394.973000,770,1,27.160494,237.654321,20.761712,181.664981
173395.725000,1964,1,69.276896,606.172840,52.955848,463.363667
173494.947000,4483,5,158.130511,1383.641975,120.876306,1057.667678
173506.667000,5807,2,204.832451,1792.283951,156.575666,1370.037074
173512.889000,1010,18,35.626102,311.728395,27.232895,238.287833
173527.523000,7685,160,271.075838,2371.913580,207.212673,1813.110886
173622.025000,745,1,26.278660,229.938272,20.087631,175.766768
173622.207000,3835,14,135.273369,1183.641975,103.404112,904.785979
173626.410000,7674,2,270.687831,2368.518519,206.916077,1810.515672
173627.267000,3082,16,108.712522,951.234568,83.100775,727.131783
173822.233000,746,2,26.313933,230.246914,20.114594,176.002696
173877.475000,4504,29,158.871252,1390.123457,121.442535,1062.622177
173891.260000,2132,9,75.202822,658.024691,57.485676,502.999663
173891.440000,2905,7,102.469136,896.604938,78.328278,685.372430
173891.912000,2481,1,87.513228,765.740741,66.895854,585.338726
174122.113000,7685,11,271.075838,2371.913580,207.212673,1813.110886
174142.445000,1965,43,69.312169,606.481481,52.982811,463.599596
174257.557000,5809,34,204.902998,1792.901235,156.629592,1370.508932
174276.845000,1500,2,52.910053,462.962963,40.444894,353.892821
174322.488000,4132,6,145.749559,1275.308642,111.412201,974.856758
174390.660000,2137,3,75.379189,659.567901,57.620492,504.179306
174391.668000,976,13,34.426808,301.234568,26.316144,230.266262
174392.275000,2448,1,86.349206,755.555556,66.006067,577.553084
174394.936000,2039,14,71.922399,629.320988,54.978092,481.058308
174395.110000,770,33,27.160494,237.654321,20.761712,181.664981
174506.793000,747,2,26.349206,230.555556,20.141557,176.238625
174512.696000,1012,20,35.696649,312.345679,27.286822,238.759690
174527.562000,983,2,34.673721,303.395062,26.504887,231.917762
174575.149000,2384,13,84.091711,735.802469,64.280418,562.453657
174641.938000,117,16,4.126984,36.111111,3.154702,27.603640
174758.342000,1012,1,35.696649,312.345679,27.286822,238.759690
174777.706000,1172,14,41.340388,361.728395,31.600944,276.508257
174822.841000,1268,15,44.726631,391.358025,34.189417,299.157398
174824.435000,4132,6,145.749559,1275.308642,111.412201,974.856758
175019.188000,2604,60,91.851852,803.703704,70.212336,614.357937
175020.206000,1012,6,35.696649,312.345679,27.286822,238.759690
175027.988000,3909,9,137.883598,1206.481481,105.399393,922.244692
175123.596000,272,240,9.594356,83.950617,7.334007,64.172565
175126.426000,7675,1,270.723104,2368.827160,206.943040,1810.751601
175158.075000,2696,6,95.097002,832.098765,72.692956,636.063364
175161.652000,7679,10,270.864198,2370.061728,207.050893,1811.695315
175162.102000,2448,1,86.349206,755.555556,66.006067,577.553084
175246.837000,553,3,19.506173,170.679012,14.910684,130.468487
175248.891000,4485,8,158.201058,1384.259259,120.930233,1058.139535
175492.814000,1525,3,53.791887,470.679012,41.118975,359.791035
175512.119000,1238,1,43.668430,382.098765,33.380519,292.079542
175516.068000,1013,27,35.731922,312.654321,27.313785,238.995618
175573.300000,368,1,12.980600,113.580247,9.922481,86.821705
175622.769000,3188,3,112.451499,983.950617,85.958881,752.140209
175650.473000,2481,1,87.513228,765.740741,66.895854,585.338726
175651.706000,1058,34,37.319224,326.543210,28.527132,249.612403
175652.521000,4399,15,155.167549,1357.716049,118.611392,1037.849680
175653.514000,769,97,27.125220,237.345679,20.734749,181.429053
175763.003000,7679,7,270.864198,2370.061728,207.050893,1811.695315
175770.428000,749,2,26.419753,231.172840,20.195484,176.710482
175770.660000,1014,6,35.767196,312.962963,27.340748,239.231547
175776.876000,3067,9,108.183422,946.604938,82.696326,723.592855
175778.305000,1238,7,43.668430,382.098765,33.380519,292.079542
175876.450000,368,1,12.980600,113.580247,9.922481,86.821705
175878.869000,7676,7,270.758377,2369.135802,206.970003,1810.987529
175895.872000,2294,6,80.917108,708.024691,61.853724,541.220088
175897.690000,1186,17,41.834215,366.049383,31.978429,279.811257
176036.026000,2333,3,82.292769,720.061728,62.905292,550.421301
176036.515000,370,2,13.051146,114.197531,9.976407,87.293563
176039.200000,952,24,33.580247,293.827160,25.669026,224.603977
176073.744000,1633,148,57.601411,504.012346,44.031008,385.271318
176125.852000,7683,10,271.005291,2371.296296,207.158746,1812.639029
176127.465000,7110,18,250.793651,2194.444444,191.708797,1677.451972
176143.348000,2639,9,93.086420,814.506173,71.156050,622.615436
176144.240000,1386,1,48.888889,427.777778,37.371082,326.996967
176270.985000,1014,29,35.767196,312.962963,27.340748,239.231547
176277.579000,1239,6,43.703704,382.407407,33.407482,292.315470
176379.183000,1500,2,52.910053,462.962963,40.444894,353.892821
176392.682000,1187,1,41.869489,366.358025,32.005393,280.047186
176509.004000,1014,1,35.767196,312.962963,27.340748,239.231547
176537.543000,1171,12,41.305115,361.419753,31.573980,276.272329
176540.145000,984,1,34.708995,303.703704,26.531850,232.153691
176540.831000,1239,6,43.703704,382.407407,33.407482,292.315470
176628.744000,1919,55,67.689594,592.283951,51.742501,452.746882
176743.555000,1526,2,53.827160,470.987654,41.145939,360.026963
176782.727000,2335,1,82.363316,720.679012,62.959218,550.893158
176785.352000,952,18,33.580247,293.827160,25.669026,224.603977
176822.994000,1270,138,44.797178,391.975309,34.243343,299.629255
176878.204000,7684,10,271.040564,2371.604938,207.185709,1812.874958
176879.809000,2504,182,88.324515,772.839506,67.516009,590.765083
176896.085000,2208,1,77.883598,681.481481,59.534884,520.930233
176897.974000,1384,1,48.818342,427.160494,37.317155,326.525110
176898.198000,1188,11,41.904762,366.666667,32.032356,280.283114
177014.619000,2892,1,102.010582,892.592593,77.977755,682.305359
177019.442000,1013,27,35.731922,312.654321,27.313785,238.995618
177020.354000,2514,4,88.677249,775.925926,67.785642,593.124368
177033.492000,368,1,12.980600,113.580247,9.922481,86.821705
177034.137000,3067,9,108.183422,946.604938,82.696326,723.592855
177035.835000,1239,6,43.703704,382.407407,33.407482,292.315470
177035.947000,2363,3,83.350970,729.320988,63.714189,557.499157
177129.667000,7685,2,271.075838,2371.913580,207.212673,1813.110886
177245.281000,993,7,35.026455,306.481481,26.774520,234.277048
177245.949000,2191,5,77.283951,676.234568,59.076508,516.919447
177379.719000,246,6,8.677249,75.925926,6.632963,58.038423
177380.327000,2209,13,77.918871,681.790123,59.561847,521.166161
177382.420000,3188,4,112.451499,983.950617,85.958881,752.140209
177382.543000,6956,9,245.361552,2146.913580,187.556454,1641.118975
177383.134000,3089,3,108.959436,953.395062,83.289518,728.783283
177393.926000,1384,1,48.818342,427.160494,37.317155,326.525110
177533.139000,4506,32,158.941799,1390.740741,121.496461,1063.094034
177535.234000,1239,6,43.703704,382.407407,33.407482,292.315470
177535.292000,953,8,33.615520,294.135802,25.695989,224.839906
177643.751000,7687,1,271.146384,2372.530864,207.266599,1813.582744
177644.692000,1384,1,48.818342,427.160494,37.317155,326.525110
177744.234000,12,17,0.423280,3.703704,0.323559,2.831143
177746.992000,993,16,35.026455,306.481481,26.774520,234.277048
177763.225000,2894,1,102.081129,893.209877,78.031682,682.777216
177769.390000,2611,253,92.098765,805.864198,70.401079,616.009437
177769.949000,1014,4,35.767196,312.962963,27.340748,239.231547
177910.581000,7679,1,270.864198,2370.061728,207.050893,1811.695315
177917.855000,1382,3,48.747795,426.543210,37.263229,326.053252
177918.412000,117,17,4.126984,36.111111,3.154702,27.603640
178019.055000,2894,3,102.081129,893.209877,78.031682,682.777216
178019.752000,3192,2,112.592593,985.185185,86.066734,753.083923
178028.511000,1014,29,35.767196,312.962963,27.340748,239.231547
178075.109000,2205,9,77.777778,680.555556,59.453994,520.222447
178138.904000,1918,36,67.654321,591.975309,51.715538,452.510954
178142.019000,157,1,5.537919,48.456790,4.233232,37.040782
178153.690000,1384,10,48.818342,427.160494,37.317155,326.525110
178242.983000,634,9,22.363316,195.679012,17.094708,149.578699
178260.783000,2895,11,102.116402,893.518519,78.058645,683.013145
178285.013000,2335,13,82.363316,720.679012,62.959218,550.893158
178285.577000,2555,1,90.123457,788.580247,68.891136,602.797438
178388.087000,7686,10,271.111111,2372.222222,207.239636,1813.346815
178390.374000,7679,14,270.864198,2370.061728,207.050893,1811.695315
178391.162000,1382,3,48.747795,426.543210,37.263229,326.053252
178492.745000,2191,1,77.283951,676.234568,59.076508,516.919447
178529.015000,954,24,33.650794,294.444444,25.722952,225.075834
178576.481000,2207,9,77.848325,681.172840,59.507920,520.694304
178634.877000,3830,39,135.097002,1182.098765,103.269296,903.606336
178744.148000,498,10,17.566138,153.703704,13.427705,117.492417
178744.339000,2192,5,77.319224,676.543210,59.103472,517.155376
178763.913000,7681,24,270.934744,2370.679012,207.104820,1812.167172
178824.309000,2208,1,77.883598,681.481481,59.534884,520.930233
178877.495000,272,182,9.594356,83.950617,7.334007,64.172565
178878.050000,7685,11,271.075838,2371.913580,207.212673,1813.110886
178880.248000,752,1,26.525573,232.098765,20.276373,177.418268
178880.312000,474,53,16.719577,146.296296,12.780586,111.830131
178890.536000,1723,13,60.776014,531.790123,46.457701,406.504887
178891.483000,939,9,33.121693,289.814815,25.318504,221.536906
178893.244000,158,2,5.573192,48.765432,4.260195,37.276710
179075.077000,2208,5,77.883598,681.481481,59.534884,520.930233
179265.299000,1014,1,35.767196,312.962963,27.340748,239.231547
179290.533000,5477,20,193.192240,1690.432099,147.677789,1292.180654
179373.288000,1464,5,51.640212,451.851852,39.474216,345.399393
179390.601000,2557,15,90.194004,789.197531,68.945062,603.269296
179395.746000,119,98,4.197531,36.728395,3.208628,28.075497
179493.830000,4001,1,141.128748,1234.876543,107.880013,943.950118
179495.504000,4478,4,157.954145,1382.098765,120.741490,1056.488035
179515.412000,752,129,26.525573,232.098765,20.276373,177.418268
179534.672000,5467,17,192.839506,1687.345679,147.408156,1289.821368
179535.529000,2363,3,83.350970,729.320988,63.714189,557.499157
179574.844000,3716,2,131.075838,1146.913580,100.195484,876.710482
179627.449000,1465,1,51.675485,452.160494,39.501180,345.635322
179641.093000,2643,5,93.227513,815.740741,71.263903,623.559151
179641.390000,2557,7,90.194004,789.197531,68.945062,603.269296
179768.626000,3491,21,123.139330,1077.469136,94.128750,823.626559
179768.988000,2221,30,78.342152,685.493827,59.885406,523.997304
179782.599000,4760,70,167.901235,1469.135802,128.345130,1123.019885
179823.813000,2210,17,77.954145,682.098765,59.588810,521.402090
179890.985000,4399,19,155.167549,1357.716049,118.611392,1037.849680
180033.551000,2452,32,86.490300,756.790123,66.113920,578.496798
180073.579000,199,22,7.019400,61.419753,5.365689,46.949781
180132.439000,2209,8,77.918871,681.790123,59.561847,521.166161
180132.536000,1466,1,51.710758,452.469136,39.528143,345.871250
180142.940000,3681,15,129.841270,1136.111111,99.251769,868.452983
180144.822000,4400,3,155.202822,1358.024691,118.638355,1038.085608
180244.544000,447,9,15.767196,137.962963,12.052578,105.460061
180246.806000,1818,7,64.126984,561.111111,49.019211,428.918099
180282.980000,4507,58,158.977072,1391.049383,121.523424,1063.329963
180324.409000,1285,5,45.326279,396.604938,34.647792,303.168183
180376.083000,1466,1,51.710758,452.469136,39.528143,345.871250
180376.343000,2424,4,85.502646,748.148148,65.358948,571.890799
180494.208000,1818,1,64.126984,561.111111,49.019211,428.918099
180515.121000,2617,3,92.310406,807.716049,70.562858,617.425008
180641.018000,1064,38,37.530864,328.395062,28.688911,251.027974
180643.082000,1384,1,48.818342,427.160494,37.317155,326.525110
180643.791000,160,1,5.643739,49.382716,4.314122,37.748568
180782.638000,2360,60,83.245150,728.395062,63.633300,556.791372
180784.764000,1899,17,66.984127,586.111111,51.203236,448.028311
180890.710000,123,97,4.338624,37.962963,3.316481,29.019211
180996.012000,1819,124,64.162257,561.419753,49.046175,429.154028
181072.466000,3657,4,128.994709,1128.703704,98.604651,862.790698
181140.763000,2677,2,94.426808,826.234568,72.180654,631.580721
181142.933000,160,1,5.643739,49.382716,4.314122,37.748568
181382.176000,1915,13,67.548501,591.049383,51.634648,451.803168
181390.998000,3682,8,129.876543,1136.419753,99.278733,868.688911
181492.764000,1357,1,47.865961,418.827160,36.589147,320.155039
181529.129000,1979,11,69.805996,610.802469,53.360297,466.902595
181573.561000,1977,9,69.735450,610.185185,53.306370,466.430738
181634.424000,7671,10,270.582011,2367.592593,206.835187,1809.807887
181637.974000,1919,226,67.689594,592.283951,51.742501,452.746882
181638.988000,1919,64,67.689594,592.283951,51.742501,452.746882
181639.357000,433,28,15.273369,133.641975,11.675093,102.157061
181640.520000,1238,42,43.668430,382.098765,33.380519,292.079542
181641.165000,862,3,30.405644,266.049383,23.242332,203.370408
181642.757000,4399,207,155.167549,1357.716049,118.611392,1037.849680
181744.610000,2193,1,77.354497,676.851852,59.130435,517.391304
181897.987000,124,93,4.373898,38.271605,3.343445,29.255140
181899.070000,160,10,5.643739,49.382716,4.314122,37.748568
181992.994000,2168,4,76.472663,669.135802,58.456353,511.493091
182011.429000,2617,4,92.310406,807.716049,70.562858,617.425008
182072.118000,3658,1,129.029982,1129.012346,98.631614,863.026626
182133.574000,3189,1,112.486772,984.259259,85.985844,752.376138
182153.995000,864,15,30.476190,266.666667,23.296259,203.842265
182155.723000,2193,5,77.354497,676.851852,59.130435,517.391304
182159.403000,935,26,32.980600,288.580247,25.210650,220.593192
182242.949000,1557,9,54.920635,480.555556,41.981800,367.340748
182388.939000,4529,13,159.753086,1397.839506,122.116616,1068.520391
182389.324000,1921,49,67.760141,592.901235,51.796427,453.218739
182401.202000,2563,103,90.405644,791.049383,69.106842,604.684867
182495.808000,1819,406,64.162257,561.419753,49.046175,429.154028
182512.421000,3855,16,135.978836,1189.814815,103.943377,909.504550
182576.233000,1033,9,36.437390,318.827160,27.853050,243.714189
182631.502000,1469,6,51.816578,453.395062,39.609033,346.579036
182645.997000,864,21,30.476190,266.666667,23.296259,203.842265
182646.584000,7676,1,270.758377,2369.135802,206.970003,1810.987529
182781.177000,2900,5,102.292769,895.061728,78.193461,684.192787
182885.830000,2844,3,100.317460,877.777778,76.683519,670.980789
182885.897000,1922,15,67.795414,593.209877,51.823391,453.454668
182999.116000,2194,16,77.389771,677.160494,59.157398,517.627233
183028.718000,4758,16,167.830688,1468.518519,128.291203,1122.548028
183126.770000,272,658,9.594356,83.950617,7.334007,64.172565
183152.056000,980,53,34.567901,302.469136,26.423997,231.209976
183154.620000,1199,21,42.292769,370.061728,32.328952,282.878328
183243.780000,4033,8,142.257496,1244.753086,108.742838,951.499831
183277.925000,2475,16,87.301587,763.888889,66.734075,583.923155
183280.078000,1116,16,39.365079,344.444444,30.091001,263.296259
183322.473000,2539,15,89.559083,783.641975,68.459724,599.022582
183373.799000,2422,4,85.432099,747.530864,65.305022,571.418942
183394.725000,780,195,27.513228,240.740741,21.031345,184.024267
183494.070000,1525,9,53.791887,470.679012,41.118975,359.791035
183517.524000,2461,2,86.807760,759.567901,66.356589,580.620155
183527.361000,2901,12,102.328042,895.370370,78.220425,684.428716
183642.346000,2316,6,81.693122,714.814815,62.446916,546.410516
183777.229000,2513,75,88.641975,775.617284,67.758679,592.888440
183778.047000,4756,21,167.760141,1467.901235,128.237277,1122.076171
183878.080000,2210,1,77.954145,682.098765,59.588810,521.402090
183879.098000,7687,9,271.146384,2372.530864,207.266599,1813.582744
183894.518000,760,5,26.807760,234.567901,20.492080,179.305696
183895.248000,7678,9,270.828924,2369.753086,207.023930,1811.459387
183993.676000,2312,1,81.552028,713.580247,62.339063,545.466801
184014.164000,3494,71,123.245150,1078.395062,94.209639,824.334344
184029.890000,2900,25,102.292769,895.061728,78.193461,684.192787
184127.132000,2210,7,77.954145,682.098765,59.588810,521.402090
184143.942000,4403,12,155.308642,1358.950617,118.719245,1038.793394
184250.130000,994,18,35.061728,306.790123,26.801483,234.512976
184322.243000,1035,6,36.507937,319.444444,27.906977,244.186047
184378.267000,436,28,15.379189,134.567901,11.755982,102.864847
184398.618000,3056,14,107.795414,943.209877,82.399730,720.997641
184495.490000,147,72,5.185185,45.370370,3.963600,34.681496
184526.408000,1120,7,39.506173,345.679012,30.198854,264.239973
184573.226000,1035,1,36.507937,319.444444,27.906977,244.186047
184621.878000,1922,283,67.795414,593.209877,51.823391,453.454668
184648.394000,2639,6,93.086420,814.506173,71.156050,622.615436
184766.699000,3862,28,136.225750,1191.975309,104.132120,911.156050
184822.501000,1035,5,36.507937,319.444444,27.906977,244.186047
184873.043000,3083,2,108.747795,951.543210,83.127738,727.367711
184900.507000,1064,82,37.530864,328.395062,28.688911,251.027974
184993.452000,450,9,15.873016,138.888889,12.133468,106.167846
185013.792000,2463,4,86.878307,760.185185,66.410516,581.092012
185020.149000,2579,12,90.970018,795.987654,69.538254,608.459724
185028.299000,3754,11,132.416226,1158.641975,101.220088,885.675767
185073.402000,1036,10,36.543210,319.753086,27.933940,244.421975
185075.287000,4974,25,175.449735,1535.185185,134.115268,1173.508595
185143.020000,764,40,26.948854,235.802469,20.599933,180.249410
185273.212000,2055,20,72.486772,634.259259,55.409505,484.833165
185276.684000,2903,1,102.398589,895.987654,78.274351,684.900573
185324.018000,2416,32,85.220459,745.679012,65.143242,570.003370
185390.503000,2580,7,91.005291,796.296296,69.565217,608.695652
185393.327000,4414,103,155.696649,1362.345679,119.015841,1041.388608
185625.276000,7684,18,271.040564,2371.604938,207.185709,1812.874958
185626.551000,2846,14,100.388007,878.395062,76.737445,671.452646
185776.728000,4756,9,167.760141,1467.901235,128.237277,1122.076171
185779.189000,3087,39,108.888889,952.777778,83.235592,728.311426
185829.940000,1282,102,45.220459,395.679012,34.566903,302.460398
186029.407000,352,42,12.416226,108.641975,9.491068,83.046849
186141.879000,1065,36,37.566138,328.703704,28.715875,251.263903
186143.308000,940,80,33.156966,290.123457,25.345467,221.772835
186268.633000,2516,66,88.747795,776.543210,67.839569,593.596225
186322.865000,4974,10,175.449735,1535.185185,134.115268,1173.508595
186391.137000,983,12,34.673721,303.395062,26.504887,231.917762
186493.857000,4002,10,141.164021,1235.185185,107.906977,944.186047
186495.370000,2196,386,77.460317,677.777778,59.211325,518.099090
186528.184000,4757,22,167.795414,1468.209877,128.264240,1122.312100
186578.151000,2424,7,85.502646,748.148148,65.358948,571.890799
186765.593000,2465,193,86.948854,760.802469,66.464442,581.563869
186825.885000,3656,3,128.959436,1128.395062,98.577688,862.554769
186827.129000,4128,3,145.608466,1274.074074,111.304348,973.913043
186873.055000,4695,6,165.608466,1449.074074,126.592518,1107.684530
186873.352000,1923,119,67.830688,593.518519,51.850354,453.690597
186890.548000,2586,54,91.216931,798.148148,69.726997,610.111223
186893.058000,2985,21,105.291005,921.296296,80.485339,704.246714
187016.036000,6958,6,245.432099,2147.530864,187.610381,1641.590832
187031.767000,2321,1,81.869489,716.358025,62.581732,547.590158
187074.214000,4128,3,145.608466,1274.074074,111.304348,973.913043
187127.664000,3083,1,108.747795,951.543210,83.127738,727.367711
187142.695000,986,1,34.779541,304.320988,26.585777,232.625548
187142.883000,2587,37,91.252205,798.456790,69.753960,610.347152
187144.832000,1065,26,37.566138,328.703704,28.715875,251.263903
187277.173000,4508,91,159.012346,1391.358025,121.550388,1063.565891
187375.091000,2323,9,81.940035,716.975309,62.635659,548.062016
187376.027000,7684,1,271.040564,2371.604938,207.185709,1812.874958
187376.285000,3082,2,108.712522,951.234568,83.100775,727.131783
187390.827000,7675,1,270.723104,2368.827160,206.943040,1810.751601
187496.931000,490,7,17.283951,151.234568,13.211999,115.604988
187498.567000,54,1,1.904762,16.666667,1.456016,12.740142
187498.932000,943,11,33.262787,291.049383,25.426357,222.480620
187526.475000,3756,6,132.486772,1159.259259,101.274014,886.147624
187527.502000,1252,1,44.162257,386.419753,33.758005,295.382541
187575.817000,116,16,4.091711,35.802469,3.127738,27.367711
187577.084000,2639,2,93.086420,814.506173,71.156050,622.615436
187625.444000,7683,14,271.005291,2371.296296,207.158746,1812.639029
187641.228000,7676,1,270.758377,2369.135802,206.970003,1810.987529
187641.868000,986,3,34.779541,304.320988,26.585777,232.625548
187641.984000,2589,1,91.322751,799.074074,69.807887,610.819009
187644.891000,820,52,28.924162,253.086420,22.109875,193.461409
187768.741000,2907,15,102.539683,897.222222,78.382204,685.844287
187777.052000,1045,27,36.860670,322.530864,28.176609,246.545332
187778.193000,1252,11,44.162257,386.419753,33.758005,295.382541
187877.895000,2095,13,73.897707,646.604938,56.488035,494.270307
187879.353000,2844,3,100.317460,877.777778,76.683519,670.980789
187992.756000,1577,2,55.626102,486.728395,42.521065,372.059319
187996.799000,54,20,1.904762,16.666667,1.456016,12.740142
188080.927000,117,85,4.126984,36.111111,3.154702,27.603640
188083.112000,81,1,2.857143,25.000000,2.184024,19.110212
188146.202000,2591,5,91.393298,799.691358,69.861813,611.290866
188146.579000,7677,3,270.793651,2369.444444,206.996967,1811.223458
188392.125000,3506,6,123.668430,1082.098765,94.533199,827.165487
188492.610000,1357,4,47.865961,418.827160,36.589147,320.155039
188514.619000,2900,1,102.292769,895.061728,78.193461,684.192787
188621.528000,2324,11,81.975309,717.283951,62.662622,548.297944
188625.066000,2095,28,73.897707,646.604938,56.488035,494.270307
188626.339000,482,19,17.001764,148.765432,12.996293,113.717560
188743.989000,55,19,1.940035,16.975309,1.482979,12.976070
188827.682000,117,7,4.126984,36.111111,3.154702,27.603640
188871.003000,977,12,34.462081,301.543210,26.343108,230.502191
188902.098000,988,7,34.850088,304.938272,26.639703,233.097405
188904.823000,822,69,28.994709,253.703704,22.163802,193.933266
189074.700000,4130,92,145.679012,1274.691358,111.358274,974.384901
189121.307000,977,14,34.462081,301.543210,26.343108,230.502191
189121.859000,2325,3,82.010582,717.592593,62.689585,548.533873
189243.186000,1124,2,39.647266,346.913580,30.306707,265.183687
189245.964000,2198,263,77.530864,678.395062,59.265251,518.570947
189268.062000,2905,12,102.469136,896.604938,78.328278,685.372430
189281.407000,3099,3,109.312169,956.481481,83.559151,731.142568
189339.041000,4974,6,175.449735,1535.185185,134.115268,1173.508595
189339.590000,4133,6,145.784832,1275.617284,111.439164,975.092686
189400.231000,989,12,34.885362,305.246914,26.666667,233.333333
189401.670000,774,25,27.301587,238.888889,20.869565,182.608696
189404.645000,1065,1,37.566138,328.703704,28.715875,251.263903
189404.834000,3506,6,123.668430,1082.098765,94.533199,827.165487
189493.664000,1360,3,47.971781,419.753086,36.670037,320.862824
189524.782000,2122,6,74.850088,654.938272,57.216043,500.640377
189525.598000,2122,6,74.850088,654.938272,57.216043,500.640377
189526.759000,7685,9,271.075838,2371.913580,207.212673,1813.110886
189575.936000,118,83,4.162257,36.419753,3.181665,27.839569
189622.426000,474,7,16.719577,146.296296,12.780586,111.830131
189648.109000,7686,1,271.111111,2372.222222,207.239636,1813.346815
189648.849000,989,14,34.885362,305.246914,26.666667,233.333333
189650.764000,3506,6,123.668430,1082.098765,94.533199,827.165487
189651.505000,3506,6,123.668430,1082.098765,94.533199,827.165487
189871.559000,5428,6,191.463845,1675.308642,146.356589,1280.620155
189872.435000,2326,9,82.045855,717.901235,62.716549,548.769801
189874.575000,247,19,8.712522,76.234568,6.659926,58.274351
189893.523000,1066,5,37.601411,329.012346,28.742838,251.499831
189993.708000,4002,10,141.164021,1235.185185,107.906977,944.186047
190026.090000,1239,35,43.703704,382.407407,33.407482,292.315470
190027.794000,3099,3,109.312169,956.481481,83.559151,731.142568
190086.862000,1692,22,59.682540,522.222222,45.621840,399.191102
190124.899000,5430,4,191.534392,1675.925926,146.410516,1281.092012
190147.287000,1066,5,37.601411,329.012346,28.742838,251.499831
190277.145000,1124,283,39.647266,346.913580,30.306707,265.183687
190327.229000,546,12,19.259259,168.518519,14.721941,128.816987
190327.849000,119,159,4.197531,36.728395,3.208628,28.075497
190373.687000,1923,141,67.830688,593.518519,51.850354,453.690597
190373.914000,2096,15,73.932981,646.913580,56.514998,494.506235
190397.434000,3506,2,123.668430,1082.098765,94.533199,827.165487
190493.755000,3887,3,137.107584,1199.691358,104.806202,917.054264
190494.808000,2385,1,84.126984,736.111111,64.307381,562.689585
190528.522000,1239,61,43.703704,382.407407,33.407482,292.315470
190581.148000,118,46,4.162257,36.419753,3.181665,27.839569
190584.537000,1642,4,57.918871,506.790123,44.273677,387.394675
190621.246000,977,8,34.462081,301.543210,26.343108,230.502191
190641.443000,2587,48,91.252205,798.456790,69.753960,610.347152
190746.395000,2196,1072,77.460317,677.777778,59.211325,518.099090
190770.936000,2122,6,74.850088,654.938272,57.216043,500.640377
190771.101000,84,1,2.962963,25.925926,2.264914,19.817998
190777.258000,1047,7,36.931217,323.148148,28.230536,247.017189
190778.625000,2317,9,81.728395,715.123457,62.473879,546.646444
190829.127000,6229,4,219.717813,1922.530864,167.954162,1469.598921
190829.551000,118,22,4.162257,36.419753,3.181665,27.839569
190830.978000,538,15,18.977072,166.049383,14.506235,126.929558
190871.241000,7684,1,271.040564,2371.604938,207.185709,1812.874958
191024.054000,2122,19,74.850088,654.938272,57.216043,500.640377
191028.063000,2317,9,81.728395,715.123457,62.473879,546.646444
191028.761000,1128,6,39.788360,348.148148,30.414560,266.127401
191078.575000,549,17,19.365079,169.444444,14.802831,129.524772
191079.192000,118,10,4.162257,36.419753,3.181665,27.839569
191081.639000,1268,11,44.726631,391.358025,34.189417,299.157398
191123.309000,7683,2,271.005291,2371.296296,207.158746,1812.639029
191124.090000,3088,1,108.924162,953.086420,83.262555,728.547354
191150.329000,776,23,27.372134,239.506173,20.923492,183.080553
191153.206000,1066,25,37.601411,329.012346,28.742838,251.499831
191247.106000,503,1,17.742504,155.246914,13.562521,118.672059
191248.144000,55,12,1.940035,16.975309,1.482979,12.976070
191274.582000,2122,18,74.850088,654.938272,57.216043,500.640377
191372.259000,978,13,34.497354,301.851852,26.370071,230.738119
191376.407000,3543,15,124.973545,1093.518519,95.530839,835.894843
191397.958000,776,14,27.372134,239.506173,20.923492,183.080553
191400.614000,1067,17,37.636684,329.320988,28.769801,251.735760
191494.505000,434,9,15.308642,133.950617,11.702056,102.392990
191499.515000,1824,70,64.338624,562.962963,49.180991,430.333670
191533.632000,7686,2,271.111111,2372.222222,207.239636,1813.346815
191579.414000,118,94,4.162257,36.419753,3.181665,27.839569
191625.721000,2846,7,100.388007,878.395062,76.737445,671.452646
191743.962000,1432,99,50.511464,441.975309,38.611392,337.849680
191744.259000,880,2,31.040564,271.604938,23.727671,207.617122
191761.986000,5464,3,192.733686,1686.419753,147.327267,1289.113583
191776.665000,7686,1,271.111111,2372.222222,207.239636,1813.346815
191905.274000,777,51,27.407407,239.814815,20.950455,183.316481
191907.844000,7059,8,248.994709,2178.703704,190.333670,1665.419616
192016.377000,2466,2,86.984127,761.111111,66.491405,581.799798
192017.990000,3307,3,116.649030,1020.679012,89.167509,780.215706
192029.230000,1255,10,44.268078,387.345679,33.838895,296.090327
192029.386000,2128,8,75.061728,656.790123,57.377823,502.055949
192243.997000,1824,148,64.338624,562.962963,49.180991,430.333670
192262.434000,2466,1,86.984127,761.111111,66.491405,581.799798
192329.682000,550,7,19.400353,169.753086,14.829794,129.760701
192331.725000,118,63,4.162257,36.419753,3.181665,27.839569
192500.194000,2313,2,81.587302,713.888889,62.366026,545.702730
192502.171000,56,18,1.975309,17.283951,1.509943,13.211999
192513.353000,7666,1,270.405644,2366.049383,206.700371,1808.628244
192526.882000,7685,2,271.075838,2371.913580,207.212673,1813.110886
192527.670000,1047,12,36.931217,323.148148,28.230536,247.017189
192581.164000,4136,4,145.890653,1276.543210,111.520054,975.800472
192581.497000,4984,1,175.802469,1538.271605,134.384901,1175.867880
192624.945000,5432,2,191.604938,1676.543210,146.464442,1281.563869
192648.604000,1065,13,37.566138,328.703704,28.715875,251.263903
192768.065000,5409,18,190.793651,1669.444444,145.844287,1276.137513
192824.768000,553,4,19.506173,170.679012,14.910684,130.468487
192825.541000,2482,2,87.548501,766.049383,66.922818,585.574655
192870.842000,2027,1,71.499118,625.617284,54.654533,478.227165
192874.354000,2104,15,74.215168,649.382716,56.730704,496.393664
192994.960000,1824,223,64.338624,562.962963,49.180991,430.333670
193088.855000,4983,7,175.767196,1537.962963,134.357937,1175.631951
193090.157000,1510,23,53.262787,466.049383,40.714526,356.252107
193121.458000,2027,1,71.499118,625.617284,54.654533,478.227165
193148.262000,791,20,27.901235,244.135802,21.327941,186.619481
193148.978000,2588,59,91.287478,798.765432,69.780923,610.583081
193151.386000,7667,2,270.440917,2366.358025,206.727334,1808.864173
193256.215000,207,8,7.301587,63.888889,5.581395,48.837209
193277.284000,1048,10,36.966490,323.456790,28.257499,247.253118
193325.276000,118,102,4.162257,36.419753,3.181665,27.839569
193325.839000,552,3,19.470899,170.370370,14.883721,130.232558
193501.692000,2044,10,72.098765,630.864198,55.112909,482.237951
193503.828000,552,2,19.470899,170.370370,14.883721,130.232558
193526.905000,1256,79,44.303351,387.654321,33.865858,296.326255
193535.612000,1238,9,43.668430,382.098765,33.380519,292.079542
193575.178000,2605,2,91.887125,804.012346,70.239299,614.593866
193625.386000,1559,18,54.991182,481.172840,42.035726,367.812605
193644.085000,2590,1,91.358025,799.382716,69.834850,611.054938
193754.126000,1824,403,64.338624,562.962963,49.180991,430.333670
193770.236000,1238,9,43.668430,382.098765,33.380519,292.079542
193770.388000,86,173,3.033510,26.543210,2.318841,20.289855
193778.009000,340,21,11.992945,104.938272,9.167509,80.215706
193828.255000,295,14,10.405644,91.049383,7.954162,69.598921
193871.281000,2028,1,71.534392,625.925926,54.681496,478.463094
193876.165000,4701,4,165.820106,1450.925926,126.754297,1109.100101
193894.791000,2590,5,91.358025,799.382716,69.834850,611.054938
193895.171000,475,1,16.754850,146.604938,12.807550,112.066060
194001.711000,7667,1,270.440917,2366.358025,206.727334,1808.864173
194080.053000,119,16,4.197531,36.728395,3.208628,28.075497
194081.498000,2287,3,80.670194,705.864198,61.664981,539.568588
194122.562000,2244,7,79.153439,692.592593,60.505561,529.423660
194124.901000,2849,15,100.493827,879.320988,76.818335,672.160431
194125.634000,1831,4,64.585538,565.123457,49.369734,431.985170
194149.694000,4062,13,143.280423,1253.703704,109.524772,958.341759
194249.167000,2044,10,72.098765,630.864198,55.112909,482.237951
194256.523000,2466,277,86.984127,761.111111,66.491405,581.799798
194268.619000,87,15,3.068783,26.851852,2.345804,20.525784
194277.507000,1130,4,39.858907,348.765432,30.468487,266.599259
194330.543000,121,1,4.268078,37.345679,3.262555,28.547354
194333.109000,2286,4,80.634921,705.555556,61.638018,539.332659
194372.172000,2028,8,71.534392,625.925926,54.681496,478.463094
194376.157000,468,46,16.507937,144.444444,12.618807,110.414560
194391.905000,477,12,16.825397,147.222222,12.861476,112.537917
194504.242000,555,1,19.576720,171.296296,14.964611,130.940344
194526.708000,7686,4,271.111111,2372.222222,207.239636,1813.346815
194576.542000,4138,147,145.961199,1277.160494,111.573980,976.272329
194751.035000,1362,4,48.042328,420.370370,36.723964,321.334681
194777.076000,352,10,12.416226,108.641975,9.491068,83.046849
194778.085000,1162,32,40.987654,358.641975,31.331311,274.148972
194828.072000,119,31,4.197531,36.728395,3.208628,28.075497
194871.065000,2028,11,71.534392,625.925926,54.681496,478.463094
194872.163000,4209,488,148.465608,1299.074074,113.488372,993.023256
194872.305000,3899,58,137.530864,1203.395062,105.129761,919.885406
194872.477000,2413,56,85.114638,744.753086,65.062353,569.295585
194883.813000,7010,12,247.266314,2163.580247,189.012471,1653.859117
195003.023000,1844,1,65.044092,569.135802,49.720256,435.052241
195008.495000,57,11,2.010582,17.592593,1.536906,13.447927
195081.106000,7685,10,271.075838,2371.913580,207.212673,1813.110886
195083.284000,2009,3,70.864198,620.061728,54.169194,473.980452
195122.234000,2854,11,100.670194,880.864198,76.953151,673.340074
195149.973000,2592,47,91.428571,800.000000,69.888777,611.526795
195151.941000,4092,1,144.338624,1262.962963,110.333670,965.419616
195152.588000,204,3,7.195767,62.962963,5.500506,48.129424
195265.989000,1240,1,43.738977,382.716049,33.434446,292.551399
195331.749000,120,17,4.232804,37.037037,3.235592,28.311426
195373.727000,3546,6,125.079365,1094.444444,95.611729,836.602629
195397.547000,990,4,34.920635,305.555556,26.693630,233.569262
195400.219000,2993,23,105.573192,923.765432,80.701045,706.134142
195501.521000,1365,3,48.148148,421.296296,36.804853,322.042467
195525.364000,555,74,19.576720,171.296296,14.964611,130.940344
195581.711000,2480,7,87.477954,765.432099,66.868891,585.102797
195621.021000,2413,63,85.114638,744.753086,65.062353,569.295585
195642.696000,990,3,34.920635,305.555556,26.693630,233.569262
195757.117000,2046,16,72.169312,631.481481,55.166835,482.709808
195761.713000,58,14,2.045855,17.901235,1.563869,13.683856
195833.923000,1123,3,39.611993,346.604938,30.279744,264.947759
195871.271000,983,8,34.673721,303.395062,26.504887,231.917762
195896.430000,3056,1,107.795414,943.209877,82.399730,720.997641
195898.632000,7060,15,249.029982,2179.012346,190.360634,1665.655544
195998.572000,4147,1,146.278660,1279.938272,111.816650,978.395686
196001.214000,763,68,26.913580,235.493827,20.572969,180.013482
196078.950000,120,17,4.232804,37.037037,3.235592,28.311426
196081.582000,4985,201,175.837743,1538.580247,134.411864,1176.103809
196082.145000,2009,3,70.864198,620.061728,54.169194,473.980452
196120.902000,2038,1,71.887125,629.012346,54.951129,480.822380
196146.759000,2595,1,91.534392,800.925926,69.969666,612.234580
196148.990000,3027,1,106.772487,934.259259,81.617796,714.155713
196329.615000,122,96,4.303351,37.654321,3.289518,28.783283
196373.021000,7010,11,247.266314,2163.580247,189.012471,1653.859117
196396.137000,991,22,34.955908,305.864198,26.720593,233.805190
196527.398000,7665,58,270.370370,2365.740741,206.673407,1808.392315
196529.336000,2771,1,97.742504,855.246914,74.715201,653.758005
196648.968000,2596,6,91.569665,801.234568,69.996630,612.470509
196650.839000,991,24,34.955908,305.864198,26.720593,233.805190
196653.425000,205,14,7.231041,63.271605,5.527469,48.365352
196762.755000,7686,1,271.111111,2372.222222,207.239636,1813.346815
196822.453000,6232,3,219.823633,1923.456790,168.035052,1470.306707
196824.992000,1667,29,58.800705,514.506173,44.947759,393.292888
196825.752000,1282,7,45.220459,395.679012,34.566903,302.460398
196876.313000,2862,3,100.952381,883.333333,77.168857,675.227503
196895.026000,205,14,7.231041,63.271605,5.527469,48.365352
197009.800000,937,15,33.051146,289.197531,25.264577,221.065049
197027.886000,7686,5,271.111111,2372.222222,207.239636,1813.346815
197072.278000,6232,3,219.823633,1923.456790,168.035052,1470.306707
197122.058000,2038,171,71.887125,629.012346,54.951129,480.822380
197124.980000,353,60,12.451499,108.950617,9.518032,83.282777
197263.015000,7686,5,271.111111,2372.222222,207.239636,1813.346815
197263.747000,3310,12,116.754850,1021.604938,89.248399,780.923492
197268.787000,7687,1,271.146384,2372.530864,207.266599,1813.582744
197269.199000,1237,9,43.633157,381.790123,33.353556,291.843613
197322.196000,6232,3,219.823633,1923.456790,168.035052,1470.306707
197372.410000,4070,9,143.562610,1256.172840,109.740479,960.229188
197398.552000,991,8,34.955908,305.864198,26.720593,233.805190
197527.334000,1181,30,41.657848,364.506173,31.843613,278.631614
197528.677000,1130,4,39.858907,348.765432,30.468487,266.599259
197573.869000,1672,16,58.977072,516.049383,45.082575,394.472531
197647.721000,207,14,7.301587,63.888889,5.581395,48.837209
197654.248000,992,1,34.991182,306.172840,26.747556,234.041119
197761.689000,7686,29,271.111111,2372.222222,207.239636,1813.346815
197763.173000,3310,7,116.754850,1021.604938,89.248399,780.923492
197822.684000,6232,3,219.823633,1923.456790,168.035052,1470.306707
197823.176000,2482,5,87.548501,766.049383,66.922818,585.574655
197826.663000,7668,56,270.476190,2366.666667,206.754297,1809.100101
197826.853000,2604,13,91.851852,803.703704,70.212336,614.357937
197872.309000,2295,105,80.952381,708.333333,61.880688,541.456016
197899.126000,2601,39,91.746032,802.777778,70.131446,613.650152
197999.730000,4012,1,141.516755,1238.271605,108.176609,946.545332
198001.843000,1697,721,59.858907,523.765432,45.756657,400.370745
198027.320000,1940,3,68.430335,598.765432,52.308729,457.701382
198027.504000,1130,8,39.858907,348.765432,30.468487,266.599259
198072.412000,3031,18,106.913580,935.493827,81.725649,715.099427
198149.262000,993,6,35.026455,306.481481,26.774520,234.277048
198151.811000,4021,10,141.834215,1241.049383,108.419279,948.668689
198151.878000,7685,328,271.075838,2371.913580,207.212673,1813.110886
198247.271000,4012,6,141.516755,1238.271605,108.176609,946.545332
198322.199000,6232,3,219.823633,1923.456790,168.035052,1470.306707
198495.715000,1576,1,55.590829,486.419753,42.494102,371.823391
198513.522000,970,18,34.215168,299.382716,26.154365,228.850691
198513.935000,3310,20,116.754850,1021.604938,89.248399,780.923492
198519.252000,197,1,6.948854,60.802469,5.311763,46.477924
198527.340000,1362,3,48.042328,420.370370,36.723964,321.334681
198573.771000,3033,13,106.984127,936.111111,81.779575,715.571284
198575.407000,2604,1,91.851852,803.703704,70.212336,614.357937
198621.377000,3182,14,112.239859,982.098765,85.797101,750.724638
198649.069000,2466,13,86.984127,761.111111,66.491405,581.799798
198650.634000,278,11,9.805996,85.802469,7.495787,65.588136
198650.864000,994,21,35.061728,306.790123,26.801483,234.512976
198654.403000,7676,3,270.758377,2369.135802,206.970003,1810.987529
198745.390000,767,5,27.054674,236.728395,20.680822,180.957196
198777.202000,1940,3,68.430335,598.765432,52.308729,457.701382
198823.131000,812,4,28.641975,250.617284,21.894169,191.573980
198825.721000,1996,14,70.405644,616.049383,53.818672,470.913381
198827.131000,524,12,18.483245,161.728395,14.128750,123.626559
198827.183000,2287,5,80.670194,705.864198,61.664981,539.568588
198871.032000,2415,5,85.185185,745.370370,65.116279,569.767442
198992.708000,4012,25,141.516755,1238.271605,108.176609,946.545332
199072.176000,1127,3,39.753086,347.839506,30.387597,265.891473
199072.338000,3033,16,106.984127,936.111111,81.779575,715.571284
199122.118000,1834,19,64.691358,566.049383,49.450624,432.692956
199149.627000,789,25,27.830688,243.518519,21.274014,186.147624
199153.129000,2999,13,105.784832,925.617284,80.862824,707.549714
199247.630000,59,16,2.081129,18.209877,1.590832,13.919784
199248.230000,1580,3,55.731922,487.654321,42.601955,372.767105
199279.134000,2072,14,73.086420,639.506173,55.867880,488.843950
199399.818000,2467,173,87.019400,761.419753,66.518369,582.035726
199495.314000,694,3,24.479718,214.197531,18.712504,163.734412
199495.947000,4017,160,141.693122,1239.814815,108.311426,947.724975
199511.266000,793,3,27.971781,244.753086,21.381867,187.091338
199511.888000,784,19,27.654321,241.975309,21.139198,184.967981
199572.525000,1129,1,39.823633,348.456790,30.441523,266.363330
199573.152000,3038,11,107.160494,937.654321,81.914392,716.750927
199574.699000,1396,19,49.241623,430.864198,37.640715,329.356252
199575.303000,2288,3,80.705467,706.172840,61.691945,539.804516
199622.118000,7667,12,270.440917,2366.358025,206.727334,1808.864173
199622.370000,380,28,13.403880,117.283951,10.246040,89.652848
199760.139000,4296,4,151.534392,1325.925926,115.834176,1013.549039
199897.778000,4717,10,166.384480,1455.864198,127.185709,1112.874958
199900.101000,2996,14,105.679012,924.691358,80.781935,706.841928
199900.355000,7685,166,271.075838,2371.913580,207.212673,1813.110886
199993.224000,2397,16,84.550265,739.814815,64.630940,565.520728
200033.360000,2955,29,104.232804,912.037037,79.676441,697.168857
200071.918000,4086,11,144.126984,1261.111111,110.171891,964.004044
200153.280000,992,1,34.991182,306.172840,26.747556,234.041119
200157.509000,206,4,7.266314,63.580247,5.554432,48.601281
200158.299000,1083,4,38.201058,334.259259,29.201213,255.510617
200159.123000,2997,7,105.714286,925.000000,80.808898,707.077856
200167.883000,2136,43,75.343915,659.259259,57.593529,503.943377
200266.295000,808,10,28.500882,249.382716,21.786316,190.630266
200273.573000,4296,8,151.534392,1325.925926,115.834176,1013.549039
200372.657000,564,2,19.894180,174.074074,15.207280,133.063701
200394.401000,786,8,27.724868,242.592593,21.193124,185.439838
200529.222000,1257,3,44.338624,387.962963,33.892821,296.562184
200573.162000,1127,2,39.753086,347.839506,30.387597,265.891473
200620.890000,2410,9,85.008818,743.827160,64.981463,568.587799
200648.425000,991,23,34.955908,305.864198,26.720593,233.805190
200650.694000,2997,1,105.714286,925.000000,80.808898,707.077856
200749.521000,1366,2,48.183422,421.604938,36.831817,322.278396
200750.986000,2398,15,84.585538,740.123457,64.657904,565.756657
200751.287000,2312,1,81.552028,713.580247,62.339063,545.466801
200782.679000,1257,23,44.338624,387.962963,33.892821,296.562184
200822.590000,3550,4,125.220459,1095.679012,95.719582,837.546343
200872.031000,2423,5,85.467372,747.839506,65.331985,571.654870
200874.605000,1835,12,64.726631,566.358025,49.477587,432.928884
200898.418000,1202,8,42.398589,370.987654,32.409842,283.586114
200994.908000,1367,1,48.218695,421.913580,36.858780,322.514324
201014.061000,808,25,28.500882,249.382716,21.786316,190.630266
201072.235000,1120,5,39.506173,345.679012,30.198854,264.239973
201120.827000,564,4,19.894180,174.074074,15.207280,133.063701
201121.749000,7685,17,271.075838,2371.913580,207.212673,1813.110886
201152.367000,2142,5,75.555556,661.111111,57.755308,505.358948
201153.072000,786,6,27.724868,242.592593,21.193124,185.439838
201155.896000,2999,14,105.784832,925.617284,80.862824,707.549714
201278.364000,1361,1,48.007055,420.061728,36.697000,321.098753
201395.530000,993,20,35.026455,306.481481,26.774520,234.277048
201509.119000,2313,7,81.587302,713.888889,62.366026,545.702730
201530.961000,1360,2,47.971781,419.753086,36.670037,320.862824
201531.335000,1048,10,36.966490,323.456790,28.257499,247.253118
201574.258000,1284,42,45.291005,396.296296,34.620829,302.932255
201575.021000,2289,5,80.740741,706.481481,61.718908,540.040445
201642.576000,2874,9,101.375661,887.037037,77.492417,678.058645
201782.818000,1179,19,41.587302,363.888889,31.789687,278.159757
201784.474000,677,2,23.880071,208.950617,18.254129,159.723627
201871.047000,1276,9,45.008818,393.827160,34.405123,301.044826
202017.787000,7675,27,270.723104,2368.827160,206.943040,1810.751601
202025.219000,4297,1,151.569665,1326.234568,115.861139,1013.784968
202025.491000,523,2,18.447972,161.419753,14.101786,123.390630
202073.906000,1762,4,62.151675,543.827160,47.509269,415.706100
202145.972000,3000,14,105.820106,925.925926,80.889788,707.785642
202263.423000,7685,13,271.075838,2371.913580,207.212673,1813.110886
202282.965000,1495,13,52.733686,461.419753,40.310078,352.713178
202285.244000,3413,1,120.388007,1053.395062,92.025615,805.224132
202322.049000,7683,11,271.005291,2371.296296,207.158746,1812.639029
202323.921000,1762,14,62.151675,543.827160,47.509269,415.706100
202493.269000,923,1,32.557319,284.876543,24.887091,217.762049
202525.479000,4298,1,151.604938,1326.543210,115.888102,1014.020897
202528.684000,7687,1,271.146384,2372.530864,207.266599,1813.582744
202580.840000,1119,5,39.470899,345.370370,30.171891,264.004044
202625.577000,2297,105,81.022928,708.950617,61.934614,541.927873
202645.201000,3382,8,119.294533,1043.827160,91.189754,797.910347
202646.539000,1084,4,38.236332,334.567901,29.228177,255.746545
202759.953000,7676,1,270.758377,2369.135802,206.970003,1810.987529
202826.860000,3091,78,109.029982,954.012346,83.343445,729.255140
202871.570000,1832,3,64.620811,565.432099,49.396697,432.221099
202875.643000,7686,8,271.111111,2372.222222,207.239636,1813.346815
202894.114000,3382,1,119.294533,1043.827160,91.189754,797.910347
203010.573000,523,2,18.447972,161.419753,14.101786,123.390630
203271.890000,524,1,18.483245,161.728395,14.128750,123.626559
203278.536000,7686,4,271.111111,2372.222222,207.239636,1813.346815
203326.638000,3096,5,109.206349,955.555556,83.478261,730.434783
203493.481000,2401,13,84.691358,741.049383,64.738793,566.464442
203513.649000,7678,30,270.828924,2369.753086,207.023930,1811.459387
203515.502000,3311,11,116.790123,1021.913580,89.275362,781.159420
203515.960000,849,10,29.947090,262.037037,22.891810,200.303337
203573.174000,4088,378,144.197531,1261.728395,110.225817,964.475902
203575.287000,2771,9,97.742504,855.246914,74.715201,653.758005
203621.701000,7671,14,270.582011,2367.592593,206.835187,1809.807887
203646.435000,3382,8,119.294533,1043.827160,91.189754,797.910347
203776.985000,1044,3,36.825397,322.222222,28.149646,246.309403
203896.947000,996,14,35.132275,307.407407,26.855410,234.984833
203897.819000,2465,126,86.948854,760.802469,66.464442,581.563869
204146.851000,3382,8,119.294533,1043.827160,91.189754,797.910347
204147.334000,2465,1,86.948854,760.802469,66.464442,581.563869
204149.108000,1084,4,38.236332,334.567901,29.228177,255.746545
204242.682000,773,8,27.266314,238.580247,20.842602,182.372767
204281.734000,1359,1,47.936508,419.444444,36.643074,320.626896
204321.939000,1289,60,45.467372,397.839506,34.755645,304.111898
204492.931000,937,3,33.051146,289.197531,25.264577,221.065049
204530.269000,1495,9,52.733686,461.419753,40.310078,352.713178
204530.937000,1358,2,47.901235,419.135802,36.616111,320.390967
204573.101000,2287,2,80.670194,705.864198,61.664981,539.568588
204643.996000,999,16,35.238095,308.333333,26.936299,235.692619
204644.209000,2465,73,86.948854,760.802469,66.464442,581.563869
204759.281000,2094,1,73.862434,646.296296,56.461072,494.034378
204781.475000,1495,19,52.733686,461.419753,40.310078,352.713178
204872.579000,2862,15,100.952381,883.333333,77.168857,675.227503
204993.434000,1795,3,63.315697,554.012346,48.399056,423.491743
205011.823000,215,11,7.583774,66.358025,5.797101,50.724638
205142.253000,1207,8,42.574956,372.530864,32.544658,284.765757
205270.425000,773,15,27.266314,238.580247,20.842602,182.372767
205276.297000,526,3,18.553792,162.345679,14.182676,124.098416
205285.765000,2391,37,84.338624,737.962963,64.469161,564.105157
205287.992000,226,9,7.971781,69.753086,6.093697,53.319852
205322.707000,3097,3,109.241623,955.864198,83.505224,730.670711
205323.427000,1121,14,39.541446,345.987654,30.225817,264.475902
205324.041000,1997,3,70.440917,616.358025,53.845635,471.149309
205391.054000,2876,6,101.446208,887.654321,77.546343,678.530502
205391.105000,2146,3,75.696649,662.345679,57.863161,506.302663
205492.844000,5501,40,194.038801,1697.839506,148.324907,1297.842939
205572.044000,2287,3,80.670194,705.864198,61.664981,539.568588
205640.554000,1084,16,38.236332,334.567901,29.228177,255.746545
205640.935000,2994,1,105.608466,924.074074,80.728008,706.370071
205760.411000,3920,24,138.271605,1209.876543,105.695989,924.839906
205826.572000,2772,2,97.777778,855.555556,74.742164,653.993933
205875.032000,1833,13,64.656085,565.740741,49.423660,432.457027
205892.737000,184,23,6.490300,56.790123,4.961240,43.410853
206015.600000,1340,6,47.266314,413.580247,36.130772,316.144253
206142.565000,2145,10,75.661376,662.037037,57.836198,506.066734
206247.577000,2316,1,81.693122,714.814815,62.446916,546.410516
206265.586000,7678,28,270.828924,2369.753086,207.023930,1811.459387
206325.795000,2772,5,97.777778,855.555556,74.742164,653.993933
206326.591000,2002,14,70.617284,617.901235,53.980452,472.328952
206391.296000,3385,7,119.400353,1044.753086,91.270644,798.618133
206510.031000,749,32,26.419753,231.172840,20.195484,176.710482
206581.720000,2287,2,80.670194,705.864198,61.664981,539.568588
206641.873000,2468,70,87.054674,761.728395,66.545332,582.271655
206644.535000,1012,10,35.696649,312.345679,27.286822,238.759690
206743.533000,145,13,5.114638,44.753086,3.909673,34.209639
206745.605000,774,1,27.301587,238.888889,20.869565,182.608696
206830.901000,1679,9,59.223986,518.209877,45.271318,396.124031
206834.010000,4110,1,144.973545,1268.518519,110.819009,969.666330
206834.522000,2773,6,97.813051,855.864198,74.769127,654.229862
206894.184000,184,18,6.490300,56.790123,4.961240,43.410853
207013.894000,977,12,34.462081,301.543210,26.343108,230.502191
207081.663000,4110,1,144.973545,1268.518519,110.819009,969.666330
207122.870000,1834,3,64.691358,566.049383,49.450624,432.692956
207144.698000,3000,37,105.820106,925.925926,80.889788,707.785642
207145.837000,1012,43,35.696649,312.345679,27.286822,238.759690
207271.650000,4299,6,151.640212,1326.851852,115.915066,1014.256825
207272.247000,3921,5,138.306878,1210.185185,105.722952,925.075834
207331.854000,4090,370,144.268078,1262.345679,110.279744,964.947759
207335.857000,3427,3,120.881834,1057.716049,92.403101,808.527132
207392.513000,998,8,35.202822,308.024691,26.909336,235.456690
207396.227000,1012,13,35.696649,312.345679,27.286822,238.759690
207493.949000,1798,14,63.421517,554.938272,48.479946,424.199528
207527.592000,1356,2,47.830688,418.518519,36.562184,319.919110
207577.426000,1679,65,59.223986,518.209877,45.271318,396.124031
207578.386000,4110,2,144.973545,1268.518519,110.819009,969.666330
207579.122000,2255,15,79.541446,695.987654,60.802157,532.018874
207642.623000,2469,313,87.089947,762.037037,66.572295,582.507583
207646.277000,1209,3,42.645503,373.148148,32.598584,285.237614
207646.343000,3460,9,122.045855,1067.901235,93.292888,816.312774
207662.322000,998,14,35.202822,308.024691,26.909336,235.456690
207829.085000,2775,4,97.883598,856.481481,74.823054,654.701719
207874.942000,2861,24,100.917108,883.024691,77.141894,674.991574
207893.484000,3462,1,122.116402,1068.518519,93.346815,816.784631
207993.657000,775,242,27.336861,239.197531,20.896528,182.844624
208012.047000,980,12,34.567901,302.469136,26.423997,231.209976
208012.294000,3313,6,116.860670,1022.530864,89.329289,781.631277
208017.542000,3921,4,138.306878,1210.185185,105.722952,925.075834
208028.940000,1495,6,52.733686,461.419753,40.310078,352.713178
208077.130000,4111,1,145.008818,1268.827160,110.845972,969.902258
208077.567000,3428,5,120.917108,1058.024691,92.430064,808.763060
208078.263000,1294,112,45.643739,399.382716,34.890462,305.291540
208141.800000,1012,29,35.696649,312.345679,27.286822,238.759690
208277.242000,5073,3,178.941799,1565.740741,136.784631,1196.865521
208278.509000,7654,8,269.982363,2362.345679,206.376812,1805.797101
208329.088000,3428,4,120.917108,1058.024691,92.430064,808.763060
208373.976000,2406,1,84.867725,742.592593,64.873610,567.644085
208391.875000,3462,5,122.116402,1068.518519,93.346815,816.784631
208579.994000,2435,5,85.890653,751.543210,65.655544,574.486013
208743.421000,775,1,27.336861,239.197531,20.896528,182.844624
208744.933000,60,14,2.116402,18.518519,1.617796,14.155713
208764.765000,980,12,34.567901,302.469136,26.423997,231.209976
208776.556000,1134,13,40.000000,350.000000,30.576340,267.542973
208777.863000,5435,18,191.710758,1677.469136,146.545332,1282.271655
208827.788000,2003,6,70.652557,618.209877,54.007415,472.564880
208828.516000,3429,1,120.952381,1058.333333,92.457027,808.998989
208874.653000,7681,8,270.934744,2370.679012,207.104820,1812.167172
208891.581000,3386,8,119.435626,1045.061728,91.297607,798.854061
208891.749000,997,15,35.167549,307.716049,26.882373,235.220762
208993.461000,147,1,5.185185,45.370370,3.963600,34.681496
209018.455000,754,24,26.596120,232.716049,20.330300,177.890125
209025.478000,2942,3,103.774250,908.024691,79.325918,694.101786
209025.860000,3922,4,138.342152,1210.493827,105.749916,925.311763
209030.578000,1245,9,43.915344,384.259259,33.569262,293.731041
209082.224000,10,10,0.352734,3.086420,0.269633,2.359285
209084.858000,3430,2,120.987654,1058.641975,92.483991,809.234917
209085.713000,2006,3,70.758377,619.135802,54.088305,473.272666
209147.199000,2469,1,87.089947,762.037037,66.572295,582.507583
209242.841000,1368,3,48.253968,422.222222,36.885743,322.750253
209246.240000,1588,3,56.014109,490.123457,42.817661,374.654533
209265.096000,2942,3,103.774250,908.024691,79.325918,694.101786
209280.331000,1245,9,43.915344,384.259259,33.569262,293.731041
209373.193000,1519,2,53.580247,468.827160,40.957196,358.375463
209390.576000,3386,8,119.435626,1045.061728,91.297607,798.854061
209392.093000,997,30,35.167549,307.716049,26.882373,235.220762
209395.973000,184,15,6.490300,56.790123,4.961240,43.410853
209583.003000,161,31,5.679012,49.691358,4.341085,37.984496
209583.196000,7670,6,270.546737,2367.283951,206.808224,1809.571958
209583.358000,11,1,0.388007,3.395062,0.296596,2.595214
209763.451000,3314,5,116.895944,1022.839506,89.356252,781.867206
209778.352000,1133,4,39.964727,349.691358,30.549376,267.307044
209834.203000,11,1,0.388007,3.395062,0.296596,2.595214
209838.279000,3428,2,120.917108,1058.024691,92.430064,808.763060
209838.723000,3096,505,109.206349,955.555556,83.478261,730.434783
209875.991000,386,18,13.615520,119.135802,10.407819,91.068419
209891.473000,3386,1,119.435626,1045.061728,91.297607,798.854061
209895.301000,7683,11,271.005291,2371.296296,207.158746,1812.639029
210017.629000,3314,8,116.895944,1022.839506,89.356252,781.867206
210017.796000,787,13,27.760141,242.901235,21.220088,185.675767
210024.738000,3924,2,138.412698,1211.111111,105.803842,925.783620
210080.606000,4693,1,165.537919,1448.456790,126.538591,1107.212673
210081.476000,11,19,0.388007,3.395062,0.296596,2.595214
210083.154000,1318,24,46.490300,406.790123,35.537580,310.953825
210084.054000,3428,5,120.917108,1058.024691,92.430064,808.763060
210084.308000,4114,153,145.114638,1269.753086,110.926862,970.610044
210084.744000,3109,42,109.664903,959.567901,83.828783,733.501854
210127.253000,2865,3,101.058201,884.259259,77.249747,675.935288
210143.064000,3385,7,119.400353,1044.753086,91.270644,798.618133
210143.353000,2469,234,87.089947,762.037037,66.572295,582.507583
210243.028000,1660,3,58.553792,512.345679,44.759016,391.641389
210277.128000,1354,3,47.760141,417.901235,36.508257,319.447253
210277.792000,1940,13,68.430335,598.765432,52.308729,457.701382
210333.663000,1713,82,60.423280,528.703704,46.188069,404.145602
210392.073000,185,1,6.525573,57.098765,4.988204,43.646781
210392.324000,7682,5,270.970018,2370.987654,207.131783,1812.403101
210392.909000,3024,3,106.666667,933.333333,81.536906,713.447927
210493.974000,776,276,27.372134,239.506173,20.923492,183.080553
210514.315000,7678,1,270.828924,2369.753086,207.023930,1811.459387
210578.089000,3037,26,107.125220,937.345679,81.887428,716.514998
210579.323000,2006,3,70.758377,619.135802,54.088305,473.272666
210579.495000,3427,3,120.881834,1057.716049,92.403101,808.527132
210624.985000,4012,22,141.516755,1238.271605,108.176609,946.545332
210644.849000,185,1,6.525573,57.098765,4.988204,43.646781
210743.319000,1372,2,48.395062,423.456790,36.993596,323.693967
210825.791000,3427,3,120.881834,1057.716049,92.403101,808.527132
210878.123000,7684,13,271.040564,2371.604938,207.185709,1812.874958
210892.138000,2470,205,87.125220,762.345679,66.599259,582.743512
210894.648000,7683,1,271.005291,2371.296296,207.158746,1812.639029
210894.970000,185,1,6.525573,57.098765,4.988204,43.646781
211028.539000,5075,21,179.012346,1566.358025,136.838557,1197.337378
211076.897000,163,6,5.749559,50.308642,4.395012,38.456353
211077.350000,1176,3,41.481481,362.962963,31.708797,277.451972
211078.864000,1750,5,61.728395,540.123457,47.185709,412.874958
211131.470000,4012,22,141.516755,1238.271605,108.176609,946.545332
211133.182000,1001,15,35.308642,308.950617,26.990226,236.164476
211137.598000,386,23,13.615520,119.135802,10.407819,91.068419
211243.140000,61,20,2.151675,18.827160,1.644759,14.391641
211283.592000,5379,16,189.735450,1660.185185,145.035389,1269.059656
211329.778000,613,13,21.622575,189.197531,16.528480,144.624200
211331.977000,2257,14,79.611993,696.604938,60.856084,532.490731
211332.209000,5120,18,180.599647,1580.246914,138.051904,1207.954162
211332.764000,1750,3,61.728395,540.123457,47.185709,412.874958
211394.655000,1012,31,35.696649,312.345679,27.286822,238.759690
211512.748000,7679,11,270.864198,2370.061728,207.050893,1811.695315
211520.232000,3924,2,138.412698,1211.111111,105.803842,925.783620
211528.145000,50,11,1.763668,15.432099,1.348163,11.796427
211581.021000,164,3,5.784832,50.617284,4.421975,38.692282
211583.556000,3427,3,120.881834,1057.716049,92.403101,808.527132
211641.455000,3864,2,136.296296,1192.592593,104.186047,911.627907
211642.414000,1018,27,35.908289,314.197531,27.448601,240.175261
211645.054000,1012,5,35.696649,312.345679,27.286822,238.759690
211745.346000,641,3,22.610229,197.839506,17.283451,151.230199
211745.724000,780,76,27.513228,240.740741,21.031345,184.024267
211759.636000,979,13,34.532628,302.160494,26.397034,230.974048
211839.193000,3428,4,120.917108,1058.024691,92.430064,808.763060
211878.173000,4012,13,141.516755,1238.271605,108.176609,946.545332
211896.034000,1012,6,35.696649,312.345679,27.286822,238.759690
211993.404000,781,24,27.548501,241.049383,21.058308,184.260195
212016.467000,2890,6,101.940035,891.975309,77.923829,681.833502
212028.588000,421,1,14.850088,129.938272,11.351534,99.325918
212029.521000,5380,27,189.770723,1660.493827,145.062353,1269.295585
212084.308000,3039,40,107.195767,937.962963,81.941355,716.986855
212088.649000,1710,164,60.317460,527.777778,46.107179,403.437816
212124.579000,989,2,34.885362,305.246914,26.666667,233.333333
212141.274000,3385,7,119.400353,1044.753086,91.270644,798.618133
212143.198000,7685,3,271.075838,2371.913580,207.212673,1813.110886
212143.410000,1084,19,38.236332,334.567901,29.228177,255.746545
212268.369000,1291,2,45.537919,398.456790,34.809572,304.583755
212276.761000,7685,3,271.075838,2371.913580,207.212673,1813.110886
212391.433000,1013,29,35.731922,312.654321,27.313785,238.995618
212492.932000,1372,2,48.395062,423.456790,36.993596,323.693967
212493.878000,781,1,27.548501,241.049383,21.058308,184.260195
212511.868000,790,1,27.865961,243.827160,21.300977,186.383552
212586.028000,613,333,21.622575,189.197531,16.528480,144.624200
212587.569000,7328,1,258.483245,2261.728395,197.586788,1728.884395
212588.605000,2257,15,79.611993,696.604938,60.856084,532.490731
212641.069000,386,20,13.615520,119.135802,10.407819,91.068419
212641.349000,3385,7,119.400353,1044.753086,91.270644,798.618133
212642.741000,7684,2,271.040564,2371.604938,207.185709,1812.874958
212831.166000,422,1,14.885362,130.246914,11.378497,99.561847
212835.521000,7328,7,258.483245,2261.728395,197.586788,1728.884395
212874.724000,564,3,19.894180,174.074074,15.207280,133.063701
212892.861000,3386,6,119.435626,1045.061728,91.297607,798.854061
212894.007000,7684,2,271.040564,2371.604938,207.185709,1812.874958
212997.909000,644,1,22.716049,198.765432,17.364341,151.937984
213026.612000,1353,1,47.724868,417.592593,36.481294,319.211325
213030.320000,2475,9,87.301587,763.888889,66.734075,583.923155
213078.570000,3039,40,107.195767,937.962963,81.941355,716.986855
213081.348000,1705,9,60.141093,526.234568,45.972363,402.258173
213140.889000,186,1,6.560847,57.407407,5.015167,43.882710
213243.284000,784,1,27.654321,241.975309,21.139198,184.967981
213267.269000,3315,5,116.931217,1023.148148,89.383215,782.103134
213277.465000,4662,16,164.444444,1438.888889,125.702730,1099.898888
213327.910000,3039,1,107.195767,937.962963,81.941355,716.986855
213377.741000,2866,3,101.093474,884.567901,77.276710,676.171217
213390.786000,3385,1,119.400353,1044.753086,91.270644,798.618133
213492.552000,1590,10,56.084656,490.740741,42.871587,375.126390
213517.497000,761,107,26.843034,234.876543,20.519043,179.541625
213517.632000,792,3,27.936508,244.444444,21.354904,186.855410
213526.751000,7678,1,270.828924,2369.753086,207.023930,1811.459387
213526.848000,755,15,26.631393,233.024691,20.357263,178.126053
213576.333000,3427,3,120.881834,1057.716049,92.403101,808.527132
213750.673000,784,1,27.654321,241.975309,21.139198,184.967981
213750.876000,948,6,33.439153,292.592593,25.561173,223.660263
213751.863000,644,7,22.716049,198.765432,17.364341,151.937984
213752.545000,784,1,27.654321,241.975309,21.139198,184.967981
213764.107000,849,17,29.947090,262.037037,22.891810,200.303337
213764.682000,763,1,26.913580,235.493827,20.572969,180.013482
213768.930000,2905,3,102.469136,896.604938,78.328278,685.372430
213776.653000,5781,1279,203.915344,1784.259259,155.874621,1363.902932
213822.991000,5122,12,180.670194,1580.864198,138.105831,1208.426020
213874.457000,4030,3,142.151675,1243.827160,108.661948,950.792046
213876.486000,425,2,14.991182,131.172840,11.459387,100.269633
214000.228000,784,1,27.654321,241.975309,21.139198,184.967981
214264.334000,763,5,26.913580,235.493827,20.572969,180.013482
214264.481000,7685,13,271.075838,2371.913580,207.212673,1813.110886
214278.268000,7654,10,269.982363,2362.345679,206.376812,1805.797101
214278.502000,2192,16,77.319224,676.543210,59.103472,517.155376
214501.103000,1803,13,63.597884,556.481481,48.614762,425.379171
214503.255000,647,4,22.821869,199.691358,17.445231,152.645770
214526.524000,734,25,25.890653,226.543210,19.791035,173.171554
214640.913000,3384,6,119.365079,1044.444444,91.243680,798.382204
214642.494000,1012,38,35.696649,312.345679,27.286822,238.759690
214778.174000,248,69,8.747795,76.543210,6.686889,58.510280
214828.609000,1013,3,35.731922,312.654321,27.313785,238.995618
214891.209000,1012,5,35.696649,312.345679,27.286822,238.759690
215087.926000,2003,3,70.652557,618.209877,54.007415,472.564880
215089.135000,2257,14,79.611993,696.604938,60.856084,532.490731
215147.874000,3385,3,119.400353,1044.753086,91.270644,798.618133
215150.265000,1012,22,35.696649,312.345679,27.286822,238.759690
215252.638000,787,11,27.760141,242.901235,21.220088,185.675767
215267.904000,7678,26,270.828924,2369.753086,207.023930,1811.459387
215272.403000,535,9,18.871252,165.123457,14.425345,126.221773
215277.141000,7684,2,271.040564,2371.604938,207.185709,1812.874958
215278.025000,1495,5,52.733686,461.419753,40.310078,352.713178
215280.443000,7681,13,270.934744,2370.679012,207.104820,1812.167172
215376.868000,386,17,13.615520,119.135802,10.407819,91.068419
215393.944000,1012,5,35.696649,312.345679,27.286822,238.759690
215507.799000,2491,25,87.865961,768.827160,67.165487,587.698011
215526.993000,5077,20,179.082892,1566.975309,136.892484,1197.809235
215584.424000,742,517,26.172840,229.012346,20.006741,175.058982
215587.697000,5122,13,180.670194,1580.864198,138.105831,1208.426020
215646.324000,3385,9,119.400353,1044.753086,91.270644,798.618133
215776.848000,7685,9,271.075838,2371.913580,207.212673,1813.110886
215778.324000,2480,11,87.477954,765.432099,66.868891,585.102797
215830.083000,1299,1,45.820106,400.925926,35.025278,306.471183
215830.500000,3429,2,120.952381,1058.333333,92.457027,808.998989
215876.308000,991,18,34.955908,305.864198,26.720593,233.805190
215894.043000,3386,1,119.435626,1045.061728,91.297607,798.854061
215894.106000,1006,16,35.485009,310.493827,27.125042,237.344119
215997.927000,788,1,27.795414,243.209877,21.247051,185.911695
216016.539000,985,11,34.744268,304.012346,26.558814,232.389619
216017.126000,786,9,27.724868,242.592593,21.193124,185.439838
216024.917000,2535,102,89.417989,782.407407,68.351871,598.078868
216025.876000,736,19,25.961199,227.160494,19.844961,173.643411
216152.255000,1013,30,35.731922,312.654321,27.313785,238.995618
216259.490000,537,5,18.941799,165.740741,14.479272,126.693630
216277.805000,1350,2,47.619048,416.666667,36.400404,318.503539
216374.957000,2086,1,73.580247,643.827160,56.245366,492.146950
216394.155000,3386,10,119.435626,1045.061728,91.297607,798.854061
216501.177000,1803,11,63.597884,556.481481,48.614762,425.379171
216503.964000,644,1,22.716049,198.765432,17.364341,151.937984
216514.091000,2538,1,89.523810,783.333333,68.432760,598.786653
216514.222000,6855,4,241.798942,2115.740741,184.833165,1617.290192
216576.506000,770,4,27.160494,237.654321,20.761712,181.664981
216577.085000,163,4,5.749559,50.308642,4.395012,38.456353
216622.871000,3963,4,139.788360,1223.148148,106.855410,934.984833
216647.374000,3386,13,119.435626,1045.061728,91.297607,798.854061
216649.821000,187,19,6.596120,57.716049,5.042130,44.118638
216762.878000,6855,1,241.798942,2115.740741,184.833165,1617.290192
216763.610000,537,7,18.941799,165.740741,14.479272,126.693630
216777.350000,1057,31,37.283951,326.234568,28.500169,249.376475
216778.120000,2469,2,87.089947,762.037037,66.572295,582.507583
216782.741000,345,27,12.169312,106.481481,9.302326,81.395349
216826.398000,4138,11,145.961199,1277.160494,111.573980,976.272329
216826.449000,7675,9,270.723104,2368.827160,206.943040,1810.751601
216893.158000,3776,4,133.192240,1165.432099,101.813279,890.866195
216997.430000,578,9,20.388007,178.395062,15.584766,136.366700
217015.313000,4707,10,166.031746,1452.777778,126.916077,1110.515672
217022.200000,2540,57,89.594356,783.950617,68.486687,599.258510
217022.671000,6858,9,241.904762,2116.666667,184.914055,1617.997978
217023.312000,537,5,18.941799,165.740741,14.479272,126.693630
217027.538000,1059,7,37.354497,326.851852,28.554095,249.848332
217125.211000,2736,5,96.507937,844.444444,73.771486,645.500506
217125.673000,2088,2,73.650794,644.444444,56.299292,492.618807
217247.835000,1104,3,38.941799,340.740741,29.767442,260.465116
217249.696000,645,17,22.751323,199.074074,17.391304,152.173913
217259.724000,6859,4,241.940035,2116.975309,184.941018,1618.233906
217277.353000,57,4,2.010582,17.592593,1.536906,13.447927
217327.994000,163,4,5.749559,50.308642,4.395012,38.456353
217329.051000,1300,1,45.855379,401.234568,35.052241,306.707112
217515.301000,2542,3,89.664903,784.567901,68.540613,599.730367
217526.562000,7686,15,271.111111,2372.222222,207.239636,1813.346815
217527.372000,1059,7,37.354497,326.851852,28.554095,249.848332
217527.987000,57,4,2.010582,17.592593,1.536906,13.447927
217577.167000,2527,15,89.135802,779.938272,68.136164,596.191439
217577.370000,1301,1,45.890653,401.543210,35.079205,306.943040
217577.908000,2259,1,79.682540,697.222222,60.910010,532.962588
217753.916000,580,1,20.458554,179.012346,15.638692,136.838557
217759.193000,2328,82,82.116402,718.518519,62.770475,549.241658
217763.419000,6859,12,241.940035,2116.975309,184.941018,1618.233906
217777.161000,1059,7,37.354497,326.851852,28.554095,249.848332
217825.238000,3429,5,120.952381,1058.333333,92.457027,808.998989
218004.549000,4018,2,141.728395,1240.123457,108.338389,947.960903
218006.905000,949,1,33.474427,292.901235,25.588136,223.896191
218008.508000,4713,3,166.243386,1454.629630,127.077856,1111.931244
218008.752000,792,5,27.936508,244.444444,21.354904,186.855410
218009.069000,792,43,27.936508,244.444444,21.354904,186.855410
218077.638000,1396,24,49.241623,430.864198,37.640715,329.356252
218258.956000,2542,3,89.664903,784.567901,68.540613,599.730367
218259.065000,6859,8,241.940035,2116.975309,184.941018,1618.233906
218327.949000,1396,1,49.241623,430.864198,37.640715,329.356252
218328.085000,2257,14,79.611993,696.604938,60.856084,532.490731
218510.464000,540,3,19.047619,166.666667,14.560162,127.401416
218511.762000,6858,21,241.904762,2116.666667,184.914055,1617.997978
218579.950000,900,9,31.746032,277.777778,24.266936,212.335693
218581.941000,386,18,13.615520,119.135802,10.407819,91.068419
218582.641000,1302,1,45.925926,401.851852,35.106168,307.178969
218756.730000,5525,3,194.885362,1705.246914,148.972026,1303.505224
218762.143000,2540,127,89.594356,783.950617,68.486687,599.258510
218779.215000,7685,9,271.075838,2371.913580,207.212673,1813.110886
218827.599000,3038,3,107.160494,937.654321,81.914392,716.750927
218827.914000,4139,6,145.996473,1277.469136,111.600944,976.508257
218829.496000,3430,3,120.987654,1058.641975,92.483991,809.234917
218892.847000,1211,2,42.716049,373.765432,32.652511,285.709471
219008.766000,6859,8,241.940035,2116.975309,184.941018,1618.233906
219256.922000,794,13,28.007055,245.061728,21.408830,187.327267
219261.038000,6859,16,241.940035,2116.975309,184.941018,1618.233906
219281.669000,2033,11,71.710758,627.469136,54.816313,479.642737
219392.982000,1035,21,36.507937,319.444444,27.906977,244.186047
219526.936000,1791,7,63.174603,552.777778,48.291203,422.548028
219585.837000,2227,61,78.553792,687.345679,60.047186,525.412875
219641.162000,4720,21,166.490300,1456.790123,127.266599,1113.582744
219755.784000,64,17,2.257496,19.753086,1.725649,15.099427
219756.971000,794,4,28.007055,245.061728,21.408830,187.327267
219761.843000,541,3,19.082892,166.975309,14.587125,127.637344
219997.642000,563,35,19.858907,173.765432,15.180317,132.827772
219999.508000,655,3,23.104056,202.160494,17.660937,154.533199
220141.807000,3785,1,133.509700,1168.209877,102.055949,892.989552
220142.457000,1034,16,36.472663,319.135802,27.880013,243.950118
220246.167000,1842,2,64.973545,568.518519,49.666330,434.580384
220247.550000,797,1,28.112875,245.987654,21.489720,188.035052
220322.836000,4140,7,146.031746,1277.777778,111.627907,976.744186
220323.890000,1305,1,46.031746,402.777778,35.187058,307.886754
220324.599000,1397,169,49.276896,431.172840,37.667678,329.592181
220507.222000,285,27,10.052910,87.962963,7.684530,67.239636
220513.729000,542,4,19.118166,167.283951,14.614088,127.873273
220514.919000,2542,13,89.664903,784.567901,68.540613,599.730367
220515.160000,6862,47,242.045855,2117.901235,185.021908,1618.941692
220572.700000,3433,5,121.093474,1059.567901,92.564880,809.942703
220573.654000,2010,28,70.899471,620.370370,54.196158,474.216380
220623.071000,3165,3,111.640212,976.851852,85.338726,746.713852
220822.648000,158,3,5.573192,48.765432,4.260195,37.276710
220826.086000,1395,11,49.206349,430.555556,37.613751,329.120324
220891.485000,3390,7,119.576720,1046.296296,91.405460,799.797776
220893.777000,1034,12,36.472663,319.135802,27.880013,243.950118
221030.457000,7684,2,271.040564,2371.604938,207.185709,1812.874958
221078.023000,4144,257,146.172840,1279.012346,111.735760,977.687900
221142.938000,3026,12,106.737213,933.950617,81.590832,713.919784
221143.297000,5028,1,177.354497,1551.851852,135.571284,1186.248736
221144.160000,1813,9,63.950617,559.567901,48.884395,427.738456
221256.726000,795,3,28.042328,245.370370,21.435794,187.563195
221259.675000,4767,1,168.148148,1471.296296,128.533873,1124.671385
221282.443000,2479,1,87.442681,765.123457,66.841928,584.866869
221283.194000,5081,10,179.223986,1568.209877,137.000337,1198.752949
221322.943000,4139,6,145.996473,1277.469136,111.600944,976.508257
221323.781000,692,3,24.409171,213.580247,18.658578,163.262555
221324.722000,158,3,5.573192,48.765432,4.260195,37.276710
221390.499000,4722,15,166.560847,1457.407407,127.320526,1114.054601
221496.494000,1842,2,64.973545,568.518519,49.666330,434.580384
221533.881000,2479,9,87.442681,765.123457,66.841928,584.866869
221578.207000,1307,4,46.102293,403.395062,35.240984,308.358611
221579.361000,4145,2,146.208113,1279.320988,111.762723,977.923829
221623.622000,1280,9,45.149912,395.061728,34.512976,301.988541
221747.663000,5030,5,177.425044,1552.469136,135.625211,1186.720593
221779.758000,7686,28,271.111111,2372.222222,207.239636,1813.346815
221827.955000,1399,100,49.347443,431.790123,37.721604,330.064038
221894.925000,7683,3,271.005291,2371.296296,207.158746,1812.639029
222035.848000,7684,2,271.040564,2371.604938,207.185709,1812.874958
222077.817000,390,17,13.756614,120.370370,10.515672,92.012133
222251.773000,2427,15,85.608466,749.074074,65.439838,572.598584
222252.148000,801,34,28.253968,247.222222,21.597573,188.978766
222258.341000,4768,1,168.183422,1471.604938,128.560836,1124.907314
222258.918000,6858,2,241.904762,2116.666667,184.914055,1617.997978
222281.617000,60,6,2.116402,18.518519,1.617796,14.155713
222282.889000,7685,10,271.075838,2371.913580,207.212673,1813.110886
222323.813000,1399,244,49.347443,431.790123,37.721604,330.064038
222326.990000,4145,12,146.208113,1279.320988,111.762723,977.923829
222498.582000,1811,10,63.880071,558.950617,48.830468,427.266599
222499.149000,947,70,33.403880,292.283951,25.534210,223.424334
222530.089000,5083,14,179.294533,1568.827160,137.054264,1199.224806
222530.240000,61,5,2.151675,18.827160,1.644759,14.391641
222578.456000,4145,1,146.208113,1279.320988,111.762723,977.923829
222745.850000,801,67,28.253968,247.222222,21.597573,188.978766
222758.459000,6856,1,241.834215,2116.049383,184.860128,1617.526121
222823.252000,4146,16,146.243386,1279.629630,111.789687,978.159757
222890.958000,1513,13,53.368607,466.975309,40.795416,356.959892
223008.551000,985,48,34.744268,304.012346,26.558814,232.389619
223013.421000,2540,3,89.594356,783.950617,68.486687,599.258510
223013.881000,6856,1,241.834215,2116.049383,184.860128,1617.526121
223072.340000,693,2,24.444444,213.888889,18.685541,163.498483
223074.110000,2259,14,79.682540,697.222222,60.910010,532.962588
223124.538000,1244,23,43.880071,383.950617,33.542299,293.495113
223259.417000,6856,8,241.834215,2116.049383,184.860128,1617.526121
223277.414000,2487,11,87.724868,767.592593,67.057634,586.754297
223323.548000,1684,25,59.400353,519.753086,45.406134,397.303674
223390.492000,1216,2,42.892416,375.308642,32.787327,286.889114
223391.113000,1887,1,66.560847,582.407407,50.879676,445.197169
223507.677000,7676,1,270.758377,2369.135802,206.970003,1810.987529
223573.128000,346,22,12.204586,106.790123,9.329289,81.631277
223748.971000,1467,3,51.746032,452.777778,39.555106,346.107179
223750.262000,64,14,2.257496,19.753086,1.725649,15.099427
223760.772000,2545,8,89.770723,785.493827,68.621503,600.438153
223776.980000,3776,3,133.192240,1165.432099,101.813279,890.866195
223777.860000,262,1,9.241623,80.864198,7.064375,61.813279
223778.808000,262,1,9.241623,80.864198,7.064375,61.813279
223823.357000,3499,1,123.421517,1079.938272,94.344456,825.513987
223823.926000,1518,3,53.544974,468.518519,40.930233,358.139535
223890.542000,3060,1,107.936508,944.444444,82.507583,721.941355
223891.161000,3390,5,119.576720,1046.296296,91.405460,799.797776
223994.652000,803,2,28.324515,247.839506,21.651500,189.450624
224006.526000,834,19,29.417989,257.407407,22.487361,196.764408
224028.025000,1136,10,40.070547,350.617284,30.630266,268.014830
224028.667000,263,3,9.276896,81.172840,7.091338,62.049208
224073.265000,1684,27,59.400353,519.753086,45.406134,397.303674
224074.483000,2236,89,78.871252,690.123457,60.289855,527.536232
224077.347000,1331,9,46.948854,410.802469,35.888102,314.020897
224128.643000,1244,29,43.880071,383.950617,33.542299,293.495113
224141.744000,4722,1,166.560847,1457.407407,127.320526,1114.054601
224244.730000,1889,3,66.631393,583.024691,50.933603,445.669026
224257.449000,7677,25,270.793651,2369.444444,206.996967,1811.223458
224279.066000,5083,19,179.294533,1568.827160,137.054264,1199.224806
224324.883000,3499,2,123.421517,1079.938272,94.344456,825.513987
224391.920000,187,46,6.596120,57.716049,5.042130,44.118638
224506.783000,834,26,29.417989,257.407407,22.487361,196.764408
224528.003000,3098,15,109.276896,956.172840,83.532187,730.906640
224575.585000,1308,49,46.137566,403.703704,35.267947,308.594540
224622.708000,1419,3,50.052910,437.962963,38.260870,334.782609
224748.915000,803,1,28.324515,247.839506,21.651500,189.450624
224757.055000,7676,6,270.758377,2369.135802,206.970003,1810.987529
224777.098000,2482,6,87.548501,766.049383,66.922818,585.574655
224823.519000,4140,85,146.031746,1277.777778,111.627907,976.744186
224890.610000,4720,1,166.490300,1456.790123,127.266599,1113.582744
225013.412000,2547,6,89.841270,786.111111,68.675430,600.910010
225072.693000,1419,7,50.052910,437.962963,38.260870,334.782609
225129.993000,2869,16,101.199295,885.493827,77.357600,676.879002
225141.370000,4720,1,166.490300,1456.790123,127.266599,1113.582744
225143.091000,1217,10,42.927690,375.617284,32.814291,287.125042
225260.781000,803,31,28.324515,247.839506,21.651500,189.450624
225267.704000,798,10,28.148148,246.296296,21.516684,188.270981
225277.954000,3549,2,125.185185,1095.370370,95.692619,837.310415
225322.776000,4141,1,146.067019,1278.086420,111.654870,976.980115
225373.322000,1100,14,38.800705,339.506173,29.659589,259.521402
225391.038000,4721,9,166.525573,1457.098765,127.293563,1113.818672
225573.916000,1750,3,61.728395,540.123457,47.185709,412.874958
225574.028000,3501,5,123.492063,1080.555556,94.398382,825.985844
225628.987000,1101,21,38.835979,339.814815,29.686552,259.757331
225641.362000,4720,9,166.490300,1456.790123,127.266599,1113.582744
225644.286000,190,103,6.701940,58.641975,5.123020,44.826424
225776.723000,2487,3,87.724868,767.592593,67.057634,586.754297
225777.526000,206,32,7.266314,63.580247,5.554432,48.601281
225890.332000,2305,721,81.305115,711.419753,62.150320,543.815302
226075.757000,4146,39,146.243386,1279.629630,111.789687,978.159757
226140.869000,4721,1,166.525573,1457.098765,127.293563,1113.818672
226143.383000,194,20,6.843034,59.876543,5.230873,45.770138
226246.390000,1892,14,66.737213,583.950617,51.014493,446.376812
226246.695000,804,45,28.359788,248.148148,21.678463,189.686552
226276.964000,5083,20,179.294533,1568.827160,137.054264,1199.224806
226282.386000,111,12,3.915344,34.259259,2.992922,26.188069
226324.580000,5161,7,182.045855,1592.901235,139.157398,1217.627233
226377.251000,1393,8,49.135802,429.938272,37.559825,328.648466
226379.270000,2561,3,90.335097,790.432099,69.052915,604.213010
226392.562000,4722,5,166.560847,1457.407407,127.320526,1114.054601
226512.451000,4718,3,166.419753,1456.172840,127.212673,1113.110886
226527.138000,834,25,29.417989,257.407407,22.487361,196.764408
226528.681000,2489,17,87.795414,768.209877,67.111560,587.226154
226585.178000,4391,2,154.885362,1355.246914,118.395686,1035.962251
226585.795000,2011,19,70.934744,620.679012,54.223121,474.452309
226644.755000,2222,2,78.377425,685.802469,59.912369,524.233232
226750.032000,1894,39,66.807760,584.567901,51.068419,446.848669
226750.285000,654,11,23.068783,201.851852,17.633974,154.297270
226764.861000,7686,28,271.111111,2372.222222,207.239636,1813.346815
226765.441000,989,42,34.885362,305.246914,26.666667,233.333333
226769.886000,2973,15,104.867725,917.592593,80.161780,701.415571
226777.613000,7679,1,270.864198,2370.061728,207.050893,1811.695315
226878.599000,464,1,16.366843,143.209877,12.510954,109.470846
226890.513000,2467,187,87.019400,761.419753,66.518369,582.035726
226999.061000,1817,5,64.091711,560.802469,48.992248,428.682171
227001.099000,664,9,23.421517,204.938272,17.903606,156.656555
227020.555000,907,17,31.992945,279.938272,24.455679,213.987192
227027.931000,1997,29,70.440917,616.358025,53.845635,471.149309
227029.777000,210,30,7.407407,64.814815,5.662285,49.544995
227085.765000,1456,18,51.358025,449.382716,39.258510,343.511965
227127.183000,1454,37,51.287478,448.765432,39.204584,343.040108
227141.230000,4722,33,166.560847,1457.407407,127.320526,1114.054601
227250.092000,631,3,22.257496,194.753086,17.013819,148.870913
227263.208000,807,76,28.465608,249.074074,21.759353,190.394338
227268.856000,6857,4,241.869489,2116.358025,184.887091,1617.762049
227269.821000,2549,2,89.911817,786.728395,68.729356,601.381867
227335.457000,2652,34,93.544974,818.518519,71.506572,625.682508
227375.150000,465,3,16.402116,143.518519,12.537917,109.706775
227375.257000,419,1,14.779541,129.320988,11.297607,98.854061
227392.391000,1011,32,35.661376,312.037037,27.259858,238.523761
227500.246000,694,3,24.479718,214.197531,18.712504,163.734412
227511.692000,907,19,31.992945,279.938272,24.455679,213.987192
227512.557000,6857,8,241.869489,2116.358025,184.887091,1617.762049
227527.490000,2560,12,90.299824,790.123457,69.025952,603.977081
227530.237000,7679,22,270.864198,2370.061728,207.050893,1811.695315
227581.808000,4141,451,146.067019,1278.086420,111.654870,976.980115
227583.520000,4145,1,146.208113,1279.320988,111.762723,977.923829
227584.795000,1472,11,51.922399,454.320988,39.689922,347.286822
227626.078000,465,14,16.402116,143.518519,12.537917,109.706775
227641.177000,4722,1,166.560847,1457.407407,127.320526,1114.054601
227643.237000,194,13,6.843034,59.876543,5.230873,45.770138
227777.668000,834,14,29.417989,257.407407,22.487361,196.764408
227779.150000,1099,46,38.765432,339.197531,29.632626,259.285474
227783.268000,1301,22,45.890653,401.543210,35.079205,306.943040
227823.728000,4145,1,146.208113,1279.320988,111.762723,977.923829
228001.031000,5033,5,177.530864,1553.395062,135.706100,1187.428379
228004.683000,803,67,28.324515,247.839506,21.651500,189.450624
228028.597000,718,6,25.326279,221.604938,19.359623,169.396697
228029.849000,211,5,7.442681,65.123457,5.689248,49.780923
228133.852000,3365,15,118.694885,1038.580247,90.731378,793.899562
228151.431000,4723,53,166.596120,1457.716049,127.347489,1114.290529
228262.757000,2552,72,90.017637,787.654321,68.810246,602.089653
228280.638000,1301,15,45.890653,401.543210,35.079205,306.943040
228280.855000,211,21,7.442681,65.123457,5.689248,49.780923
228281.409000,1998,7,70.476190,616.666667,53.872599,471.385238
228328.136000,372,17,13.121693,114.814815,10.030334,87.765420
228527.498000,2571,37,90.687831,793.518519,69.322548,606.572295
228755.080000,804,214,28.359788,248.148148,21.678463,189.686552
228761.653000,907,86,31.992945,279.938272,24.455679,213.987192
228777.930000,834,12,29.417989,257.407407,22.487361,196.764408
228781.047000,214,17,7.548501,66.049383,5.770138,50.488709
228898.326000,1515,4,53.439153,467.592593,40.849343,357.431749
228899.539000,886,12,31.252205,273.456790,23.889451,209.032693
228999.208000,2179,13,76.860670,672.530864,58.752949,514.088305
229010.700000,988,2,34.850088,304.938272,26.639703,233.097405
229033.582000,7685,61,271.075838,2371.913580,207.212673,1813.110886
229082.927000,2250,54,79.365079,694.444444,60.667341,530.839232
229147.939000,4394,9,154.991182,1356.172840,118.476576,1036.670037
229150.014000,197,14,6.948854,60.802469,5.311763,46.477924
229247.127000,2179,5,76.860670,672.530864,58.752949,514.088305
229261.284000,6857,4,241.869489,2116.358025,184.887091,1617.762049
229261.786000,4772,14,168.324515,1472.839506,128.668689,1125.851028
229285.081000,6957,1,245.396825,2147.222222,187.583418,1641.354904
229329.207000,4144,332,146.172840,1279.012346,111.735760,977.687900
229395.092000,4725,1,166.666667,1458.333333,127.401416,1114.762386
229527.281000,5083,26,179.294533,1568.827160,137.054264,1199.224806
229575.871000,415,12,14.638448,128.086420,11.189754,97.910347
229627.798000,1457,1,51.393298,449.691358,39.285474,343.747893
229746.875000,694,3,24.479718,214.197531,18.712504,163.734412
229760.736000,821,13,28.959436,253.395062,22.136839,193.697337
229763.944000,6857,8,241.869489,2116.358025,184.887091,1617.762049
229778.476000,834,6,29.417989,257.407407,22.487361,196.764408
229822.767000,4394,34,154.991182,1356.172840,118.476576,1036.670037
229895.480000,6958,12,245.432099,2147.530864,187.610381,1641.590832
229897.243000,1226,11,43.245150,378.395062,33.056960,289.248399
230073.571000,4145,1,146.208113,1279.320988,111.762723,977.923829
230074.423000,1108,3,39.082892,341.975309,29.875295,261.408830
230075.166000,5162,6,182.081129,1593.209877,139.184361,1217.863161
230131.466000,1550,41,54.673721,478.395062,41.793057,365.689248
230144.432000,6958,7,245.432099,2147.530864,187.610381,1641.590832
230283.351000,835,25,29.453263,257.716049,22.514324,197.000337
230322.269000,767,9,27.054674,236.728395,20.680822,180.957196
230322.846000,4145,1,146.208113,1279.320988,111.762723,977.923829
230510.861000,2406,4,84.867725,742.592593,64.873610,567.644085
230515.309000,1049,8,37.001764,323.765432,28.284462,247.489046
230539.306000,2002,3,70.617284,617.901235,53.980452,472.328952
230572.410000,769,4,27.125220,237.345679,20.734749,181.429053
230573.974000,4145,7,146.208113,1279.320988,111.762723,977.923829
230628.090000,1409,1,49.700176,434.876543,37.991237,332.423323
230631.920000,2755,2,97.178131,850.308642,74.283788,649.983148
230651.151000,1519,20,53.580247,468.827160,40.957196,358.375463
230653.427000,886,7,31.252205,273.456790,23.889451,209.032693
230745.898000,808,1,28.500882,249.382716,21.786316,190.630266
230760.268000,833,18,29.382716,257.098765,22.460398,196.528480
230763.944000,3912,2,137.989418,1207.407407,105.480283,922.952477
230785.425000,7684,33,271.040564,2371.604938,207.185709,1812.874958
230788.697000,215,8,7.583774,66.358025,5.797101,50.724638
230822.198000,416,1,14.673721,128.395062,11.216717,98.146276
230824.863000,7675,7,270.723104,2368.827160,206.943040,1810.751601
230825.091000,2012,3,70.970018,620.987654,54.250084,474.688237
231072.804000,770,9,27.160494,237.654321,20.761712,181.664981
231072.919000,416,4,14.673721,128.395062,11.216717,98.146276
231150.363000,6958,7,245.432099,2147.530864,187.610381,1641.590832
231251.615000,662,25,23.350970,204.320988,17.849680,156.184698
231259.402000,7686,16,271.111111,2372.222222,207.239636,1813.346815
231284.814000,7684,45,271.040564,2371.604938,207.185709,1812.874958
231322.707000,110,9,3.880071,33.950617,2.965959,25.952140
231324.240000,401,13,14.144621,123.765432,10.812268,94.607347
231381.703000,1458,315,51.428571,450.000000,39.312437,343.983822
231384.106000,2875,3,101.410935,887.345679,77.519380,678.294574
231396.654000,7686,125,271.111111,2372.222222,207.239636,1813.346815
231510.897000,635,3,22.398589,195.987654,17.121672,149.814628
231516.118000,6856,4,241.834215,2116.049383,184.860128,1617.526121
231574.555000,416,4,14.673721,128.395062,11.216717,98.146276
231630.737000,541,9,19.082892,166.975309,14.587125,127.637344
231647.043000,1034,16,36.472663,319.135802,27.880013,243.950118
231647.469000,1237,1,43.633157,381.790123,33.353556,291.843613
231745.503000,980,1,34.567901,302.469136,26.423997,231.209976
231792.248000,1262,9,44.514991,389.506173,34.027637,297.741827
231793.661000,216,16,7.619048,66.666667,5.824065,50.960566
231822.551000,111,7,3.915344,34.259259,2.992922,26.188069
231875.748000,1459,58,51.463845,450.308642,39.339400,344.219751
231900.099000,6958,7,245.432099,2147.530864,187.610381,1641.590832
232016.075000,6856,1,241.834215,2116.049383,184.860128,1617.526121
232016.541000,7676,6,270.758377,2369.135802,206.970003,1810.987529
232072.345000,772,12,27.231041,238.271605,20.815639,182.136839
232130.998000,1458,55,51.428571,450.000000,39.312437,343.983822
232146.228000,6959,11,245.467372,2147.839506,187.637344,1641.826761
232251.901000,1697,15,59.858907,523.765432,45.756657,400.370745
232262.670000,989,1,34.885362,305.246914,26.666667,233.333333
232263.995000,7678,21,270.828924,2369.753086,207.023930,1811.459387
232268.102000,1048,1,36.966490,323.456790,28.257499,247.253118
232287.717000,7683,34,271.005291,2371.296296,207.158746,1812.639029
232289.454000,1260,11,44.444444,388.888889,33.973711,297.269970
232290.699000,217,15,7.654321,66.975309,5.851028,51.196495
232322.777000,112,11,3.950617,34.567901,3.019885,26.423997
232381.839000,1459,1,51.463845,450.308642,39.339400,344.219751
232512.834000,1049,12,37.001764,323.765432,28.284462,247.489046
232537.319000,723,63,25.502646,223.148148,19.494439,170.576340
232543.383000,7667,12,270.440917,2366.358025,206.727334,1808.864173
232824.798000,4396,12,155.061728,1356.790123,118.530502,1037.141894
232879.224000,1411,4,49.770723,435.493827,38.045163,332.895180
232895.816000,6960,9,245.502646,2148.148148,187.664307,1642.062690
232896.071000,4693,1,165.537919,1448.456790,126.538591,1107.212673
233011.699000,5415,9,191.005291,1671.296296,146.006067,1277.553084
233028.961000,5381,10,189.805996,1660.802469,145.089316,1269.531513
233078.038000,2653,1,93.580247,818.827160,71.533536,625.918436
233277.508000,1103,85,38.906526,340.432099,29.740479,260.229188
233277.652000,723,1054,25.502646,223.148148,19.494439,170.576340
233323.111000,2246,162,79.223986,693.209877,60.559488,529.895517
233384.018000,1411,12,49.770723,435.493827,38.045163,332.895180
233394.928000,2737,2,96.543210,844.753086,73.798450,645.736434
233396.431000,6162,44,217.354497,1901.851852,166.147624,1453.791709
233495.886000,957,11,33.756614,295.370370,25.803842,225.783620
233527.527000,7683,37,271.005291,2371.296296,207.158746,1812.639029
233529.520000,7679,20,270.864198,2370.061728,207.050893,1811.695315
233573.889000,2430,5,85.714286,750.000000,65.520728,573.306370
233575.798000,2610,9,92.063492,805.555556,70.374115,615.773509
233628.423000,1376,6,48.536155,424.691358,37.101449,324.637681
233629.125000,1395,8,49.206349,430.555556,37.613751,329.120324
233644.623000,4693,3,165.537919,1448.456790,126.538591,1107.212673
233645.348000,4694,9,165.573192,1448.765432,126.565554,1107.448601
233765.115000,991,5,34.955908,305.864198,26.720593,233.805190
233771.578000,6859,50,241.940035,2116.975309,184.941018,1618.233906
233772.741000,5417,1,191.075838,1671.913580,146.059993,1278.024941
233772.869000,1053,21,37.142857,325.000000,28.392315,248.432760
233781.499000,7679,2,270.864198,2370.061728,207.050893,1811.695315
233822.058000,417,1,14.708995,128.703704,11.243680,98.382204
233822.509000,2248,11,79.294533,693.827160,60.613414,530.367374
233824.051000,4395,14,155.026455,1356.481481,118.503539,1036.905966
233878.958000,4225,78,149.029982,1304.012346,113.919784,996.798113
233897.318000,4693,3,165.537919,1448.456790,126.538591,1107.212673
233898.559000,1032,14,36.402116,318.518519,27.826087,243.478261
233900.893000,7684,1,271.040564,2371.604938,207.185709,1812.874958
234027.943000,838,54,29.559083,258.641975,22.595214,197.708123
234072.690000,770,1,27.160494,237.654321,20.761712,181.664981
234131.138000,468,19,16.507937,144.444444,12.618807,110.414560
234131.330000,1460,262,51.499118,450.617284,39.366363,344.455679
234133.692000,495,6,17.460317,152.777778,13.346815,116.784631
234149.269000,4395,1,155.026455,1356.481481,118.503539,1036.905966
234249.931000,812,104,28.641975,250.617284,21.894169,191.573980
234251.220000,1912,3,67.442681,590.123457,51.553758,451.095383
234263.153000,993,4,35.026455,306.481481,26.774520,234.277048
234263.676000,7678,41,270.828924,2369.753086,207.023930,1811.459387
234322.389000,770,1,27.160494,237.654321,20.761712,181.664981
234322.959000,417,4,14.708995,128.703704,11.243680,98.382204
234324.499000,1705,838,60.141093,526.234568,45.972363,402.258173
234377.238000,1462,1,51.569665,451.234568,39.420290,344.927536
234397.198000,570,20,20.105820,175.925926,15.369060,134.479272
234399.438000,7684,1,271.040564,2371.604938,207.185709,1812.874958
234399.745000,1676,26,59.118166,517.283951,45.190428,395.416245
234496.701000,670,22,23.633157,206.790123,18.065386,158.072127
234497.396000,5464,3,192.733686,1686.419753,147.327267,1289.113583
234514.258000,4670,337,164.726631,1441.358025,125.918436,1101.786316
234514.748000,3912,1,137.989418,1207.407407,105.480283,922.952477
234515.021000,5418,4,191.111111,1672.222222,146.086957,1278.260870
234527.727000,7685,131,271.075838,2371.913580,207.212673,1813.110886
234575.153000,2431,6,85.749559,750.308642,65.547691,573.542299
234576.908000,1108,3,39.082892,341.975309,29.875295,261.408830
234749.259000,671,10,23.668430,207.098765,18.092349,158.308055
234761.161000,994,3,35.061728,306.790123,26.801483,234.512976
234766.474000,3912,3,137.989418,1207.407407,105.480283,922.952477
234776.573000,7679,5,270.864198,2370.061728,207.050893,1811.695315
234823.096000,2249,59,79.329806,694.135802,60.640377,530.603303
234995.585000,814,73,28.712522,251.234568,21.948096,192.045838
235009.672000,6867,58,242.222222,2119.444444,185.156724,1620.121335
235129.073000,1400,1,49.382716,432.098765,37.748568,330.299966
235251.902000,1003,1,35.379189,309.567901,27.044152,236.636333
235252.199000,833,1,29.382716,257.098765,22.460398,196.528480
235269.666000,3912,3,137.989418,1207.407407,105.480283,922.952477
235278.641000,5086,22,179.400353,1569.753086,137.135153,1199.932592
235281.805000,7680,26,270.899471,2370.370370,207.077856,1811.931244
235322.442000,417,4,14.708995,128.703704,11.243680,98.382204
235323.677000,4149,1,146.349206,1280.555556,111.870576,978.867543
235371.802000,470,11,16.578483,145.061728,12.672733,110.886417
235393.297000,1971,3,69.523810,608.333333,53.144590,465.015167
235499.236000,1003,1,35.379189,309.567901,27.044152,236.636333
235499.460000,814,69,28.712522,251.234568,21.948096,192.045838
235508.216000,4633,1,163.421517,1429.938272,124.920795,1093.056960
235526.770000,2575,5,90.828924,794.753086,69.430401,607.516009
235576.095000,2433,4,85.820106,750.925926,65.601618,574.014156
235646.392000,1676,25,59.118166,517.283951,45.190428,395.416245
235751.166000,815,23,28.747795,251.543210,21.975059,192.281766
235751.601000,959,52,33.827160,295.987654,25.857769,226.255477
235751.795000,1003,2,35.379189,309.567901,27.044152,236.636333
235828.605000,773,8,27.266314,238.580247,20.842602,182.372767
235870.584000,1462,259,51.569665,451.234568,39.420290,344.927536
236019.002000,4634,1,163.456790,1430.246914,124.947759,1093.292888
236020.582000,6875,64,242.504409,2121.913580,185.372430,1622.008763
236020.774000,2234,82,78.800705,689.506173,60.235929,527.064375
236076.233000,162,2,5.714286,50.000000,4.368049,38.220425
236076.654000,774,7,27.301587,238.888889,20.869565,182.608696
236076.766000,417,4,14.708995,128.703704,11.243680,98.382204
236077.017000,842,3,29.700176,259.876543,22.703067,198.651837
236148.699000,1675,1,59.082892,516.975309,45.163465,395.180317
236149.003000,1035,11,36.507937,319.444444,27.906977,244.186047
236260.269000,7681,3,270.934744,2370.679012,207.104820,1812.167172
236276.624000,838,62,29.559083,258.641975,22.595214,197.708123
236277.492000,1105,3,38.977072,341.049383,29.794405,260.701045
236397.780000,2926,5,103.209877,903.086420,78.894506,690.326930
236499.871000,1820,13,64.197531,561.728395,49.073138,429.389956
236507.424000,995,4,35.097002,307.098765,26.828446,234.748905
236527.625000,20,6,0.705467,6.172840,0.539265,4.718571
236528.386000,441,3,15.555556,136.111111,11.890799,104.044489
236529.013000,1105,3,38.977072,341.049383,29.794405,260.701045
236532.277000,7681,22,270.934744,2370.679012,207.104820,1812.167172
236620.562000,1464,22,51.640212,451.851852,39.474216,345.399393
236645.464000,1675,26,59.082892,516.975309,45.163465,395.180317
236758.383000,816,280,28.783069,251.851852,22.002022,192.517695
236759.566000,5510,8,194.356261,1700.617284,148.567577,1299.966296
236760.159000,1473,8,51.957672,454.629630,39.716886,347.522750
236765.105000,995,3,35.097002,307.098765,26.828446,234.748905
236765.316000,7686,5,271.111111,2372.222222,207.239636,1813.346815
236776.723000,2578,46,90.934744,795.679012,69.511291,608.223795
236823.826000,843,2,29.735450,260.185185,22.730030,198.887765
236824.520000,1108,3,39.082892,341.975309,29.875295,261.408830
236897.238000,1675,26,59.082892,516.975309,45.163465,395.180317
237000.530000,1842,28,64.973545,568.518519,49.666330,434.580384
237014.286000,853,63,30.088183,263.271605,22.999663,201.247051
237020.575000,951,23,33.544974,293.518519,25.642063,224.368049
237021.393000,6884,61,242.821869,2124.691358,185.615099,1624.132120
237027.417000,1105,3,38.977072,341.049383,29.794405,260.701045
237120.737000,473,13,16.684303,145.987654,12.753623,111.594203
237146.047000,3770,45,132.980600,1163.580247,101.651500,889.450624
237256.054000,959,10,33.827160,295.987654,25.857769,226.255477
237262.988000,4755,16,167.724868,1467.592593,128.210313,1121.840243
237266.752000,7676,28,270.758377,2369.135802,206.970003,1810.987529
237278.488000,838,24,29.559083,258.641975,22.595214,197.708123
237327.033000,2429,2,85.679012,749.691358,65.493765,573.070442
237327.706000,2245,1,79.188713,692.901235,60.532524,529.659589
237329.330000,4405,11,155.379189,1359.567901,118.773172,1039.265251
237507.177000,453,79,15.978836,139.814815,12.214358,106.875632
237507.832000,816,1,28.783069,251.851852,22.002022,192.517695
237513.550000,3913,30,138.024691,1207.716049,105.507246,923.188406
237577.225000,2245,7,79.188713,692.901235,60.532524,529.659589
237761.576000,7677,1,270.793651,2369.444444,206.996967,1811.223458
237763.750000,455,6,16.049383,140.432099,12.268284,107.347489
237764.166000,816,1,28.783069,251.851852,22.002022,192.517695
237776.678000,7686,1,271.111111,2372.222222,207.239636,1813.346815
237778.224000,838,23,29.559083,258.641975,22.595214,197.708123
237898.925000,2282,1,80.493827,704.320988,61.530165,538.388945
237900.617000,1675,1,59.082892,516.975309,45.163465,395.180317
237901.902000,1034,13,36.472663,319.135802,27.880013,243.950118
238007.928000,1577,43,55.626102,486.728395,42.521065,372.059319
238011.790000,6894,59,243.174603,2127.777778,185.884732,1626.491405
238075.662000,417,6,14.708995,128.703704,11.243680,98.382204
238076.850000,1108,3,39.082892,341.975309,29.875295,261.408830
238127.347000,4326,10,152.592593,1335.185185,116.643074,1020.626896
238147.335000,1234,2,43.527337,380.864198,33.272666,291.135827
238148.971000,1675,19,59.082892,516.975309,45.163465,395.180317
238257.406000,1844,16,65.044092,569.135802,49.720256,435.052241
238262.805000,4631,2,163.350970,1429.320988,124.866869,1092.585103
238263.169000,7676,1,270.758377,2369.135802,206.970003,1810.987529
238263.308000,816,43,28.783069,251.851852,22.002022,192.517695
238277.168000,5399,1,190.440917,1666.358025,145.574655,1273.778227
238278.732000,2565,1,90.476190,791.666667,69.160768,605.156724
238326.429000,1125,7,39.682540,347.222222,30.333670,265.419616
238326.803000,417,6,14.708995,128.703704,11.243680,98.382204
238373.480000,1464,325,51.640212,451.851852,39.474216,345.399393
238394.057000,2926,1,103.209877,903.086420,78.894506,690.326930
238508.860000,1577,60,55.626102,486.728395,42.521065,372.059319
238510.077000,817,13,28.818342,252.160494,22.028986,192.753623
238510.804000,455,7,16.049383,140.432099,12.268284,107.347489
238510.929000,960,11,33.862434,296.296296,25.884732,226.491405
238511.817000,999,1,35.238095,308.333333,26.936299,235.692619
238526.928000,7686,7,271.111111,2372.222222,207.239636,1813.346815
238527.505000,5399,1,190.440917,1666.358025,145.574655,1273.778227
238530.593000,7680,22,270.899471,2370.370370,207.077856,1811.931244
238754.919000,1577,17,55.626102,486.728395,42.521065,372.059319
238763.869000,7678,17,270.828924,2369.753086,207.023930,1811.459387
238776.922000,5399,4,190.440917,1666.358025,145.574655,1273.778227
238830.794000,2252,57,79.435626,695.061728,60.721267,531.311089
238902.910000,2282,17,80.493827,704.320988,61.530165,538.388945
238903.382000,2924,9,103.139330,902.469136,78.840580,689.855072
239006.894000,456,4,16.084656,140.740741,12.295248,107.583418
239008.493000,2566,1,90.511464,791.975309,69.187732,605.392653
239077.268000,418,2,14.744268,129.012346,11.270644,98.618133
239077.909000,3238,3,114.215168,999.382716,87.307044,763.936636
239079.470000,2255,16,79.541446,695.987654,60.802157,532.018874
239122.873000,474,21,16.719577,146.296296,12.780586,111.830131
239146.103000,1234,13,43.527337,380.864198,33.272666,291.135827
239252.439000,611,33,21.552028,188.580247,16.474553,144.152342
239273.902000,7677,31,270.793651,2369.444444,206.996967,1811.223458
239274.162000,4635,2,163.492063,1430.555556,124.974722,1093.528817
239281.403000,5075,44,179.012346,1566.358025,136.838557,1197.337378
239327.693000,418,1,14.744268,129.012346,11.270644,98.618133
239329.767000,2538,16,89.523810,783.333333,68.432760,598.786653
239506.117000,694,3,24.479718,214.197531,18.712504,163.734412
239507.385000,1253,3,44.197531,386.728395,33.784968,295.618470
239526.661000,5401,1,190.511464,1666.975309,145.628581,1274.250084
239575.324000,775,6,27.336861,239.197531,20.896528,182.844624
239645.898000,7686,70,271.111111,2372.222222,207.239636,1813.346815
239646.596000,1679,18,59.223986,518.209877,45.271318,396.124031
239755.425000,1845,214,65.079365,569.444444,49.747219,435.288170
239759.248000,818,274,28.853616,252.469136,22.055949,192.989552
239776.739000,7686,1,271.111111,2372.222222,207.239636,1813.346815
239776.986000,2580,3,91.005291,796.296296,69.565217,608.695652
239778.380000,5401,6,190.511464,1666.975309,145.628581,1274.250084
240004.458000,2174,117,76.684303,670.987654,58.618133,512.908662
240009.267000,2566,21,90.511464,791.975309,69.187732,605.392653
240028.110000,1301,15,45.890653,401.543210,35.079205,306.943040
240125.920000,476,9,16.790123,146.913580,12.834513,112.301989
240126.361000,1385,1,48.853616,427.469136,37.344119,326.761038
240150.532000,1234,10,43.527337,380.864198,33.272666,291.135827
240265.263000,279,4,9.841270,86.111111,7.522750,65.824065
240330.046000,775,6,27.336861,239.197531,20.896528,182.844624
240331.139000,418,2,14.744268,129.012346,11.270644,98.618133
240338.900000,1163,3,41.022928,358.950617,31.358274,274.384901
240371.592000,1385,10,48.853616,427.469136,37.344119,326.761038
240372.114000,566,5,19.964727,174.691358,15.261207,133.535558
240375.934000,512,31,18.059965,158.024691,13.805190,120.795416
240395.398000,2928,70,103.280423,903.703704,78.948433,690.798787
240396.881000,1682,13,59.329806,519.135802,45.352208,396.831817
240500.269000,1192,1100,42.045855,367.901235,32.140209,281.226828
240516.446000,7678,17,270.828924,2369.753086,207.023930,1811.459387
240528.127000,1301,15,45.890653,401.543210,35.079205,306.943040
240578.229000,1166,13,41.128748,359.876543,31.439164,275.092686
240621.598000,476,23,16.790123,146.913580,12.834513,112.301989
240751.725000,3441,3,121.375661,1062.037037,92.780586,811.830131
240752.645000,962,9,33.932981,296.913580,25.938659,226.963263
240753.918000,599,8,21.128748,184.876543,16.150994,141.321200
240764.110000,1154,61,40.705467,356.172840,31.115605,272.261544
240828.391000,829,39,29.241623,255.864198,22.352545,195.584766
240897.167000,2929,5,103.315697,904.012346,78.975396,691.034715
240897.465000,615,7,21.693122,189.814815,16.582406,145.096057
240899.892000,1234,13,43.527337,380.864198,33.272666,291.135827
241008.198000,601,1,21.199295,185.493827,16.204921,141.793057
241028.699000,2582,17,91.075838,796.913580,69.619144,609.167509
241077.818000,274,57,9.664903,84.567901,7.387934,64.644422
241121.310000,1384,9,48.818342,427.160494,37.317155,326.525110
241143.416000,615,3,21.693122,189.814815,16.582406,145.096057
241252.748000,2731,53,96.331570,842.901235,73.636670,644.320863
241263.656000,998,11,35.202822,308.024691,26.909336,235.456690
241268.849000,93,6,3.280423,28.703704,2.507583,21.941355
241322.581000,776,11,27.372134,239.506173,20.923492,183.080553
241328.538000,2281,21,80.458554,704.012346,61.503202,538.153017
241372.004000,4,7,0.141093,1.234568,0.107853,0.943714
241372.571000,566,4,19.964727,174.691358,15.261207,133.535558
241391.699000,2930,6,103.350970,904.320988,79.002359,691.270644
241500.571000,2733,6,96.402116,843.518519,73.690597,644.792720
241513.538000,7679,1,270.864198,2370.061728,207.050893,1811.695315
241526.525000,7685,39,271.075838,2371.913580,207.212673,1813.110886
241577.819000,2286,3,80.634921,705.555556,61.638018,539.332659
241621.502000,1384,9,48.818342,427.160494,37.317155,326.525110
241643.565000,1756,1,61.940035,541.975309,47.347489,414.290529
241746.190000,1474,3,51.992945,454.938272,39.743849,347.758679
241776.994000,5387,4,190.017637,1662.654321,145.251095,1270.947085
241871.051000,1384,1,48.818342,427.160494,37.317155,326.525110
241901.021000,2305,49,81.305115,711.419753,62.150320,543.815302
241992.728000,5036,30,177.636684,1554.320988,135.786990,1188.136164
241993.661000,2175,6,76.719577,671.296296,58.645096,513.144590
241993.729000,2731,9,96.331570,842.901235,73.636670,644.320863
241995.831000,2566,1,90.511464,791.975309,69.187732,605.392653
242019.777000,5523,19,194.814815,1704.629630,148.918099,1303.033367
242031.741000,2599,12,91.675485,802.160494,70.077519,613.178295
242073.774000,792,3,27.936508,244.444444,21.354904,186.855410
242121.166000,478,1,16.860670,147.530864,12.888440,112.773846
242121.528000,1385,1,48.853616,427.469136,37.344119,326.761038
242146.147000,2929,6,103.315697,904.012346,78.975396,691.034715
242148.065000,3146,9,110.970018,970.987654,84.826424,742.231210
242243.476000,608,110,21.446208,187.654321,16.393664,143.444557
242243.782000,1474,2,51.992945,454.938272,39.743849,347.758679
242267.476000,1158,47,40.846561,357.407407,31.223458,273.205258
242273.459000,95,1,3.350970,29.320988,2.561510,22.413212
242324.082000,794,5,28.007055,245.061728,21.408830,187.327267
242372.385000,1385,1,48.853616,427.469136,37.344119,326.761038
242375.287000,515,34,18.165785,158.950617,13.886080,121.503202
242394.467000,2929,1,103.315697,904.012346,78.975396,691.034715
242522.301000,5361,18,189.100529,1654.629630,144.550051,1264.812942
242523.410000,95,6,3.350970,29.320988,2.561510,22.413212
242527.065000,913,58,32.204586,281.790123,24.617459,215.402764
242528.075000,998,33,35.202822,308.024691,26.909336,235.456690
242528.720000,1614,157,56.931217,498.148148,43.518706,380.788675
242626.107000,478,8,16.860670,147.530864,12.888440,112.773846
242648.775000,2929,5,103.315697,904.012346,78.975396,691.034715
242651.536000,3742,14,131.992945,1154.938272,100.896528,882.844624
242767.362000,1158,1,40.846561,357.407407,31.223458,273.205258
242773.424000,6902,522,243.456790,2130.246914,186.100438,1628.378834
242836.598000,2286,7,80.634921,705.555556,61.638018,539.332659
242837.652000,1169,12,41.234568,360.802469,31.520054,275.800472
242871.053000,1400,4,49.382716,432.098765,37.748568,330.299966
242872.311000,1385,8,48.853616,427.469136,37.344119,326.761038
242872.881000,479,5,16.895944,147.839506,12.915403,113.009774
242893.523000,1944,3,68.571429,600.000000,52.416582,458.645096
242999.073000,3127,5,110.299824,965.123457,84.314122,737.748568
243017.329000,7680,50,270.899471,2370.370370,207.077856,1811.931244
243018.573000,863,20,30.440917,266.358025,23.269296,203.606336
243027.597000,96,10,3.386243,29.629630,2.588473,22.649141
243027.902000,913,27,32.204586,281.790123,24.617459,215.402764
243079.338000,1135,2,40.035273,350.308642,30.603303,267.778901
243080.644000,792,5,27.936508,244.444444,21.354904,186.855410
243122.676000,5301,47,186.984127,1636.111111,142.932255,1250.657230
243267.661000,1159,44,40.881834,357.716049,31.250421,273.441186
243275.342000,2259,1,79.682540,697.222222,60.910010,532.962588
243275.713000,4636,4,163.527337,1430.864198,125.001685,1093.764746
243276.482000,1247,6,43.985891,384.876543,33.623188,294.202899
243276.983000,2610,70,92.063492,805.555556,70.374115,615.773509
243279.448000,1532,12,54.038801,472.839506,41.307718,361.442535
243280.808000,1532,27,54.038801,472.839506,41.307718,361.442535
243330.234000,2451,500,86.455026,756.481481,66.086957,578.260870
243332.416000,2298,1,81.058201,709.259259,61.961577,542.163802
243332.653000,827,27,29.171076,255.246914,22.298618,195.112909
243372.900000,480,19,16.931217,148.148148,12.942366,113.245703
243373.464000,5305,5,187.125220,1637.345679,143.040108,1251.600944
243396.582000,2310,45,81.481481,712.962963,62.285137,544.994944
243397.206000,2929,5,103.315697,904.012346,78.975396,691.034715
243399.108000,1036,14,36.543210,319.753086,27.933940,244.421975
243492.987000,3127,4,110.299824,965.123457,84.314122,737.748568
243495.340000,1578,1500,55.661376,487.037037,42.548028,372.295248
243509.987000,97,1,3.421517,29.938272,2.615436,22.885069
243577.342000,153,12,5.396825,47.222222,4.125379,36.097068
243621.158000,480,1,16.931217,148.148148,12.942366,113.245703
243621.362000,1388,5,48.959436,428.395062,37.425008,327.468824
243744.884000,2270,9,80.070547,700.617284,61.206606,535.557802
243745.499000,3127,4,110.299824,965.123457,84.314122,737.748568
243748.425000,4125,11,145.502646,1273.148148,111.223458,973.205258
243765.789000,4888,15,172.416226,1508.641975,131.796427,1153.218739
243772.578000,4636,15,163.527337,1430.864198,125.001685,1093.764746
243777.140000,912,51,32.169312,281.481481,24.590495,215.166835
243870.862000,480,1,16.931217,148.148148,12.942366,113.245703
243873.273000,482,19,17.001764,148.765432,12.996293,113.717560
243898.283000,3227,8,113.827160,995.987654,87.010448,761.341422
244022.422000,1246,7,43.950617,384.567901,33.596225,293.966970
244023.200000,6906,7,243.597884,2131.481481,186.208291,1629.322548
244023.972000,97,8,3.421517,29.938272,2.615436,22.885069
244074.426000,2287,2,80.670194,705.864198,61.664981,539.568588
244121.282000,480,18,16.931217,148.148148,12.942366,113.245703
244123.923000,481,1,16.966490,148.456790,12.969329,113.481631
244150.672000,3745,177,132.098765,1155.864198,100.977418,883.552410
244151.008000,1685,1,59.435626,520.061728,45.433097,397.539602
244251.153000,2176,85,76.754850,671.604938,58.672059,513.380519
244266.209000,1162,4,40.987654,358.641975,31.331311,274.148972
244274.562000,1406,5,49.594356,433.950617,37.910347,331.715538
244276.537000,2617,49,92.310406,807.716049,70.562858,617.425008
244278.247000,912,57,32.169312,281.481481,24.590495,215.166835
244375.991000,481,20,16.966490,148.456790,12.969329,113.481631
244396.373000,3228,2,113.862434,996.296296,87.037412,761.577351
244526.749000,6907,4,243.633157,2131.790123,186.235254,1629.558477
244581.925000,154,42,5.432099,47.530864,4.152342,36.332996
244622.202000,3837,111,135.343915,1184.259259,103.458038,905.257836
244653.386000,3747,10,132.169312,1156.481481,101.031345,884.024267
244653.731000,1680,14,59.259259,518.518519,45.298281,396.359960
244749.463000,4889,12,172.451499,1508.950617,131.823391,1153.454668
244765.687000,279,6,9.841270,86.111111,7.522750,65.824065
244766.257000,7686,51,271.111111,2372.222222,207.239636,1813.346815
244776.007000,2072,8,73.086420,639.506173,55.867880,488.843950
244776.078000,7684,27,271.040564,2371.604938,207.185709,1812.874958
244776.298000,98,10,3.456790,30.246914,2.642400,23.120998
244777.084000,2391,3,84.338624,737.962963,64.469161,564.105157
244777.189000,2263,2,79.823633,698.456790,61.017863,533.906303
244827.254000,419,11,14.779541,129.320988,11.297607,98.854061
244827.477000,1060,19,37.389771,327.160494,28.581058,250.084260
244876.399000,518,4,18.271605,159.876543,13.966970,122.210988
244897.463000,2930,238,103.350970,904.320988,79.002359,691.270644
244994.518000,1334,87,47.054674,411.728395,35.968992,314.728682
244996.837000,3940,9,138.977072,1216.049383,106.235254,929.558477
245013.516000,6907,1,243.633157,2131.790123,186.235254,1629.558477
245082.046000,839,9,29.594356,258.950617,22.622177,197.944051
245085.268000,2539,14,89.559083,783.641975,68.459724,599.022582
245086.107000,1168,7,41.199295,360.493827,31.493091,275.564543
245125.491000,2301,426,81.164021,710.185185,62.042467,542.871587
245244.837000,1334,12,47.054674,411.728395,35.968992,314.728682
245280.483000,6907,12,243.633157,2131.790123,186.235254,1629.558477
245280.835000,4638,12,163.597884,1431.481481,125.055612,1094.236603
245323.240000,156,42,5.502646,48.148148,4.206269,36.804853
245383.596000,1436,3,50.652557,443.209877,38.719245,338.793394
245394.244000,892,3,31.463845,275.308642,24.051230,210.448264
245395.119000,1037,16,36.578483,320.061728,27.960903,244.657904
245493.593000,1581,1,55.767196,487.962963,42.628918,373.003033
245516.829000,281,5,9.911817,86.728395,7.576677,66.295922
245517.056000,1291,85,45.537919,398.456790,34.809572,304.583755
245524.827000,6907,1,243.633157,2131.790123,186.235254,1629.558477
245525.457000,4638,1,163.597884,1431.481481,125.055612,1094.236603
245526.951000,2004,1,70.687831,618.518519,54.034378,472.800809
245527.856000,1533,19,54.074074,473.148148,41.334681,361.678463
245575.650000,449,3,15.837743,138.580247,12.106505,105.931918
245627.739000,1392,67,49.100529,429.629630,37.532861,328.412538
245646.009000,1680,17,59.259259,518.518519,45.298281,396.359960
245744.458000,967,181,34.109347,298.456790,26.073475,228.142905
245763.783000,1580,1,55.731922,487.654321,42.601955,372.767105
245770.116000,7685,30,271.075838,2371.913580,207.212673,1813.110886
245770.290000,3004,29,105.961199,927.160494,80.997641,708.729356
245828.056000,156,14,5.502646,48.148148,4.206269,36.804853
245876.497000,5309,172,187.266314,1638.580247,143.147961,1252.544658
245879.495000,518,13,18.271605,159.876543,13.966970,122.210988
245892.743000,156,2,5.502646,48.148148,4.206269,36.804853
245993.073000,1334,12,47.054674,411.728395,35.968992,314.728682
245994.847000,1580,1500,55.731922,487.654321,42.601955,372.767105
246018.506000,4638,1,163.597884,1431.481481,125.055612,1094.236603
246072.646000,2107,2,74.320988,650.308642,56.811594,497.101449
246130.248000,1392,61,49.100529,429.629630,37.532861,328.412538
246133.629000,1436,3,50.652557,443.209877,38.719245,338.793394
246134.653000,2887,12,101.834215,891.049383,77.842939,681.125716
246146.403000,2308,9,81.410935,712.345679,62.231210,544.523087
246148.037000,157,4,5.537919,48.456790,4.233232,37.040782
246242.944000,643,6,22.680776,198.456790,17.337378,151.702056
246265.818000,2450,25,86.419753,756.172840,66.059993,578.024941
246273.675000,103,8,3.633157,31.790123,2.777216,24.300640
246274.032000,4638,7,163.597884,1431.481481,125.055612,1094.236603
246377.826000,5309,20,187.266314,1638.580247,143.147961,1252.544658
246379.226000,483,12,17.037037,149.074074,13.023256,113.953488
246396.147000,1517,3,53.509700,468.209877,40.903269,357.903606
246397.734000,3748,10,132.204586,1156.790123,101.058308,884.260195
246398.222000,1037,11,36.578483,320.061728,27.960903,244.657904
246492.689000,1582,24,55.802469,488.271605,42.655881,373.238962
246516.093000,104,4,3.668430,32.098765,2.804179,24.536569
246516.263000,4640,1,163.668430,1432.098765,125.109538,1094.708460
246516.464000,4676,217,164.938272,1443.209877,126.080216,1103.201887
246527.604000,7672,37,270.617284,2367.901235,206.862150,1810.043815
246627.943000,5313,4,187.407407,1639.814815,143.255814,1253.488372
246628.732000,1582,42,55.802469,488.271605,42.655881,373.238962
246747.564000,2454,13,86.560847,757.407407,66.167846,578.968655
246767.511000,285,3,10.052910,87.962963,7.684530,67.239636
246775.465000,4640,10,163.668430,1432.098765,125.109538,1094.708460
246776.006000,7686,1,271.111111,2372.222222,207.239636,1813.346815
246880.321000,7684,11,271.040564,2371.604938,207.185709,1812.874958
246882.250000,3714,3,131.005291,1146.296296,100.141557,876.238625
246883.271000,518,11,18.271605,159.876543,13.966970,122.210988
246993.558000,2175,78,76.719577,671.296296,58.645096,513.144590
246995.731000,2970,11,104.761905,916.666667,80.080890,700.707786
246996.293000,3942,10,139.047619,1216.666667,106.289181,930.030334
247013.231000,868,27,30.617284,267.901235,23.404112,204.785979
247016.922000,105,1,3.703704,32.407407,2.831143,24.772497
247072.927000,6529,1,230.299824,2015.123457,176.043141,1540.377486
247073.163000,450,3,15.873016,138.888889,12.133468,106.167846
247126.379000,10,17,0.352734,3.086420,0.269633,2.359285
247145.249000,2929,5,103.315697,904.012346,78.975396,691.034715
247146.029000,615,7,21.693122,189.814815,16.582406,145.096057
247263.810000,105,2,3.703704,32.407407,2.831143,24.772497
247322.716000,5044,12,177.918871,1556.790123,136.002696,1190.023593
247322.806000,451,1,15.908289,139.197531,12.160431,106.403775
247375.514000,518,11,18.271605,159.876543,13.966970,122.210988
247395.164000,615,7,21.693122,189.814815,16.582406,145.096057
247514.751000,7672,44,270.617284,2367.901235,206.862150,1810.043815
247530.967000,7687,1,271.146384,2372.530864,207.266599,1813.582744
247650.919000,3229,1,113.897707,996.604938,87.064375,761.813279
247651.922000,615,7,21.693122,189.814815,16.582406,145.096057
247652.315000,2484,4,87.619048,766.666667,66.976744,586.046512
247655.321000,3980,2,140.388007,1228.395062,107.313785,938.995618
247656.477000,1685,16,59.435626,520.061728,45.433097,397.539602
247744.619000,1474,2,51.992945,454.938272,39.743849,347.758679
247764.951000,7681,27,270.934744,2370.679012,207.104820,1812.167172
247776.478000,724,360,25.537919,223.456790,19.521402,170.812268
247822.185000,452,1,15.943563,139.506173,12.187395,106.639703
247822.543000,842,7,29.700176,259.876543,22.703067,198.651837
247897.819000,4395,43,155.026455,1356.481481,118.503539,1036.905966
247898.386000,614,54,21.657848,189.506173,16.555443,144.860128
247900.724000,1039,11,36.649030,320.679012,28.014830,245.129761
247993.017000,644,10,22.716049,198.765432,17.364341,151.937984
247994.656000,460,9,16.225750,141.975309,12.403101,108.527132
247995.167000,1474,2,51.992945,454.938272,39.743849,347.758679
248011.349000,106,15,3.738977,32.716049,2.858106,25.008426
248011.445000,3460,34,122.045855,1067.901235,93.292888,816.312774
248073.164000,1038,20,36.613757,320.370370,27.987867,244.893832
248073.483000,2116,20,74.638448,653.086420,57.054264,499.224806
248146.288000,4396,1,155.061728,1356.790123,118.530502,1037.141894
248147.042000,3229,2,113.897707,996.604938,87.064375,761.813279
248149.372000,3749,3,132.239859,1157.098765,101.085271,884.496124
248244.108000,2970,8,104.761905,916.666667,80.080890,700.707786
248244.815000,511,50,18.024691,157.716049,13.778227,120.559488
248245.329000,3943,21,139.082892,1216.975309,106.316144,930.266262
248259.017000,645,1,22.751323,199.074074,17.391304,152.173913
248323.506000,2287,6,80.670194,705.864198,61.664981,539.568588
248393.777000,1093,1,38.553792,337.345679,29.470846,257.869902
248492.806000,1431,3,50.476190,441.666667,38.584429,337.613751
248494.644000,2971,15,104.797178,916.975309,80.107853,700.943714
248573.106000,6528,1,230.264550,2014.814815,176.016178,1540.141557
248648.792000,198,10,6.984127,61.111111,5.338726,46.713852
248649.358000,2321,9,81.869489,716.358025,62.581732,547.590158
248777.644000,4647,14,163.915344,1434.259259,125.298281,1096.359960
248779.467000,7676,12,270.758377,2369.135802,206.970003,1810.987529
248822.928000,2252,56,79.435626,695.061728,60.721267,531.311089
248992.963000,7674,4,270.687831,2368.518519,206.916077,1810.515672
249007.396000,284,2,10.017637,87.654321,7.657567,67.003707
249073.728000,1040,16,36.684303,320.987654,28.041793,245.365689
249124.368000,474,11,16.719577,146.296296,12.780586,111.830131
249146.819000,4395,133,155.026455,1356.481481,118.503539,1036.905966
249148.613000,198,13,6.984127,61.111111,5.338726,46.713852
249242.638000,2729,1,96.261023,842.283951,73.582744,643.849006
249256.380000,7679,38,270.864198,2370.061728,207.050893,1811.695315
249261.679000,2975,23,104.938272,918.209877,80.215706,701.887428
249324.319000,382,90,13.474427,117.901235,10.299966,90.124705
249378.641000,484,13,17.072310,149.382716,13.050219,114.189417
249380.367000,2015,1,71.075838,621.913580,54.330974,475.396023
249380.783000,474,1,16.719577,146.296296,12.780586,111.830131
249493.787000,2568,15,90.582011,792.592593,69.241658,605.864510
249494.053000,1024,14,36.119929,316.049383,27.610381,241.590832
249494.815000,4131,12,145.714286,1275.000000,111.385238,974.620829
249495.177000,3943,7,139.082892,1216.975309,106.316144,930.266262
249528.645000,1103,82,38.906526,340.432099,29.740479,260.229188
249578.404000,421,6,14.850088,129.938272,11.351534,99.325918
249629.266000,473,18,16.684303,145.987654,12.753623,111.594203
249644.237000,198,13,6.984127,61.111111,5.338726,46.713852
249743.610000,646,1,22.786596,199.382716,17.418268,152.409842
249744.425000,1433,4,50.546737,442.283951,38.638355,338.085608
249776.444000,1297,26,45.749559,400.308642,34.971352,305.999326
249823.256000,2016,1,71.111111,622.222222,54.357937,475.631951
249876.911000,1397,11,49.276896,431.172840,37.667678,329.592181
249878.693000,1871,9,65.996473,577.469136,50.448264,441.422312
249893.423000,1039,7,36.649030,320.679012,28.014830,245.129761
249993.283000,2726,3,96.155203,841.358025,73.501854,643.141220
249993.852000,645,9,22.751323,199.074074,17.391304,152.173913
250028.000000,1297,12,45.749559,400.308642,34.971352,305.999326
250073.565000,2258,68,79.647266,696.913580,60.883047,532.726660
250129.413000,484,11,17.072310,149.382716,13.050219,114.189417
250150.172000,570,19,20.105820,175.925926,15.369060,134.479272
250243.421000,1433,12,50.546737,442.283951,38.638355,338.085608
250243.658000,2176,54,76.754850,671.604938,58.672059,513.380519
250245.805000,2016,6,71.111111,622.222222,54.357937,475.631951
250325.582000,2294,8,80.917108,708.024691,61.853724,541.220088
250326.306000,812,12,28.641975,250.617284,21.894169,191.573980
250378.709000,1397,9,49.276896,431.172840,37.667678,329.592181
250380.518000,1584,43,55.873016,488.888889,42.709808,373.710819
250395.962000,3016,7,106.384480,930.864198,81.321200,711.560499
250397.684000,1039,22,36.649030,320.679012,28.014830,245.129761
250493.572000,580,9,20.458554,179.012346,15.638692,136.838557
250494.137000,2726,3,96.155203,841.358025,73.501854,643.141220
250506.515000,727,30,25.643739,224.382716,19.602292,171.520054
250623.264000,1400,4,49.382716,432.098765,37.748568,330.299966
250743.272000,2318,3,81.763668,715.432099,62.500843,546.882373
250744.914000,7686,3,271.111111,2372.222222,207.239636,1813.346815
250824.425000,2610,3,92.063492,805.555556,70.374115,615.773509
250993.278000,2318,11,81.763668,715.432099,62.500843,546.882373
250994.547000,646,18,22.786596,199.382716,17.418268,152.409842
250997.707000,3943,9,139.082892,1216.975309,106.316144,930.266262
251077.294000,812,6,28.641975,250.617284,21.894169,191.573980
251078.288000,2294,16,80.917108,708.024691,61.853724,541.220088
251078.719000,2610,1,92.063492,805.555556,70.374115,615.773509
251127.444000,2259,5,79.682540,697.222222,60.910010,532.962588
251128.528000,1399,9,49.347443,431.790123,37.721604,330.064038
251130.844000,1885,34,66.490300,581.790123,50.825750,444.725312
251145.500000,198,11,6.984127,61.111111,5.338726,46.713852
251243.952000,7686,2,271.111111,2372.222222,207.239636,1813.346815
251245.494000,2571,19,90.687831,793.518519,69.322548,606.572295
251325.490000,276,1,9.735450,85.185185,7.441860,65.116279
251375.910000,1588,1,56.014109,490.123457,42.817661,374.654533
251376.118000,5303,33,187.054674,1636.728395,142.986181,1251.129087
251376.318000,1403,1,49.488536,433.024691,37.829457,331.007752
251393.180000,3229,1,113.897707,996.604938,87.064375,761.813279
251493.212000,1434,10,50.582011,442.592593,38.665319,338.321537
251494.291000,647,1,22.821869,199.691358,17.445231,152.645770
251494.469000,582,3,20.529101,179.629630,15.692619,137.310415
251507.187000,7680,9,270.899471,2370.370370,207.077856,1811.931244
251507.688000,1011,22,35.661376,312.037037,27.259858,238.523761
251585.369000,421,6,14.850088,129.938272,11.351534,99.325918
251587.327000,2863,9,100.987654,883.641975,77.195821,675.463431
251597.063000,276,13,9.735450,85.185185,7.441860,65.116279
251627.588000,1588,6,56.014109,490.123457,42.817661,374.654533
251746.817000,2016,5,71.111111,622.222222,54.357937,475.631951
251756.927000,727,30,25.643739,224.382716,19.602292,171.520054
251761.796000,3468,6,122.328042,1070.370370,93.508595,818.200202
251762.360000,4643,3,163.774250,1433.024691,125.190428,1095.416245
251777.736000,2297,48,81.022928,708.950617,61.934614,541.927873
251777.909000,7679,7,270.864198,2370.061728,207.050893,1811.695315
251829.949000,2117,10,74.673721,653.395062,57.081227,499.460735
251832.756000,2610,65,92.063492,805.555556,70.374115,615.773509
251877.160000,1588,8,56.014109,490.123457,42.817661,374.654533
251878.172000,484,13,17.072310,149.382716,13.050219,114.189417
251880.596000,523,5,18.447972,161.419753,14.101786,123.390630
251900.679000,2259,10,79.682540,697.222222,60.910010,532.962588
251992.630000,582,4,20.529101,179.629630,15.692619,137.310415
251993.307000,647,25,22.821869,199.691358,17.445231,152.645770
251995.565000,2016,6,71.111111,622.222222,54.357937,475.631951
252007.801000,1011,3,35.661376,312.037037,27.259858,238.523761
252013.435000,4644,2,163.809524,1433.333333,125.217391,1095.652174
252032.959000,2781,9,98.095238,858.333333,74.984833,656.117290
252081.000000,422,5,14.885362,130.246914,11.378497,99.561847
252081.191000,2335,9,82.363316,720.679012,62.959218,550.893158
252084.749000,812,14,28.641975,250.617284,21.894169,191.573980
252084.855000,276,15,9.735450,85.185185,7.441860,65.116279
252149.305000,3231,1,113.968254,997.222222,87.118301,762.285137
252243.501000,675,12,23.809524,208.333333,18.200202,159.251769
252245.436000,2571,21,90.687831,793.518519,69.322548,606.572295
252257.616000,864,26,30.476190,266.666667,23.296259,203.842265
252261.701000,1774,3,62.574956,547.530864,47.832828,418.537243
252277.308000,2781,9,98.095238,858.333333,74.984833,656.117290
252279.002000,386,22,13.615520,119.135802,10.407819,91.068419
252394.370000,2257,9,79.611993,696.604938,60.856084,532.490731
252395.640000,1241,2,43.774250,383.024691,33.461409,292.787327
252507.048000,3290,3,116.049383,1015.432099,88.709134,776.204921
252526.404000,2619,3,92.380952,808.333333,70.616785,617.896866
252527.854000,7676,1,270.758377,2369.135802,206.970003,1810.987529
252527.964000,5782,13,203.950617,1784.567901,155.901584,1364.138861
252594.880000,277,14,9.770723,85.493827,7.468824,65.352208
252628.497000,1397,11,49.276896,431.172840,37.667678,329.592181
252629.713000,523,7,18.447972,161.419753,14.101786,123.390630
252645.039000,565,14,19.929453,174.382716,15.234243,133.299629
252745.631000,583,4,20.564374,179.938272,15.719582,137.546343
252746.292000,2719,7,95.908289,839.197531,73.313111,641.489720
252758.334000,3467,5,122.292769,1070.061728,93.481631,817.964274
253034.322000,2365,1,83.421517,729.938272,63.768116,557.971014
253035.128000,7687,6,271.146384,2372.530864,207.266599,1813.582744
253085.373000,2121,17,74.814815,654.629630,57.189080,500.404449
253085.827000,169,18,5.961199,52.160494,4.556791,39.871925
253086.138000,2268,279,80.000000,700.000000,61.152679,535.085945
253089.397000,276,11,9.735450,85.185185,7.441860,65.116279
253127.993000,523,4,18.447972,161.419753,14.101786,123.390630
253262.316000,4218,46,148.783069,1301.851852,113.731041,995.146613
253263.035000,3467,2,122.292769,1070.061728,93.481631,817.964274
253329.984000,744,1,26.243386,229.629630,20.060667,175.530839
253330.106000,778,104,27.442681,240.123457,20.977418,183.552410
253330.297000,796,102,28.077601,245.679012,21.462757,187.799124
253332.682000,276,26,9.735450,85.185185,7.441860,65.116279
253377.299000,1583,37,55.837743,488.580247,42.682845,373.474890
253494.041000,2018,3,71.181658,622.839506,54.411864,476.103809
253506.682000,4341,5,153.121693,1339.814815,117.047523,1024.165824
253506.802000,3365,3,118.694885,1038.580247,90.731378,793.899562
253508.361000,7682,46,270.970018,2370.987654,207.131783,1812.403101
253515.171000,1774,2,62.574956,547.530864,47.832828,418.537243
253530.523000,7677,6,270.793651,2369.444444,206.996967,1811.223458
253626.052000,772,17,27.231041,238.271605,20.815639,182.136839
253646.597000,7685,13,271.075838,2371.913580,207.212673,1813.110886
253745.203000,3944,9,139.118166,1217.283951,106.343108,930.502191
253782.105000,2621,1,92.451499,808.950617,70.670711,618.368723
253829.429000,2286,7,80.634921,705.555556,61.638018,539.332659
253874.867000,1585,6,55.908289,489.197531,42.736771,373.946748
253891.447000,1242,10,43.809524,383.333333,33.488372,293.023256
253993.156000,2720,9,95.943563,839.506173,73.340074,641.725649
254032.173000,364,25,12.839506,112.345679,9.814628,85.877991
254033.947000,1288,12,45.432099,397.530864,34.728682,303.875969
254243.695000,2019,1,71.216931,623.148148,54.438827,476.339737
254244.133000,3947,8,139.223986,1218.209877,106.423997,931.209976
254279.590000,2621,3,92.451499,808.950617,70.670711,618.368723
254378.848000,995,1,35.097002,307.098765,26.828446,234.748905
254380.218000,1586,19,55.943563,489.506173,42.763734,374.182676
254382.833000,523,7,18.447972,161.419753,14.101786,123.390630
254493.983000,586,2,20.670194,180.864198,15.800472,138.254129
254494.305000,674,11,23.774250,208.024691,18.173239,159.015841
254507.655000,7686,2,271.111111,2372.222222,207.239636,1813.346815
254626.425000,1406,1,49.594356,433.950617,37.910347,331.715538
254626.908000,1393,1,49.135802,429.938272,37.559825,328.648466
254629.329000,523,10,18.447972,161.419753,14.101786,123.390630
254642.731000,625,3,22.045855,192.901235,16.852039,147.455342
254744.434000,374,17,13.192240,115.432099,10.084260,88.237277
254746.516000,2020,4,71.252205,623.456790,54.465790,476.575666
254757.035000,4341,5,153.121693,1339.814815,117.047523,1024.165824
254761.344000,2555,3,90.123457,788.580247,68.891136,602.797438
254832.530000,277,10,9.770723,85.493827,7.468824,65.352208
254873.020000,10,2,0.352734,3.086420,0.269633,2.359285
254897.707000,1517,3,53.509700,468.209877,40.903269,357.903606
254898.929000,199,4,7.019400,61.419753,5.365689,46.949781
254900.384000,199,1,7.019400,61.419753,5.365689,46.949781
254995.446000,234,4,8.253968,72.222222,6.309403,55.207280
255125.372000,15,13,0.529101,4.629630,0.404449,3.538928
255244.677000,673,17,23.738977,207.716049,18.146276,158.779912
255245.544000,1785,3,62.962963,550.925926,48.129424,421.132457
255248.682000,1474,9,51.992945,454.938272,39.743849,347.758679
255272.032000,4342,1,153.156966,1340.123457,117.074486,1024.401753
255329.917000,2123,1,74.885362,655.246914,57.243006,500.876306
255333.081000,2611,562,92.098765,805.864198,70.401079,616.009437
255394.530000,199,7,7.019400,61.419753,5.365689,46.949781
255495.387000,374,13,13.192240,115.432099,10.084260,88.237277
255496.496000,4433,3,156.366843,1368.209877,119.528143,1045.871250
255496.546000,1785,3,62.962963,550.925926,48.129424,421.132457
255499.728000,234,43,8.253968,72.222222,6.309403,55.207280
255515.573000,1775,10,62.610229,547.839506,47.859791,418.773172
255515.722000,2822,15,99.541446,870.987654,76.090327,665.790361
255744.889000,3021,1,106.560847,932.407407,81.456016,712.740142
255762.973000,1774,1,62.574956,547.530864,47.832828,418.537243
255763.113000,2558,46,90.229277,789.506173,68.972026,603.505224
255779.126000,2623,1,92.522046,809.567901,70.724638,618.840580
255829.150000,2124,14,74.920635,655.555556,57.269970,501.112235
255879.320000,1392,61,49.100529,429.629630,37.532861,328.412538
255881.874000,2368,9,83.527337,730.864198,63.849006,558.678800
255897.433000,199,1,7.019400,61.419753,5.365689,46.949781
255993.741000,235,1,8.289242,72.530864,6.336367,55.443209
255994.438000,2021,5,71.287478,623.765432,54.492754,476.811594
255995.499000,817,21,28.818342,252.160494,22.028986,192.753623
256031.801000,814,1,28.712522,251.234568,21.948096,192.045838
256033.389000,2297,9,81.022928,708.950617,61.934614,541.927873
256123.681000,1581,3,55.767196,487.962963,42.628918,373.003033
256242.699000,1785,3,62.962963,550.925926,48.129424,421.132457
256243.173000,586,2,20.670194,180.864198,15.800472,138.254129
256244.020000,1581,21,55.767196,487.962963,42.628918,373.003033
256264.100000,2558,3,90.229277,789.506173,68.972026,603.505224
256282.848000,422,16,14.885362,130.246914,11.378497,99.561847
256332.026000,3435,5,121.164021,1060.185185,92.618807,810.414560
256376.269000,1581,3,55.767196,487.962963,42.628918,373.003033
256400.383000,629,38,22.186949,194.135802,16.959892,148.399056
256401.965000,199,12,7.019400,61.419753,5.365689,46.949781
256403.555000,1040,17,36.684303,320.987654,28.041793,245.365689
256494.158000,1581,1,55.767196,487.962963,42.628918,373.003033
256494.762000,236,47,8.324515,72.839506,6.363330,55.679137
256514.243000,1777,24,62.680776,548.456790,47.913718,419.245029
256576.367000,745,1,26.278660,229.938272,20.087631,175.766768
256576.599000,2125,20,74.955908,655.864198,57.296933,501.348163
256624.729000,5336,9,188.218695,1646.913580,143.875969,1258.914729
256625.837000,527,6,18.589065,162.654321,14.209639,124.334344
256744.810000,2022,4,71.322751,624.074074,54.519717,477.047523
256765.530000,888,85,31.322751,274.074074,23.943377,209.504550
256771.201000,2557,1,90.194004,789.197531,68.945062,603.269296
256782.997000,2626,18,92.627866,810.493827,70.805527,619.548365
256823.988000,447,1,15.767196,137.962963,12.052578,105.460061
256874.060000,2368,41,83.527337,730.864198,63.849006,558.678800
256896.889000,4393,1,154.955908,1355.864198,118.449612,1036.434109
256898.826000,200,13,7.054674,61.728395,5.392653,47.185709
256993.400000,2707,11,95.485009,835.493827,72.989552,638.658578
256993.700000,586,2,20.670194,180.864198,15.800472,138.254129
257019.143000,2555,8,90.123457,788.580247,68.891136,602.797438
257019.686000,1777,1,62.680776,548.456790,47.913718,419.245029
257030.457000,7671,1,270.582011,2367.592593,206.835187,1809.807887
257075.776000,447,2,15.767196,137.962963,12.052578,105.460061
257266.728000,3386,4,119.435626,1045.061728,91.297607,798.854061
257279.808000,7671,1,270.582011,2367.592593,206.835187,1809.807887
257325.496000,447,1,15.767196,137.962963,12.052578,105.460061
257396.584000,4392,9,154.920635,1355.555556,118.422649,1036.198180
257397.465000,1039,17,36.649030,320.679012,28.014830,245.129761
257398.145000,199,13,7.019400,61.419753,5.365689,46.949781
257492.745000,2708,2,95.520282,835.802469,73.016515,638.894506
257528.822000,1777,13,62.680776,548.456790,47.913718,419.245029
257529.717000,7684,28,271.040564,2371.604938,207.185709,1812.874958
257533.834000,1778,12,62.716049,548.765432,47.940681,419.480957
257576.618000,447,7,15.767196,137.962963,12.052578,105.460061
257578.001000,279,6,9.841270,86.111111,7.522750,65.824065
257629.190000,1465,16,51.675485,452.160494,39.501180,345.635322
257633.760000,1581,2,55.767196,487.962963,42.628918,373.003033
257744.171000,2175,1,76.719577,671.296296,58.645096,513.144590
257744.586000,4145,1,146.208113,1279.320988,111.762723,977.923829
257765.221000,888,285,31.322751,274.074074,23.943377,209.504550
257782.165000,7671,1,270.582011,2367.592593,206.835187,1809.807887
257784.113000,2300,80,81.128748,709.876543,62.015504,542.635659
257826.809000,6528,9,230.264550,2014.814815,176.016178,1540.141557
257877.847000,5336,74,188.218695,1646.913580,143.875969,1258.914729
257896.747000,3842,13,135.520282,1185.802469,103.592855,906.437479
257897.647000,3229,1,113.897707,996.604938,87.064375,761.813279
257992.714000,584,1,20.599647,180.246914,15.746545,137.782272
258010.530000,891,52,31.428571,275.000000,24.024267,210.212336
258014.515000,1778,36,62.716049,548.765432,47.940681,419.480957
258125.621000,1210,3,42.680776,373.456790,32.625548,285.473542
258144.949000,2175,3,76.719577,671.296296,58.645096,513.144590
258325.261000,1019,8,35.943563,314.506173,27.475565,240.411190
258375.388000,5340,5,188.359788,1648.148148,143.983822,1259.858443
258376.541000,3163,5,111.569665,976.234568,85.284799,746.241995
258395.347000,1943,1,68.536155,599.691358,52.389619,458.409168
258536.013000,423,17,14.920635,130.555556,11.405460,99.797776
258536.556000,7672,1,270.617284,2367.901235,206.862150,1810.043815
258574.889000,2335,9,82.363316,720.679012,62.959218,550.893158
258645.709000,1041,21,36.719577,321.296296,28.068756,245.601618
258743.524000,374,12,13.192240,115.432099,10.084260,88.237277
258744.310000,2218,3,78.236332,684.567901,59.804516,523.289518
258747.532000,2475,248,87.301587,763.888889,66.734075,583.923155
258748.004000,991,2,34.955908,305.864198,26.720593,233.805190
258780.807000,7672,6,270.617284,2367.901235,206.862150,1810.043815
258902.027000,2931,3,103.386243,904.629630,79.029323,691.506572
258902.274000,1942,2,68.500882,599.382716,52.362656,458.173239
258904.838000,198,20,6.984127,61.111111,5.338726,46.713852
259074.874000,1878,4,66.243386,579.629630,50.637007,443.073812
259145.619000,2349,1,82.857143,725.000000,63.336704,554.196158
259242.515000,991,1,34.955908,305.864198,26.720593,233.805190
259242.792000,7685,1,271.075838,2371.913580,207.212673,1813.110886
259244.922000,516,43,18.201058,159.259259,13.913043,121.739130
259262.838000,2555,26,90.123457,788.580247,68.891136,602.797438
259384.661000,1581,4,55.767196,487.962963,42.628918,373.003033
259385.562000,1212,7,42.751323,374.074074,32.679474,285.945399
259396.750000,2365,2,83.421517,729.938272,63.768116,557.971014
259493.945000,677,12,23.880071,208.950617,18.254129,159.723627
259496.844000,1582,29,55.802469,488.271605,42.655881,373.238962
259498.083000,7685,1,271.075838,2371.913580,207.212673,1813.110886
259529.076000,7674,16,270.687831,2368.518519,206.916077,1810.515672
259574.932000,2686,22,94.744268,829.012346,72.423323,633.704078
259628.026000,1589,1,56.049383,490.432099,42.844624,374.890462
259632.095000,708,10,24.973545,218.518519,19.089990,167.037412
259648.772000,1048,15,36.966490,323.456790,28.257499,247.253118
259650.527000,202,16,7.125220,62.345679,5.446579,47.657567
259746.752000,7685,1,271.075838,2371.913580,207.212673,1813.110886
259826.557000,2338,7,82.469136,721.604938,63.040108,551.600944
259827.355000,1878,4,66.243386,579.629630,50.637007,443.073812
259881.111000,1467,385,51.746032,452.777778,39.555106,346.107179
259881.294000,1590,18,56.084656,490.740741,42.871587,375.126390
259881.995000,4015,5,141.622575,1239.197531,108.257499,947.253118
259885.636000,1212,1,42.751323,374.074074,32.679474,285.945399
259886.374000,529,4,18.659612,163.271605,14.263566,124.806202
259895.603000,3751,30,132.310406,1157.716049,101.139198,884.967981
259994.099000,993,2,35.026455,306.481481,26.774520,234.277048
260012.450000,893,13,31.499118,275.617284,24.078193,210.684193
260075.576000,2287,11,80.670194,705.864198,61.664981,539.568588
260139.352000,1468,40,51.781305,453.086420,39.582069,346.343108
260139.987000,5344,110,188.500882,1649.382716,144.091675,1260.802157
260143.697000,1638,1,57.777778,505.555556,44.165824,386.450961
260144.478000,3086,1,108.853616,952.469136,83.208628,728.075497
260243.757000,993,4,35.026455,306.481481,26.774520,234.277048
260244.024000,7685,1,271.075838,2371.913580,207.212673,1813.110886
260264.798000,275,23,9.700176,84.876543,7.414897,64.880351
260324.613000,2339,5,82.504409,721.913580,63.067071,551.836872
260325.544000,3439,8,121.305115,1061.419753,92.726660,811.358274
260384.771000,1638,5,57.777778,505.555556,44.165824,386.450961
260514.877000,2704,3,95.379189,834.567901,72.908662,637.950792
260533.652000,950,14,33.509700,293.209877,25.615099,224.132120
260536.352000,5787,9,204.126984,1786.111111,156.036400,1365.318504
260634.086000,1638,11,57.777778,505.555556,44.165824,386.450961
260643.580000,3773,3,133.086420,1164.506173,101.732390,890.158409
260643.693000,1098,5,38.730159,338.888889,29.605662,259.049545
260826.789000,848,93,29.911817,261.728395,22.864847,200.067408
260828.434000,2335,14,82.363316,720.679012,62.959218,550.893158
260883.483000,4015,56,141.622575,1239.197531,108.257499,947.253118
260883.680000,5348,4,188.641975,1650.617284,144.199528,1261.745871
260883.749000,4015,14,141.622575,1239.197531,108.257499,947.253118
260884.229000,530,3,18.694885,163.580247,14.290529,125.042130
260887.285000,3087,4,108.888889,952.777778,83.235592,728.311426
260888.490000,1638,12,57.777778,505.555556,44.165824,386.450961
260898.347000,3298,4,116.331570,1017.901235,88.924840,778.092349
260998.563000,823,7,29.029982,254.012346,22.190765,194.169194
261011.298000,7684,7,271.040564,2371.604938,207.185709,1812.874958
261077.508000,2340,4,82.539683,722.222222,63.094034,552.072801
261079.937000,2687,9,94.779541,829.320988,72.450286,633.940007
261130.525000,1468,256,51.781305,453.086420,39.582069,346.343108
261134.423000,3659,3,129.065256,1129.320988,98.658578,863.262555
261134.988000,529,4,18.659612,163.271605,14.263566,124.806202
261148.391000,3990,36,140.740741,1231.481481,107.583418,941.354904
261150.145000,1098,3,38.730159,338.888889,29.605662,259.049545
261250.461000,663,1,23.386243,204.629630,17.876643,156.420627
261331.465000,2335,12,82.363316,720.679012,62.959218,550.893158
261376.281000,4015,16,141.622575,1239.197531,108.257499,947.253118
261377.061000,1468,1,51.781305,453.086420,39.582069,346.343108
261401.961000,2365,1,83.421517,729.938272,63.768116,557.971014
261404.904000,202,15,7.125220,62.345679,5.446579,47.657567
261406.274000,1096,7,38.659612,338.271605,29.551736,258.577688
261506.627000,3450,2,121.693122,1064.814815,93.023256,813.953488
261510.728000,7684,13,271.040564,2371.604938,207.185709,1812.874958
261579.547000,3308,13,116.684303,1020.987654,89.194473,780.451635
261581.032000,3446,8,121.552028,1063.580247,92.915403,813.009774
261625.973000,1468,1,51.781305,453.086420,39.582069,346.343108
261644.864000,206,14,7.266314,63.580247,5.554432,48.601281
261750.422000,7686,1,271.111111,2372.222222,207.239636,1813.346815
261750.786000,823,43,29.029982,254.012346,22.190765,194.169194
261751.026000,664,1,23.421517,204.938272,17.903606,156.656555
261756.895000,554,13,19.541446,170.987654,14.937647,130.704415
261821.896000,2335,15,82.363316,720.679012,62.959218,550.893158
261904.467000,6732,43,237.460317,2077.777778,181.516684,1588.270981
261908.069000,1094,9,38.589065,337.654321,29.497809,258.105831
261999.078000,665,3,23.456790,205.246914,17.930570,156.892484
262000.496000,7686,1,271.111111,2372.222222,207.239636,1813.346815
262012.267000,316,23,11.146384,97.530864,8.520391,74.553421
262035.190000,7676,1,270.758377,2369.135802,206.970003,1810.987529
262036.755000,5787,10,204.126984,1786.111111,156.036400,1365.318504
262074.105000,2342,44,82.610229,722.839506,63.147961,552.544658
262076.485000,2336,1,82.398589,720.987654,62.986181,551.129087
262076.549000,2689,17,94.850088,829.938272,72.504213,634.411864
262128.386000,15,13,0.529101,4.629630,0.404449,3.538928
262148.529000,982,32,34.638448,303.086420,26.477924,231.681834
262248.909000,824,1,29.065256,254.320988,22.217728,194.405123
262250.028000,1582,3,55.802469,488.271605,42.655881,373.238962
262250.553000,665,2,23.456790,205.246914,17.930570,156.892484
262250.658000,4888,3,172.416226,1508.641975,131.796427,1153.218739
262256.843000,554,70,19.541446,170.987654,14.937647,130.704415
262264.889000,2554,4,90.088183,788.271605,68.864173,602.561510
262265.716000,7685,54,271.075838,2371.913580,207.212673,1813.110886
262281.051000,4086,17,144.126984,1261.111111,110.171891,964.004044
262322.862000,2689,4,94.850088,829.938272,72.504213,634.411864
262322.970000,1878,1,66.243386,579.629630,50.637007,443.073812
262392.438000,2365,2,83.421517,729.938272,63.768116,557.971014
262505.440000,7686,1,271.111111,2372.222222,207.239636,1813.346815
262509.454000,3074,16,108.430335,948.765432,82.885069,725.244355
262581.469000,1878,5,66.243386,579.629630,50.637007,443.073812
262582.104000,3453,4,121.798942,1065.740741,93.104146,814.661274
262632.561000,20,11,0.705467,6.172840,0.539265,4.718571
262643.463000,3758,15,132.557319,1159.876543,101.327941,886.619481
262755.115000,1582,5,55.802469,488.271605,42.655881,373.238962
262756.519000,556,5,19.611993,171.604938,14.991574,131.176272
262780.065000,7677,1,270.793651,2369.444444,206.996967,1811.223458
262780.994000,7677,6,270.793651,2369.444444,206.996967,1811.223458
262824.975000,2690,17,94.885362,830.246914,72.531176,634.647792
262876.414000,1469,253,51.816578,453.395062,39.609033,346.579036
262880.011000,1295,9,45.679012,399.691358,34.917425,305.527469
263002.505000,679,18,23.950617,209.567901,18.308055,160.195484
263005.033000,995,589,35.097002,307.098765,26.828446,234.748905
263005.586000,7047,12,248.571429,2175.000000,190.010111,1662.588473
263007.887000,557,5,19.647266,171.913580,15.018537,131.412201
263016.153000,6908,4,243.668430,2132.098765,186.262218,1629.794405
263016.911000,2154,11,75.978836,664.814815,58.078868,508.190091
263017.257000,261,21,9.206349,80.555556,7.037412,61.577351
263072.579000,7685,8,271.075838,2371.913580,207.212673,1813.110886
263073.086000,2345,35,82.716049,723.765432,63.228851,553.252444
263075.725000,1341,166,47.301587,413.888889,36.157735,316.380182
263257.255000,1165,1,41.093474,359.567901,31.412201,274.856758
263265.853000,2154,11,75.978836,664.814815,58.078868,508.190091
263266.725000,6908,8,243.668430,2132.098765,186.262218,1629.794405
263266.795000,6022,331,212.416226,1858.641975,162.372767,1420.761712
263267.172000,2154,14,75.978836,664.814815,58.078868,508.190091
263276.773000,727,36,25.643739,224.382716,19.602292,171.520054
263322.798000,3311,7,116.790123,1021.913580,89.275362,781.159420
263323.526000,425,4,14.991182,131.172840,11.459387,100.269633
263325.737000,2338,1,82.469136,721.604938,63.040108,551.600944
263396.328000,984,23,34.708995,303.703704,26.531850,232.153691
263398.913000,7677,6,270.793651,2369.444444,206.996967,1811.223458
263500.738000,826,151,29.135802,254.938272,22.271655,194.876980
263507.337000,556,5,19.611993,171.604938,14.991574,131.176272
263513.234000,2557,124,90.194004,789.197531,68.945062,603.269296
263575.140000,2338,6,82.469136,721.604938,63.040108,551.600944
263651.237000,6402,48,225.820106,1975.925926,172.618807,1510.414560
263749.209000,1324,7,46.701940,408.641975,35.699360,312.369397
263749.835000,4890,8,172.486772,1509.259259,131.850354,1153.690597
263750.959000,665,1,23.456790,205.246914,17.930570,156.892484
263751.375000,1004,256,35.414462,309.876543,27.071116,236.872262
263756.310000,4803,3,169.417989,1482.407407,129.504550,1133.164813
263760.837000,1755,2,61.904762,541.666667,47.320526,414.054601
263761.954000,3065,10,108.112875,945.987654,82.642400,723.120998
263778.123000,2318,34,81.763668,715.432099,62.500843,546.882373
263885.057000,532,97,18.765432,164.197531,14.344456,125.513987
263886.333000,1297,8,45.749559,400.308642,34.971352,305.999326
263894.780000,160,9,5.643739,49.382716,4.314122,37.748568
264006.544000,556,1,19.611993,171.604938,14.991574,131.176272
264028.453000,1533,18,54.074074,473.148148,41.334681,361.678463
264072.729000,3312,14,116.825397,1022.222222,89.302326,781.395349
264072.876000,2345,9,82.716049,723.765432,63.228851,553.252444
264074.298000,3311,77,116.790123,1021.913580,89.275362,781.159420
264130.500000,1469,463,51.816578,453.395062,39.609033,346.579036
264134.811000,4797,3,169.206349,1480.555556,129.342770,1131.749242
264249.874000,1584,13,55.873016,488.888889,42.709808,373.710819
264256.966000,557,4,19.647266,171.913580,15.018537,131.412201
264261.067000,2159,11,76.155203,666.358025,58.213684,509.369734
264278.412000,7686,2,271.111111,2372.222222,207.239636,1813.346815
264322.570000,2136,3,75.343915,659.259259,57.593529,503.943377
264325.051000,2339,28,82.504409,721.913580,63.067071,551.836872
264376.111000,434,35,15.308642,133.950617,11.702056,102.392990
264393.782000,6402,41,225.820106,1975.925926,172.618807,1510.414560
264394.949000,161,8,5.679012,49.691358,4.341085,37.984496
264499.566000,667,3,23.527337,205.864198,17.984496,157.364341
264509.768000,1754,9,61.869489,541.358025,47.293563,413.818672
264510.149000,6909,2,243.703704,2132.407407,186.289181,1630.030334
264623.593000,3088,3,108.924162,953.086420,83.262555,728.547354
264624.016000,241,1,8.500882,74.382716,6.498146,56.858780
264760.098000,6909,4,243.703704,2132.407407,186.289181,1630.030334
264760.747000,5351,5,188.747795,1651.543210,144.280418,1262.453657
264764.209000,5490,5,193.650794,1694.444444,148.028311,1295.247725
264765.851000,4901,12,172.874780,1512.654321,132.146950,1156.285811
264895.938000,1049,15,37.001764,323.765432,28.284462,247.489046
265004.154000,1584,11,55.873016,488.888889,42.709808,373.710819
265028.030000,7678,5,270.828924,2369.753086,207.023930,1811.459387
265031.015000,2321,328,81.869489,716.358025,62.581732,547.590158
265072.215000,241,1,8.500882,74.382716,6.498146,56.858780
265266.038000,4195,64,147.971781,1294.753086,113.110886,989.720256
265268.859000,827,1,29.171076,255.246914,22.298618,195.112909
265277.176000,7678,8,270.828924,2369.753086,207.023930,1811.459387
265278.478000,241,5,8.500882,74.382716,6.498146,56.858780
265322.725000,2136,3,75.343915,659.259259,57.593529,503.943377
265377.287000,1298,1,45.784832,400.617284,34.998315,306.235254
265384.729000,4015,7,141.622575,1239.197531,108.257499,947.253118
265503.699000,2055,13,72.486772,634.259259,55.409505,484.833165
265506.793000,1166,2,41.128748,359.876543,31.439164,275.092686
265527.629000,4087,11,144.162257,1261.419753,110.198854,964.239973
265625.442000,1471,200,51.887125,454.012346,39.662959,347.050893
265637.698000,1429,53,50.405644,441.049383,38.530502,337.141894
265640.876000,2540,9,89.594356,783.950617,68.486687,599.258510
265885.787000,552,70,19.470899,170.370370,14.883721,130.232558
266002.377000,681,12,24.021164,210.185185,18.361982,160.667341
266135.423000,5427,5,191.428571,1675.000000,146.329626,1280.384226
266136.893000,402,16,14.179894,124.074074,10.839232,94.843276
266137.276000,3960,58,139.682540,1222.222222,106.774520,934.277048
266141.561000,1440,10,50.793651,444.444444,38.827098,339.737108
266143.317000,1298,124,45.784832,400.617284,34.998315,306.235254
266389.356000,439,12,15.485009,135.493827,11.836872,103.572632
266391.373000,4017,33,141.693122,1239.814815,108.311426,947.724975
266397.382000,7675,10,270.723104,2368.827160,206.943040,1810.751601
266511.602000,2559,178,90.264550,789.814815,68.998989,603.741153
266512.163000,2559,31,90.264550,789.814815,68.998989,603.741153
266573.684000,171,7,6.031746,52.777778,4.610718,40.343782
266574.409000,2140,10,75.485009,660.493827,57.701382,504.887091
266760.276000,5421,82,191.216931,1673.148148,146.167846,1278.968655
266823.068000,172,13,6.067019,53.086420,4.637681,40.579710
266825.405000,298,11,10.511464,91.975309,8.035052,70.306707
266881.852000,1309,111,46.172840,404.012346,35.294911,308.830468
266890.705000,1735,13,61.199295,535.493827,46.781261,409.336030
267000.869000,4896,15,172.698413,1511.111111,132.012133,1155.106168
267027.861000,4560,1,160.846561,1407.407407,122.952477,1075.834176
267029.960000,2011,29,70.934744,620.679012,54.223121,474.452309
267030.335000,7676,1,270.758377,2369.135802,206.970003,1810.987529
267142.715000,1047,15,36.931217,323.148148,28.230536,247.017189
267259.230000,2561,130,90.335097,790.432099,69.052915,604.213010
267260.058000,2160,9,76.190476,666.666667,58.240647,509.605662
267278.058000,2324,210,81.975309,717.283951,62.662622,548.297944
267278.404000,1534,13,54.109347,473.456790,41.361645,361.914392
267279.230000,1534,10,54.109347,473.456790,41.361645,361.914392
267380.394000,2098,12,74.003527,647.530864,56.568925,494.978092
267383.546000,1440,33,50.793651,444.444444,38.827098,339.737108
267501.106000,681,16,24.021164,210.185185,18.361982,160.667341
267503.883000,5458,8,192.522046,1684.567901,147.165487,1287.698011
267504.188000,829,150,29.241623,255.864198,22.352545,195.584766
267527.788000,1534,14,54.109347,473.456790,41.361645,361.914392
267528.831000,1534,14,54.109347,473.456790,41.361645,361.914392
267628.643000,1592,1,56.155203,491.358025,42.925514,375.598247
267633.102000,1310,64,46.208113,404.320988,35.321874,309.066397
267759.473000,2162,1,76.261023,667.283951,58.294574,510.077519
267760.473000,2162,11,76.261023,667.283951,58.294574,510.077519
267760.807000,6909,14,243.703704,2132.407407,186.289181,1630.030334
267780.404000,1534,1,54.109347,473.456790,41.361645,361.914392
267781.626000,1534,14,54.109347,473.456790,41.361645,361.914392
267877.764000,1592,8,56.155203,491.358025,42.925514,375.598247
267878.727000,2098,1,74.003527,647.530864,56.568925,494.978092
267878.941000,1472,605,51.922399,454.320988,39.689922,347.286822
268004.196000,832,88,29.347443,256.790123,22.433434,196.292551
268010.506000,2162,20,76.261023,667.283951,58.294574,510.077519
268031.796000,1534,14,54.109347,473.456790,41.361645,361.914392
268032.468000,7676,20,270.758377,2369.135802,206.970003,1810.987529
268073.607000,174,94,6.137566,53.703704,4.691608,41.051567
268075.438000,4470,3,157.671958,1379.629630,120.525784,1054.600607
268076.592000,1346,52,47.477954,415.432099,36.292551,317.559825
268123.964000,5435,4,191.710758,1677.469136,146.545332,1282.271655
268124.972000,1592,4,56.155203,491.358025,42.925514,375.598247
268150.134000,3786,6,133.544974,1168.518519,102.082912,893.225480
268254.057000,4895,19,172.663139,1510.802469,131.985170,1154.870239
268257.158000,6909,1,243.703704,2132.407407,186.289181,1630.030334
268282.099000,5796,364,204.444444,1788.888889,156.279070,1367.441860
268378.123000,436,18,15.379189,134.567901,11.755982,102.864847
268399.160000,6147,45,216.825397,1897.222222,165.743175,1450.252781
268509.718000,6909,28,243.703704,2132.407407,186.289181,1630.030334
268527.567000,4090,298,144.268078,1262.345679,110.279744,964.947759
268529.851000,2330,1,82.186949,719.135802,62.824402,549.713515
268530.618000,2012,3,70.970018,620.987654,54.250084,474.688237
268575.091000,278,12,9.805996,85.802469,7.495787,65.588136
268628.376000,2100,5,74.074074,648.148148,56.622851,495.449949
268628.895000,4018,19,141.728395,1240.123457,108.338389,947.960903
268645.044000,6404,10,225.890653,1976.543210,172.672733,1510.886417
268747.148000,439,17,15.485009,135.493827,11.836872,103.572632
268758.648000,268,6,9.453263,82.716049,7.226154,63.228851
268822.287000,426,8,15.026455,131.481481,11.486350,100.505561
268822.467000,2273,7,80.176367,701.543210,61.287496,536.265588
268823.515000,298,14,10.511464,91.975309,8.035052,70.306707
268876.083000,983,5,34.673721,303.395062,26.504887,231.917762
268876.368000,1592,11,56.155203,491.358025,42.925514,375.598247
268877.000000,2101,1,74.109347,648.456790,56.649815,495.685878
268899.064000,6404,11,225.890653,1976.543210,172.672733,1510.886417
268900.212000,3786,2,133.544974,1168.518519,102.082912,893.225480
269012.315000,6910,26,243.738977,2132.716049,186.316144,1630.266262
269012.604000,4745,1,167.372134,1464.506173,127.940681,1119.480957
269072.904000,279,10,9.841270,86.111111,7.522750,65.824065
269128.349000,4034,3,142.292769,1245.061728,108.769801,951.735760
269128.589000,1549,18,54.638448,478.086420,41.766094,365.453320
269129.972000,2101,7,74.109347,648.456790,56.649815,495.685878
269147.024000,205,18,7.231041,63.271605,5.527469,48.365352
269257.456000,7686,11,271.111111,2372.222222,207.239636,1813.346815
269267.536000,4746,1,167.407407,1464.814815,127.967644,1119.716886
269267.597000,2330,20,82.186949,719.135802,62.824402,549.713515
269268.165000,275,6,9.700176,84.876543,7.414897,64.880351
269280.428000,4090,18,144.268078,1262.345679,110.279744,964.947759
269322.165000,279,10,9.841270,86.111111,7.522750,65.824065
269379.610000,436,16,15.379189,134.567901,11.755982,102.864847
269380.130000,1674,1,59.047619,516.666667,45.136502,394.944388
269382.946000,2096,8,73.932981,646.913580,56.514998,494.506235
269393.538000,3838,4,135.379189,1184.567901,103.485002,905.493765
269506.621000,894,16,31.534392,275.925926,24.105157,210.920121
269527.140000,2016,3,71.111111,622.222222,54.357937,475.631951
269636.170000,1238,7,43.668430,382.098765,33.380519,292.079542
269637.324000,1594,15,56.225750,491.975309,42.979441,376.070104
269640.295000,566,70,19.964727,174.691358,15.261207,133.535558
269756.595000,4760,14,167.901235,1469.135802,128.345130,1123.019885
269760.285000,234,6,8.253968,72.222222,6.309403,55.207280
269822.839000,2272,4,80.141093,701.234568,61.260533,536.029660
269824.658000,279,18,9.841270,86.111111,7.522750,65.824065
269825.194000,4470,1,157.671958,1379.629630,120.525784,1054.600607
269875.579000,2102,8,74.144621,648.765432,56.676778,495.921807
270028.437000,1557,13,54.920635,480.555556,41.981800,367.340748
270031.541000,2328,70,82.116402,718.518519,62.770475,549.241658
270125.894000,20,10,0.705467,6.172840,0.539265,4.718571
270126.528000,4034,3,142.292769,1245.061728,108.769801,951.735760
270144.024000,279,8,9.841270,86.111111,7.522750,65.824065
270145.018000,3787,1,133.580247,1168.827160,102.109875,893.461409
270251.442000,5510,3,194.356261,1700.617284,148.567577,1299.966296
270251.732000,837,1,29.523810,258.333333,22.568251,197.472194
270280.684000,2016,3,71.111111,622.222222,54.357937,475.631951
270381.314000,25,9,0.881834,7.716049,0.674082,5.898214
270384.834000,1889,14,66.631393,583.024691,50.933603,445.669026
270510.167000,2167,1,76.437390,668.827160,58.429390,511.257162
270511.191000,2330,4,82.186949,719.135802,62.824402,549.713515
270511.315000,2167,6,76.437390,668.827160,58.429390,511.257162
270527.196000,4090,142,144.268078,1262.345679,110.279744,964.947759
270623.668000,1594,13,56.225750,491.975309,42.979441,376.070104
270623.968000,4036,1,142.363316,1245.679012,108.823728,952.207617
270644.317000,1050,23,37.037037,324.074074,28.311426,247.724975
270759.072000,4307,91,151.922399,1329.320988,116.130772,1016.144253
270759.190000,1376,2,48.536155,424.691358,37.101449,324.637681
270759.846000,2167,6,76.437390,668.827160,58.429390,511.257162
270759.997000,1332,3,46.984127,411.111111,35.915066,314.256825
270760.419000,2167,6,76.437390,668.827160,58.429390,511.257162
270777.050000,2331,8,82.222222,719.444444,62.851365,549.949444
270897.661000,282,16,9.947090,87.037037,7.603640,66.531850
271072.955000,2145,1,75.661376,662.037037,57.836198,506.066734
271122.584000,2109,1,74.391534,650.925926,56.865521,497.573306
271142.805000,209,17,7.372134,64.506173,5.635322,49.309066
271253.755000,3887,55,137.107584,1199.691358,104.806202,917.054264
271257.263000,899,11,31.710758,277.469136,24.239973,212.099764
271322.537000,2147,7,75.731922,662.654321,57.890125,506.538591
271380.457000,4034,3,142.292769,1245.061728,108.769801,951.735760
271384.639000,580,75,20.458554,179.012346,15.638692,136.838557
271397.161000,983,16,34.673721,303.395062,26.504887,231.917762
271399.009000,1243,1,43.844797,383.641975,33.515335,293.259184
271527.241000,115,1,4.056437,35.493827,3.100775,27.131783
271574.458000,851,8,30.017637,262.654321,22.945736,200.775194
271628.190000,1593,15,56.190476,491.666667,42.952477,375.834176
271628.903000,4034,3,142.292769,1245.061728,108.769801,951.735760
271631.598000,3626,6,127.901235,1119.135802,97.768790,855.476913
271760.730000,2095,49,73.897707,646.604938,56.488035,494.270307
271783.455000,1488,15,52.486772,459.259259,40.121335,351.061678
271785.723000,115,10,4.056437,35.493827,3.100775,27.131783
271822.008000,761,3,26.843034,234.876543,20.519043,179.541625
271822.942000,822,27,28.994709,253.703704,22.163802,193.933266
271823.439000,2508,8,88.465608,774.074074,67.623862,591.708797
271883.307000,1189,17,41.940035,366.975309,32.059319,280.519043
271899.505000,282,1,9.947090,87.037037,7.603640,66.531850
271900.695000,1242,2,43.809524,383.333333,33.488372,293.023256
271900.766000,209,10,7.372134,64.506173,5.635322,49.309066
272007.682000,898,12,31.675485,277.160494,24.213010,211.863836
272011.726000,2565,112,90.476190,791.666667,69.160768,605.156724
272028.639000,2332,8,82.257496,719.753086,62.878328,550.185372
272123.377000,2110,63,74.426808,651.234568,56.892484,497.809235
272123.950000,1675,2,59.082892,516.975309,45.163465,395.180317
272150.990000,283,16,9.982363,87.345679,7.630603,66.767779
272153.967000,1247,2,43.985891,384.876543,33.623188,294.202899
272154.037000,211,23,7.442681,65.123457,5.689248,49.780923
272247.279000,255,46,8.994709,78.703704,6.875632,60.161780
272257.239000,899,11,31.710758,277.469136,24.239973,212.099764
272263.573000,2095,8,73.897707,646.604938,56.488035,494.270307
272323.530000,2340,21,82.539683,722.222222,63.094034,552.072801
272374.338000,4034,3,142.292769,1245.061728,108.769801,951.735760
272502.325000,3037,9,107.125220,937.345679,81.887428,716.514998
272589.979000,2611,218,92.098765,805.864198,70.401079,616.009437
272628.872000,983,5,34.673721,303.395062,26.504887,231.917762
272629.836000,3623,1,127.795414,1118.209877,97.687900,854.769127
272652.050000,3841,40,135.485009,1185.493827,103.565891,906.201550
272753.970000,4217,68,148.747795,1301.543210,113.704078,994.910684
272756.627000,842,1,29.700176,259.876543,22.703067,198.651837
272758.123000,2059,21,72.627866,635.493827,55.517358,485.776879
272758.379000,842,36,29.700176,259.876543,22.703067,198.651837
272758.452000,468,16,16.507937,144.444444,12.618807,110.414560
272875.829000,1592,16,56.155203,491.358025,42.925514,375.598247
272899.844000,211,65,7.442681,65.123457,5.689248,49.780923
273027.458000,2332,8,82.257496,719.753086,62.878328,550.185372
273073.275000,2611,72,92.098765,805.864198,70.401079,616.009437
273150.175000,283,17,9.982363,87.345679,7.630603,66.767779
273152.801000,1052,10,37.107584,324.691358,28.365352,248.196832
273277.645000,114,17,4.021164,35.185185,3.073812,26.895854
273323.935000,2341,36,82.574956,722.530864,63.120998,552.308729
273376.548000,1593,14,56.190476,491.666667,42.952477,375.834176
273397.439000,1096,14,38.659612,338.271605,29.551736,258.577688
273527.303000,5807,1,204.832451,1792.283951,156.575666,1370.037074
273527.355000,3858,3,136.084656,1190.740741,104.024267,910.212336
273650.759000,284,7,10.017637,87.654321,7.657567,67.003707
273650.915000,3994,6,140.881834,1232.716049,107.691271,942.298618
273653.319000,1056,15,37.248677,325.925926,28.473205,249.140546
273748.231000,1335,3,47.089947,412.037037,35.995956,314.964611
273749.760000,1607,69,56.684303,495.987654,43.329963,379.137176
273756.327000,5549,3,195.731922,1712.654321,149.619144,1309.167509
273822.249000,433,2,15.273369,133.641975,11.675093,102.157061
273875.085000,1552,16,54.744268,479.012346,41.846983,366.161105
274007.694000,3851,14,135.837743,1188.580247,103.835524,908.560836
274012.809000,2564,86,90.440917,791.358025,69.133805,604.920795
274028.290000,1932,24,68.148148,596.296296,52.093023,455.813953
274123.782000,5484,5,193.439153,1692.592593,147.866532,1293.832154
274148.096000,6484,5,228.712522,2001.234568,174.829794,1529.760701
274151.251000,215,113,7.583774,66.358025,5.797101,50.724638
274258.234000,890,121,31.393298,274.691358,23.997304,209.976407
274277.670000,7685,15,271.075838,2371.913580,207.212673,1813.110886
274322.828000,2612,1,92.134039,806.172840,70.428042,616.245366
274323.873000,1262,19,44.514991,389.506173,34.027637,297.741827
274373.952000,31,14,1.093474,9.567901,0.835861,7.313785
274397.902000,284,19,10.017637,87.654321,7.657567,67.003707
274399.671000,1054,8,37.178131,325.308642,28.419279,248.668689
274573.253000,2612,1,92.134039,806.172840,70.428042,616.245366
274648.203000,1098,9,38.730159,338.888889,29.605662,259.049545
274649.130000,3556,10,125.432099,1097.530864,95.881362,838.961914
274748.377000,1335,1,47.089947,412.037037,35.995956,314.964611
274756.653000,1165,29,41.093474,359.567901,31.412201,274.856758
274757.239000,891,56,31.428571,275.000000,24.024267,210.212336
274762.814000,1811,2,63.880071,558.950617,48.830468,427.266599
274777.018000,3531,3,124.550265,1089.814815,95.207280,833.063701
274822.787000,280,9,9.876543,86.419753,7.549714,66.059993
274901.345000,1056,19,37.248677,325.925926,28.473205,249.140546
274902.376000,216,78,7.619048,66.666667,5.824065,50.960566
274997.731000,4388,9,154.779541,1354.320988,118.314796,1035.254466
275009.861000,1165,29,41.093474,359.567901,31.412201,274.856758
275017.844000,4743,3,167.301587,1463.888889,127.886754,1119.009100
275027.547000,2502,3,88.253968,772.222222,67.462083,590.293225
275072.622000,178,7,6.278660,54.938272,4.799461,41.995281
275076.593000,280,9,9.876543,86.419753,7.549714,66.059993
275142.203000,283,14,9.982363,87.345679,7.630603,66.767779
275142.794000,6484,4,228.712522,2001.234568,174.829794,1529.760701
275156.530000,6405,10,225.925926,1976.851852,172.699697,1511.122346
275248.048000,2684,10,94.673721,828.395062,72.369397,633.232221
275278.046000,4092,46,144.338624,1262.962963,110.333670,965.419616
275322.644000,2292,10,80.846561,707.407407,61.799798,540.748231
275323.935000,2516,9,88.747795,776.543210,67.839569,593.596225
275323.986000,178,7,6.278660,54.938272,4.799461,41.995281
275327.470000,2343,59,82.645503,723.148148,63.174924,552.780586
275328.148000,2613,74,92.169312,806.481481,70.455005,616.481294
275507.994000,891,28,31.428571,275.000000,24.024267,210.212336
275527.538000,3860,26,136.155203,1191.358025,104.078193,910.684193
275573.406000,2155,3,76.014109,665.123457,58.105831,508.426020
275574.144000,179,6,6.313933,55.246914,4.826424,42.231210
275623.617000,1191,7,42.010582,367.592593,32.113246,280.990900
275642.070000,1059,3,37.354497,326.851852,28.554095,249.848332
275753.545000,1195,3,42.151675,368.827160,32.221099,281.934614
275757.072000,849,17,29.947090,262.037037,22.891810,200.303337
275777.809000,3530,11,124.514991,1089.506173,95.180317,832.827772
275825.144000,434,1,15.308642,133.950617,11.702056,102.392990
275826.097000,179,1,6.313933,55.246914,4.826424,42.231210
275830.901000,280,1,9.876543,86.419753,7.549714,66.059993
275831.131000,2343,34,82.645503,723.148148,63.174924,552.780586
275891.230000,987,10,34.814815,304.629630,26.612740,232.861476
276000.684000,1335,1,47.089947,412.037037,35.995956,314.964611
276004.192000,851,40,30.017637,262.654321,22.945736,200.775194
276017.352000,1607,18,56.684303,495.987654,43.329963,379.137176
276072.929000,434,1,15.308642,133.950617,11.702056,102.392990
276073.921000,824,4,29.065256,254.320988,22.217728,194.405123
276074.353000,179,7,6.313933,55.246914,4.826424,42.231210
276078.300000,280,9,9.876543,86.419753,7.549714,66.059993
276144.630000,216,133,7.619048,66.666667,5.824065,50.960566
276322.273000,825,3,29.100529,254.629630,22.244692,194.641052
276375.423000,3773,6,133.086420,1164.506173,101.732390,890.158409
276390.364000,987,23,34.814815,304.629630,26.612740,232.861476
276507.221000,1167,229,41.164021,360.185185,31.466127,275.328615
276513.144000,4746,4,167.407407,1464.814815,127.967644,1119.716886
276531.757000,3533,8,124.620811,1090.432099,95.261207,833.535558
276573.934000,435,7,15.343915,134.259259,11.729019,102.628918
276573.992000,825,3,29.100529,254.629630,22.244692,194.641052
276575.449000,300,3,10.582011,92.592593,8.088979,70.778564
276576.178000,2344,5,82.680776,723.456790,63.201887,553.016515
276757.224000,1167,190,41.164021,360.185185,31.466127,275.328615
276762.247000,4746,1,167.407407,1464.814815,127.967644,1119.716886
276762.843000,4746,3,167.407407,1464.814815,127.967644,1119.716886
276780.387000,727,1,25.643739,224.382716,19.602292,171.520054
276781.084000,4095,28,144.444444,1263.888889,110.414560,966.127401
276823.531000,300,11,10.582011,92.592593,8.088979,70.778564
276890.614000,6956,4,245.361552,2146.913580,187.556454,1641.118975
277006.577000,1336,59,47.125220,412.345679,36.022919,315.200539
277010.270000,852,180,30.052910,262.962963,22.972700,201.011122
277073.192000,856,13,30.194004,264.197531,23.080553,201.954837
277141.621000,988,38,34.850088,304.938272,26.639703,233.097405
277141.801000,6151,40,216.966490,1898.456790,165.851028,1451.196495
277142.318000,6486,3,228.783069,2001.851852,174.883721,1530.232558
277249.445000,258,292,9.100529,79.629630,6.956522,60.869565
277264.403000,2924,17,103.139330,902.469136,78.840580,689.855072
277277.523000,120,27,4.232804,37.037037,3.235592,28.311426
277322.133000,178,5,6.278660,54.938272,4.799461,41.995281
277322.917000,2346,25,82.751323,724.074074,63.255814,553.488372
277391.448000,988,26,34.850088,304.938272,26.639703,233.097405
277393.201000,219,39,7.724868,67.592593,5.904954,51.668352
277507.311000,1168,157,41.199295,360.493827,31.493091,275.564543
277507.508000,902,58,31.816578,278.395062,24.320863,212.807550
277573.495000,827,3,29.171076,255.246914,22.298618,195.112909
277573.808000,856,4,30.194004,264.197531,23.080553,201.954837
277625.626000,1596,14,56.296296,492.592593,43.033367,376.541962
277641.421000,1056,16,37.248677,325.925926,28.473205,249.140546
277752.628000,854,37,30.123457,263.580247,23.026626,201.482979
277756.738000,888,12,31.322751,274.074074,23.943377,209.504550
277760.745000,4747,3,167.442681,1465.123457,127.994607,1119.952814
277890.576000,3139,9,110.723104,968.827160,84.637681,740.579710
278073.297000,179,4,6.313933,55.246914,4.826424,42.231210
278074.112000,6152,27,217.001764,1898.765432,165.877991,1451.432423
278123.943000,2983,9,105.220459,920.679012,80.431412,703.774857
278143.594000,6485,1,228.747795,2001.543210,174.856758,1529.996630
278144.186000,289,17,10.194004,89.197531,7.792383,68.183350
278257.859000,1035,71,36.507937,319.444444,27.906977,244.186047
278258.585000,4746,3,167.407407,1464.814815,127.967644,1119.716886
278280.834000,1452,3,51.216931,448.148148,39.150657,342.568251
278323.161000,856,13,30.194004,264.197531,23.080553,201.954837
278323.597000,179,46,6.313933,55.246914,4.826424,42.231210
278395.164000,219,130,7.724868,67.592593,5.904954,51.668352
278502.798000,854,40,30.123457,263.580247,23.026626,201.482979
278507.304000,888,11,31.322751,274.074074,23.943377,209.504550
278512.927000,4746,1,167.407407,1464.814815,127.967644,1119.716886
278529.901000,1892,14,66.737213,583.950617,51.014493,446.376812
278573.802000,180,3,6.349206,55.555556,4.853387,42.467139
278620.741000,1595,1,56.261023,492.283951,43.006404,376.306033
278640.960000,6485,1,228.747795,2001.543210,174.856758,1529.996630
278641.524000,988,63,34.850088,304.938272,26.639703,233.097405
278757.385000,336,3,11.851852,103.703704,9.059656,79.271992
278757.826000,1168,6,41.199295,360.493827,31.493091,275.564543
278767.643000,2925,30,103.174603,902.777778,78.867543,690.091001
278768.133000,4746,1,167.407407,1464.814815,127.967644,1119.716886
278823.113000,856,13,30.194004,264.197531,23.080553,201.954837
278871.355000,5496,2,193.862434,1696.296296,148.190091,1296.663296
278872.347000,2984,8,105.255732,920.987654,80.458375,704.010785
279007.174000,888,14,31.322751,274.074074,23.943377,209.504550
279008.075000,906,61,31.957672,279.629630,24.428716,213.751264
279013.301000,4746,1,167.407407,1464.814815,127.967644,1119.716886
279014.182000,6581,12,232.134039,2031.172840,177.445231,1552.645770
279072.916000,829,43,29.241623,255.864198,22.352545,195.584766
279147.250000,6407,10,225.996473,1977.469136,172.753623,1511.594203
279250.674000,2059,6,72.627866,635.493827,55.517358,485.776879
279251.973000,4390,3,154.850088,1354.938272,118.368723,1035.726323
279258.134000,4745,1,167.372134,1464.506173,127.940681,1119.480957
279323.492000,857,12,30.229277,264.506173,23.107516,202.190765
279324.152000,2346,94,82.751323,724.074074,63.255814,553.488372
279373.212000,1597,1,56.331570,492.901235,43.060330,376.777890
279392.070000,290,16,10.229277,89.506173,7.819346,68.419279
279507.154000,3832,3,135.167549,1182.716049,103.323222,904.078193
279511.278000,4745,1,167.372134,1464.506173,127.940681,1119.480957
279573.524000,301,5,10.617284,92.901235,8.115942,71.014493
279573.902000,2611,10,92.098765,805.864198,70.401079,616.009437
279640.156000,4392,9,154.920635,1355.555556,118.422649,1036.198180
279757.460000,4390,12,154.850088,1354.938272,118.368723,1035.726323
279822.406000,180,3,6.349206,55.555556,4.853387,42.467139
279824.023000,302,12,10.652557,93.209877,8.142905,71.250421
279891.220000,1811,13,63.880071,558.950617,48.830468,427.266599
280006.904000,1613,58,56.895944,497.839506,43.491743,380.552747
280007.585000,2059,23,72.627866,635.493827,55.517358,485.776879
280073.333000,2611,17,92.098765,805.864198,70.401079,616.009437
280074.630000,3459,2,122.010582,1067.592593,93.265925,816.076845
280125.378000,1599,26,56.402116,493.518519,43.114257,377.249747
280142.093000,6407,1,225.996473,1977.469136,172.753623,1511.594203
280251.016000,6151,40,216.966490,1898.456790,165.851028,1451.196495
280253.111000,4228,100,149.135802,1304.938272,114.000674,997.505898
280256.733000,3832,3,135.167549,1182.716049,103.323222,904.078193
280262.009000,2931,23,103.386243,904.629630,79.029323,691.506572
280322.514000,181,1,6.384480,55.864198,4.880351,42.703067
280324.374000,2348,34,82.821869,724.691358,63.309740,553.960229
280325.342000,2612,16,92.134039,806.172840,70.428042,616.245366
280572.414000,441,2,15.555556,136.111111,11.890799,104.044489
280575.150000,4409,10,155.520282,1360.802469,118.881025,1040.208965
280575.687000,3459,2,122.010582,1067.592593,93.265925,816.076845
280640.844000,163,5,5.749559,50.308642,4.395012,38.456353
280822.492000,181,2,6.384480,55.864198,4.880351,42.703067
280825.027000,2612,1,92.134039,806.172840,70.428042,616.245366
280890.867000,6407,7,225.996473,1977.469136,172.753623,1511.594203
281007.508000,892,1,31.463845,275.308642,24.051230,210.448264
281010.388000,942,16,33.227513,290.740741,25.399393,222.244692
281072.518000,181,2,6.384480,55.864198,4.880351,42.703067
281072.703000,2427,6,85.608466,749.074074,65.439838,572.598584
281075.054000,303,5,10.687831,93.518519,8.169869,71.486350
281141.512000,4395,1,155.026455,1356.481481,118.503539,1036.905966
281256.771000,892,2,31.463845,275.308642,24.051230,210.448264
281262.515000,2613,27,92.169312,806.481481,70.455005,616.481294
281322.530000,3459,2,122.010582,1067.592593,93.265925,816.076845
281391.551000,4395,16,155.026455,1356.481481,118.503539,1036.905966
281394.045000,165,15,5.820106,50.925926,4.448938,38.928210
281497.981000,4391,5,154.885362,1355.246914,118.395686,1035.962251
281506.758000,893,1,31.499118,275.617284,24.078193,210.684193
281579.520000,2429,2,85.679012,749.691358,65.493765,573.070442
281581.798000,303,5,10.687831,93.518519,8.169869,71.486350
281595.660000,304,4,10.723104,93.827160,8.196832,71.722278
281641.058000,4395,1,155.026455,1356.481481,118.503539,1036.905966
281757.233000,1170,9,41.269841,361.111111,31.547017,276.036400
281761.906000,2613,24,92.169312,806.481481,70.455005,616.481294
281779.299000,1504,8,53.051146,464.197531,40.552747,354.836535
281823.149000,450,1,15.873016,138.888889,12.133468,106.167846
282007.506000,2613,1,92.169312,806.481481,70.455005,616.481294
282073.138000,2310,14,81.481481,712.962963,62.285137,544.994944
282075.078000,2553,2,90.052910,787.962963,68.837209,602.325581
282075.707000,304,4,10.723104,93.827160,8.196832,71.722278
282123.333000,3412,15,120.352734,1053.086420,91.998652,804.988204
282259.822000,2094,6,73.862434,646.296296,56.461072,494.034378
282282.353000,7687,37,271.146384,2372.530864,207.266599,1813.582744
282391.444000,1058,16,37.319224,326.543210,28.527132,249.612403
282391.691000,1100,3,38.800705,339.506173,29.659589,259.521402
282507.621000,1170,6,41.269841,361.111111,31.547017,276.036400
282507.946000,894,2,31.534392,275.925926,24.105157,210.920121
282508.209000,859,364,30.299824,265.123457,23.161443,202.662622
282515.789000,2614,52,92.204586,806.790123,70.481968,616.717223
282574.559000,448,21,15.802469,138.271605,12.079542,105.695989
282576.068000,4410,20,155.555556,1361.111111,118.907988,1040.444894
282576.622000,306,4,10.793651,94.444444,8.250758,72.194135
282627.066000,7679,1,270.864198,2370.061728,207.050893,1811.695315
282757.125000,2614,1,92.204586,806.790123,70.481968,616.717223
282759.493000,4239,165,149.523810,1308.333333,114.297270,1000.101112
282777.151000,1985,9,70.017637,612.654321,53.522076,468.318166
282822.630000,7682,6,270.970018,2370.987654,207.131783,1812.403101
282891.930000,1100,3,38.800705,339.506173,29.659589,259.521402
282892.732000,3275,15,115.520282,1010.802469,88.304685,772.665993
282996.849000,1186,68,41.834215,366.049383,31.978429,279.811257
283014.830000,2614,1,92.204586,806.790123,70.481968,616.717223
283014.995000,942,28,33.227513,290.740741,25.399393,222.244692
283015.075000,2092,11,73.791887,645.679012,56.407145,493.562521
283147.291000,1064,14,37.530864,328.395062,28.688911,251.027974
283256.263000,343,3,12.098765,105.864198,9.248399,80.923492
283258.913000,2194,1,77.389771,677.160494,59.157398,517.627233
283259.559000,2614,1,92.204586,806.790123,70.481968,616.717223
283322.263000,450,2,15.873016,138.888889,12.133468,106.167846
283323.239000,305,3,10.758377,94.135802,8.223795,71.958207
283324.555000,2352,24,82.962963,725.925926,63.417594,554.903943
283375.893000,7677,2,270.793651,2369.444444,206.996967,1811.223458
283395.449000,2194,12,77.389771,677.160494,59.157398,517.627233
283504.460000,4391,6,154.885362,1355.246914,118.395686,1035.962251
283504.521000,4908,8,173.121693,1514.814815,132.335693,1157.937310
283507.619000,893,3,31.499118,275.617284,24.078193,210.684193
283529.659000,2267,1,79.964727,699.691358,61.125716,534.850017
283530.950000,2354,3,83.033510,726.543210,63.471520,555.375800
283572.935000,305,6,10.758377,94.135802,8.223795,71.958207
283745.517000,1439,10,50.758377,444.135802,38.800135,339.501180
283756.804000,1172,1,41.340388,361.728395,31.600944,276.508257
283757.578000,497,7,17.530864,153.395062,13.400741,117.256488
283822.129000,451,1,15.908289,139.197531,12.160431,106.403775
283890.658000,2929,9,103.315697,904.012346,78.975396,691.034715
283997.539000,4042,1,142.574956,1247.530864,108.985507,953.623188
283997.783000,1905,12,67.195767,587.962963,51.365015,449.443883
284010.506000,2614,127,92.204586,806.790123,70.481968,616.717223
284072.764000,4477,1,157.918871,1381.790123,120.714526,1056.252107
284261.537000,2615,1,92.239859,807.098765,70.508932,616.953151
284285.703000,845,6,29.805996,260.802469,22.783957,199.359623
284322.215000,451,1,15.908289,139.197531,12.160431,106.403775
284323.571000,3018,1,106.455026,931.481481,81.375126,712.032356
284377.145000,1609,25,56.754850,496.604938,43.383889,379.609033
284378.338000,1454,12,51.287478,448.765432,39.204584,343.040108
284517.669000,2615,5,92.239859,807.098765,70.508932,616.953151
284518.718000,2095,3,73.897707,646.604938,56.488035,494.270307
284528.887000,2268,4,80.000000,700.000000,61.152679,535.085945
284528.929000,1339,12,47.231041,413.271605,36.103809,315.908325
284756.389000,917,110,32.345679,283.024691,24.725312,216.346478
284759.156000,2942,15,103.774250,908.024691,79.325918,694.101786
284822.409000,314,3,11.075838,96.913580,8.466464,74.081564
284878.097000,7307,4,257.742504,2255.246914,197.020559,1723.929896
285002.085000,4042,22,142.574956,1247.530864,108.985507,953.623188
285013.472000,950,111,33.509700,293.209877,25.615099,224.132120
285030.017000,846,7,29.841270,261.111111,22.810920,199.595551
285072.352000,2526,1,89.100529,779.629630,68.109201,595.955511
285074.183000,314,6,11.075838,96.913580,8.466464,74.081564
285074.415000,3026,2,106.737213,933.950617,81.590832,713.919784
285133.654000,222,25,7.830688,68.518519,5.985844,52.376138
285153.620000,3263,2,115.097002,1007.098765,87.981126,769.834850
285259.096000,4909,15,173.156966,1515.123457,132.362656,1158.173239
285265.354000,918,19,32.380952,283.333333,24.752275,216.582406
285269.624000,950,6,33.509700,293.209877,25.615099,224.132120
285377.799000,3731,24,131.604938,1151.543210,100.599933,880.249410
285394.172000,1919,809,67.689594,592.283951,51.742501,452.746882
285395.017000,1465,76,51.675485,452.160494,39.501180,345.635322
285506.960000,1252,5,44.162257,386.419753,33.758005,295.382541
285529.460000,847,6,29.876543,261.419753,22.837883,199.831480
285574.255000,3020,17,106.525573,932.098765,81.429053,712.504213
285622.047000,222,97,7.830688,68.518519,5.985844,52.376138
285644.551000,1064,14,37.530864,328.395062,28.688911,251.027974
285751.011000,1906,49,67.231041,588.271605,51.391978,449.679811
285757.847000,290,20,10.229277,89.506173,7.819346,68.419279
285765.122000,2573,2,90.758377,794.135802,69.376475,607.044152
285766.343000,2616,169,92.275132,807.407407,70.535895,617.189080
285766.917000,950,6,33.509700,293.209877,25.615099,224.132120
286029.700000,1988,4,70.123457,613.580247,53.602966,469.025952
286072.224000,182,82,6.419753,56.172840,4.907314,42.938996
286122.062000,7307,12,257.742504,2255.246914,197.020559,1723.929896
286150.159000,4074,36,143.703704,1257.407407,109.848332,961.172902
286151.318000,3233,13,114.038801,997.839506,87.172228,762.756994
286153.521000,165,18,5.820106,50.925926,4.448938,38.928210
286373.273000,223,1,7.865961,68.827160,6.012808,52.612066
286398.829000,3823,1,134.850088,1179.938272,103.080553,901.954837
286399.340000,2931,5,103.386243,904.629630,79.029323,691.506572
286401.436000,7549,32,266.278660,2329.938272,203.545669,1781.024604
286504.201000,4239,1,149.523810,1308.333333,114.297270,1000.101112
286506.855000,156,4,5.502646,48.148148,4.206269,36.804853
286513.287000,2572,3,90.723104,793.827160,69.349511,606.808224
286513.624000,2933,12,103.456790,905.246914,79.083249,691.978429
286577.112000,266,8,9.382716,82.098765,7.172228,62.756994
286620.887000,223,7,7.865961,68.827160,6.012808,52.612066
286621.058000,2831,12,99.858907,873.765432,76.332996,667.913718
286643.794000,1844,17,65.044092,569.135802,49.720256,435.052241
286644.279000,3266,1,115.202822,1008.024691,88.062016,770.542636
286758.976000,7687,29,271.146384,2372.530864,207.266599,1813.582744
286778.206000,854,1,30.123457,263.580247,23.026626,201.482979
287001.961000,1325,12,46.737213,408.950617,35.726323,312.605325
287010.565000,2573,2,90.758377,794.135802,69.376475,607.044152
287122.207000,1489,2,52.522046,459.567901,40.148298,351.297607
287143.823000,3266,3,115.202822,1008.024691,88.062016,770.542636
287144.414000,2197,4,77.495591,678.086420,59.238288,518.335019
287249.082000,1612,400,56.860670,497.530864,43.464779,380.316818
287276.878000,3098,5,109.276896,956.172840,83.532187,730.906640
287328.657000,293,13,10.335097,90.432099,7.900236,69.127064
287329.398000,859,13,30.299824,265.123457,23.161443,202.662622
287372.410000,2768,81,97.636684,854.320988,74.634311,653.050219
287392.224000,3823,1,134.850088,1179.938272,103.080553,901.954837
287622.790000,7680,1,270.899471,2370.370370,207.077856,1811.931244
287750.199000,5227,7,184.373898,1613.271605,140.936973,1233.198517
287752.632000,2062,4,72.733686,636.419753,55.598247,486.484665
287875.350000,2246,33,79.223986,693.209877,60.559488,529.895517
287894.661000,2932,21,103.421517,904.938272,79.056286,691.742501
287999.168000,7672,5,270.617284,2367.901235,206.862150,1810.043815
288078.761000,2830,11,99.823633,873.456790,76.306033,667.677789
288079.889000,293,13,10.335097,90.432099,7.900236,69.127064
288080.286000,3019,1,106.490300,931.790123,81.402090,712.268284
288082.640000,1108,3,39.082892,341.975309,29.875295,261.408830
288122.540000,2771,1,97.742504,855.246914,74.715201,653.758005
288127.891000,651,4,22.962963,200.925926,17.553084,153.589484
288146.335000,6952,3,245.220459,2145.679012,187.448601,1640.175261
288147.278000,329,5,11.604938,101.543210,8.870913,77.620492
288250.923000,2062,16,72.733686,636.419753,55.598247,486.484665
288268.488000,1849,3,65.220459,570.679012,49.855072,436.231884
288268.960000,1649,2,58.165785,508.950617,44.462420,389.046175
288283.337000,1338,2,47.195767,412.962963,36.076845,315.672396
288393.920000,2932,4,103.421517,904.938272,79.056286,691.742501
288576.397000,3019,16,106.490300,931.790123,81.402090,712.268284
288577.355000,293,13,10.335097,90.432099,7.900236,69.127064
288621.523000,2771,7,97.742504,855.246914,74.715201,653.758005
288743.200000,4394,9,154.991182,1356.172840,118.476576,1036.670037
288769.061000,341,6,12.028219,105.246914,9.194473,80.451635
288777.446000,3470,1,122.398589,1070.987654,93.562521,818.672059
288778.530000,4068,15,143.492063,1255.555556,109.686552,959.757331
288779.352000,1649,1,58.165785,508.950617,44.462420,389.046175
288785.233000,3053,49,107.689594,942.283951,82.318841,720.289855
288789.543000,4008,191,141.375661,1237.037037,108.068756,945.601618
288824.191000,3019,1,106.490300,931.790123,81.402090,712.268284
288871.651000,32,13,1.128748,9.876543,0.862824,7.549714
288895.729000,2932,4,103.421517,904.938272,79.056286,691.742501
288996.096000,6,20,0.211640,1.851852,0.161780,1.415571
289018.324000,1175,163,41.446208,362.654321,31.681834,277.216043
289019.163000,1253,47,44.197531,386.728395,33.784968,295.618470
289024.942000,7687,37,271.146384,2372.530864,207.266599,1813.582744
289032.916000,3058,1,107.865961,943.827160,82.453657,721.469498
289035.077000,1989,6,70.158730,613.888889,53.629929,469.261881
289121.607000,7681,8,270.934744,2370.679012,207.104820,1812.167172
289124.064000,7679,6,270.864198,2370.061728,207.050893,1811.695315
289265.900000,342,2,12.063492,105.555556,9.221436,80.687563
289266.693000,497,9,17.530864,153.395062,13.400741,117.256488
289274.309000,1389,12,48.994709,428.703704,37.451972,327.704752
289276.043000,2146,9,75.696649,662.345679,57.863161,506.302663
289285.869000,1341,9,47.301587,413.888889,36.157735,316.380182
289287.671000,1989,6,70.158730,613.888889,53.629929,469.261881
289394.697000,31,13,1.093474,9.567901,0.835861,7.313785
289520.490000,342,5,12.063492,105.555556,9.221436,80.687563
289535.246000,1343,32,47.372134,414.506173,36.211662,316.852039
289537.237000,1866,9,65.820106,575.925926,50.313448,440.242669
289577.860000,1328,3,46.843034,409.876543,35.807213,313.313111
289621.518000,2996,140,105.679012,924.691358,80.781935,706.841928
289645.768000,31,10,1.093474,9.567901,0.835861,7.313785
289646.000000,1827,14,64.444444,563.888889,49.261881,431.041456
289766.170000,1178,49,41.552028,363.580247,31.762723,277.923829
289771.559000,2148,1,75.767196,662.962963,57.917088,506.774520
289772.749000,2148,14,75.767196,662.962963,57.917088,506.774520
289826.116000,2979,4,105.079365,919.444444,80.323559,702.831143
289827.200000,7682,9,270.970018,2370.987654,207.131783,1812.403101
289871.266000,5626,10,198.447972,1736.419753,151.695315,1327.334007
289894.406000,3275,1,115.520282,1010.802469,88.304685,772.665993
289895.258000,33,9,1.164021,10.185185,0.889788,7.785642
290018.737000,2148,14,75.767196,662.962963,57.917088,506.774520
290019.547000,2148,1,75.767196,662.962963,57.917088,506.774520
290020.132000,4068,31,143.492063,1255.555556,109.686552,959.757331
290020.392000,2148,14,75.767196,662.962963,57.917088,506.774520
290028.947000,855,2,30.158730,263.888889,23.053589,201.718908
290076.179000,3021,15,106.560847,932.407407,81.456016,712.740142
290076.579000,2979,4,105.079365,919.444444,80.323559,702.831143
290125.916000,5627,1,198.483245,1736.728395,151.722278,1327.569936
290146.748000,1693,3,59.717813,522.530864,45.648804,399.427031
290147.219000,2936,9,103.562610,906.172840,79.164139,692.686215
290147.709000,3774,14,133.121693,1164.814815,101.759353,890.394338
290242.673000,1817,2,64.091711,560.802469,48.992248,428.682171
290267.763000,2148,14,75.767196,662.962963,57.917088,506.774520
290326.901000,1330,28,46.913580,410.493827,35.861139,313.784968
290373.962000,3080,13,108.641975,950.617284,83.046849,726.659926
290514.961000,2148,14,75.767196,662.962963,57.917088,506.774520
290515.389000,2574,1,90.793651,794.444444,69.403438,607.280081
290515.988000,2149,12,75.802469,663.271605,57.944051,507.010448
290537.712000,1388,14,48.959436,428.395062,37.425008,327.468824
290579.083000,3563,3,125.679012,1099.691358,96.070104,840.613414
290649.528000,3234,11,114.074074,998.148148,87.199191,762.992922
290653.411000,3266,16,115.202822,1008.024691,88.062016,770.542636
290767.265000,2149,12,75.802469,663.271605,57.944051,507.010448
290779.278000,855,2,30.158730,263.888889,23.053589,201.718908
290828.205000,2548,1,89.876543,786.419753,68.702393,601.145939
290831.980000,1330,28,46.913580,410.493827,35.861139,313.784968
290897.988000,1694,2,59.753086,522.839506,45.675767,399.662959
290901.123000,31,13,1.093474,9.567901,0.835861,7.313785
291014.903000,4094,1,144.409171,1263.580247,110.387597,965.891473
291015.203000,2149,1,75.802469,663.271605,57.944051,507.010448
291016.240000,2149,12,75.802469,663.271605,57.944051,507.010448
291028.140000,1142,12,40.282187,352.469136,30.792046,269.430401
291028.719000,2409,1,84.973545,743.518519,64.954499,568.351871
291078.848000,444,190,15.661376,137.037037,11.971689,104.752275
291122.473000,5628,16,198.518519,1737.037037,151.749242,1327.805865
291145.072000,7684,17,271.040564,2371.604938,207.185709,1812.874958
291266.133000,7613,14,268.536155,2349.691358,205.271318,1796.124031
291266.797000,2093,4,73.827160,645.987654,56.434109,493.798450
291372.187000,1758,10,62.010582,542.592593,47.401416,414.762386
291393.198000,31,13,1.093474,9.567901,0.835861,7.313785
291393.301000,327,7,11.534392,100.925926,8.816987,77.148635
291514.603000,2747,17,96.895944,847.839506,74.068082,648.095720
291514.809000,2617,1112,92.310406,807.716049,70.562858,617.425008
291514.986000,4094,13,144.409171,1263.580247,110.387597,965.891473
291579.430000,294,24,10.370370,90.740741,7.927199,69.362993
291643.250000,2938,1,103.633157,906.790123,79.218065,693.158072
291765.651000,2949,20,104.021164,910.185185,79.514661,695.753286
291778.285000,1760,8,62.081129,543.209877,47.455342,415.234243
291779.423000,866,2,30.546737,267.283951,23.350185,204.314122
291835.376000,3355,2,118.342152,1035.493827,90.461746,791.540276
291835.765000,2351,1,82.927690,725.617284,63.390630,554.668015
291835.877000,3082,1,108.712522,951.234568,83.100775,727.131783
291872.237000,5628,1,198.518519,1737.037037,151.749242,1327.805865
291899.951000,1066,7,37.601411,329.012346,28.742838,251.499831
291900.836000,3235,11,114.109347,998.456790,87.226154,763.228851
292019.559000,921,13,32.486772,284.259259,24.833165,217.290192
292028.262000,2098,37,74.003527,647.530864,56.568925,494.978092
292029.354000,2106,1,74.285714,650.000000,56.784631,496.865521
292029.897000,807,6,28.465608,249.074074,21.759353,190.394338
292029.982000,2618,13,92.345679,808.024691,70.589821,617.660937
292031.165000,2268,3,80.000000,700.000000,61.152679,535.085945
292125.289000,1159,1,40.881834,357.716049,31.250421,273.441186
292145.135000,2938,4,103.633157,906.790123,79.218065,693.158072
292145.233000,3774,1,133.121693,1164.814815,101.759353,890.394338
292145.891000,16,2,0.564374,4.938272,0.431412,3.774857
292262.965000,1071,6,37.777778,330.555556,28.877654,252.679474
292267.162000,2747,19,96.895944,847.839506,74.068082,648.095720
292334.282000,3457,5,121.940035,1066.975309,93.211999,815.604988
292334.567000,2351,12,82.927690,725.617284,63.390630,554.668015
292494.803000,895,37,31.569665,276.234568,24.132120,211.156050
292529.967000,3113,3,109.805996,960.802469,83.936636,734.445568
292587.008000,443,502,15.626102,136.728395,11.944725,104.516346
292589.616000,3458,3,121.975309,1067.283951,93.238962,815.840917
292625.413000,5630,1,198.589065,1737.654321,151.803168,1328.277722
292744.122000,328,9,11.569665,101.234568,8.843950,77.384564
292829.088000,452,9,15.943563,139.506173,12.187395,106.639703
292830.600000,3459,7,122.010582,1067.592593,93.265925,816.076845
292831.835000,1331,8,46.948854,410.802469,35.888102,314.020897
292871.203000,1940,2,68.430335,598.765432,52.308729,457.701382
292899.617000,3835,3,135.273369,1183.641975,103.404112,904.785979
292902.322000,3235,7,114.109347,998.456790,87.226154,763.228851
292903.669000,38,14,1.340388,11.728395,1.024604,8.965285
292997.214000,1209,2,42.645503,373.148148,32.598584,285.237614
292998.119000,1880,3,66.313933,580.246914,50.690934,443.545669
293036.494000,3048,44,107.513228,940.740741,82.184024,719.110212
293039.035000,1989,6,70.158730,613.888889,53.629929,469.261881
293077.115000,3019,4,106.490300,931.790123,81.402090,712.268284
293146.431000,2939,17,103.668430,907.098765,79.245029,693.394001
293147.003000,3776,12,133.192240,1165.432099,101.813279,890.866195
293245.144000,1314,1,46.349206,405.555556,35.429727,310.010111
293257.735000,934,5,32.945326,288.271605,25.183687,220.357263
293329.034000,294,20,10.370370,90.740741,7.927199,69.362993
293333.104000,3459,7,122.010582,1067.592593,93.265925,816.076845
293404.512000,328,1,11.569665,101.234568,8.843950,77.384564
293512.825000,807,6,28.465608,249.074074,21.759353,190.394338
293513.725000,4740,1,167.195767,1462.962963,127.805865,1118.301314
293532.544000,3116,66,109.911817,961.728395,84.017526,735.153354
293532.594000,2268,3,80.000000,700.000000,61.152679,535.085945
293583.087000,5211,9,183.809524,1608.333333,140.505561,1229.423660
293584.278000,869,3,30.652557,268.209877,23.431075,205.021908
293584.390000,188,12,6.631393,58.024691,5.069093,44.354567
293587.829000,3084,4,108.783069,951.851852,83.154702,727.603640
293621.958000,5651,1,199.329806,1744.135802,152.369397,1333.232221
293622.273000,531,8,18.730159,163.888889,14.317492,125.278059
293652.326000,1038,3,36.613757,320.370370,27.987867,244.893832
293654.304000,2939,4,103.668430,907.098765,79.245029,693.394001
293657.246000,3541,5,124.902998,1092.901235,95.476913,835.422986
293658.872000,328,20,11.569665,101.234568,8.843950,77.384564
293754.538000,896,46,31.604938,276.543210,24.159083,211.391978
293763.684000,262,5,9.241623,80.864198,7.064375,61.813279
293769.672000,4098,30,144.550265,1264.814815,110.495450,966.835187
293780.737000,1990,5,70.194004,614.197531,53.656892,469.497809
293835.641000,3019,1,106.490300,931.790123,81.402090,712.268284
293837.092000,1565,76,55.202822,483.024691,42.197506,369.228177
293840.442000,3459,7,122.010582,1067.592593,93.265925,816.076845
293840.678000,1330,10,46.913580,410.493827,35.861139,313.784968
293872.320000,6998,5,246.843034,2159.876543,188.688911,1651.027974
293894.541000,913,92,32.204586,281.790123,24.617459,215.402764
293895.197000,1037,3,36.578483,320.061728,27.960903,244.657904
293996.322000,1920,3,67.724868,592.592593,51.769464,452.982811
294010.647000,135,6,4.761905,41.666667,3.640040,31.850354
294014.764000,807,6,28.465608,249.074074,21.759353,190.394338
294082.656000,295,16,10.405644,91.049383,7.954162,69.598921
294121.451000,531,8,18.730159,163.888889,14.317492,125.278059
294256.945000,4254,9,150.052910,1312.962963,114.701719,1003.640040
294332.922000,2552,3,90.017637,787.654321,68.810246,602.089653
294375.033000,6998,14,246.843034,2159.876543,188.688911,1651.027974
294402.271000,1809,3,63.809524,558.333333,48.776542,426.794742
294403.139000,1066,8,37.601411,329.012346,28.742838,251.499831
294499.937000,898,34,31.675485,277.160494,24.213010,211.863836
294532.662000,3118,5,109.982363,962.345679,84.071453,735.625211
294534.717000,2876,34,101.446208,887.654321,77.546343,678.530502
294587.335000,1278,9,45.079365,394.444444,34.459050,301.516684
294587.572000,869,8,30.652557,268.209877,23.431075,205.021908
294591.647000,3458,4,121.975309,1067.283951,93.238962,815.840917
294621.099000,1411,20,49.770723,435.493827,38.045163,332.895180
294762.450000,308,21,10.864198,95.061728,8.304685,72.665993
294766.787000,2574,46,90.793651,794.444444,69.403438,607.280081
294767.420000,4099,27,144.585538,1265.123457,110.522413,967.071116
294831.797000,3021,1,106.560847,932.407407,81.456016,712.740142
294832.175000,869,1,30.652557,268.209877,23.431075,205.021908
294837.125000,2354,12,83.033510,726.543210,63.471520,555.375800
294901.809000,329,1,11.604938,101.543210,8.870913,77.620492
295005.566000,3412,2,120.352734,1053.086420,91.998652,804.988204
295014.931000,308,16,10.864198,95.061728,8.304685,72.665993
295020.023000,4733,1,166.948854,1460.802469,127.617122,1116.649815
295083.163000,3021,16,106.560847,932.407407,81.456016,712.740142
295083.283000,455,9,16.049383,140.432099,12.268284,107.347489
295083.395000,869,8,30.652557,268.209877,23.431075,205.021908
295086.835000,2548,264,89.876543,786.419753,68.702393,601.145939
295147.915000,4069,147,143.527337,1255.864198,109.713515,959.993259
295149.374000,1067,4,37.636684,329.320988,28.769801,251.735760
295251.953000,1847,26,65.149912,570.061728,49.801146,435.760027
295254.583000,898,37,31.675485,277.160494,24.213010,211.863836
295265.772000,4733,1,166.948854,1460.802469,127.617122,1116.649815
295267.376000,2103,39,74.179894,649.074074,56.703741,496.157735
295277.181000,3024,8,106.666667,933.333333,81.536906,713.447927
295332.739000,2551,6,89.982363,787.345679,68.783283,601.853724
295336.212000,2354,8,83.033510,726.543210,63.471520,555.375800
295337.035000,3459,5,122.010582,1067.592593,93.265925,816.076845
295393.387000,330,19,11.640212,101.851852,8.897877,77.856421
295506.707000,4402,9,155.273369,1358.641975,118.692282,1038.557465
295529.992000,3024,12,106.666667,933.333333,81.536906,713.447927
295585.085000,869,8,30.652557,268.209877,23.431075,205.021908
295586.440000,2550,7,89.947090,787.037037,68.756320,601.617796
295589.972000,3459,2,122.010582,1067.592593,93.265925,816.076845
295644.533000,2941,3,103.738977,907.716049,79.298955,693.865858
295646.126000,1067,12,37.636684,329.320988,28.769801,251.735760
295756.785000,4213,1,148.606702,1300.308642,113.596225,993.966970
295758.982000,4101,1,144.656085,1265.740741,110.576340,967.542973
295783.003000,3025,7,106.701940,933.641975,81.563869,713.683856
295837.545000,849,13,29.947090,262.037037,22.891810,200.303337
295879.619000,3412,17,120.352734,1053.086420,91.998652,804.988204
295898.356000,15,5,0.529101,4.629630,0.404449,3.538928
295899.272000,3777,10,133.227513,1165.740741,101.840243,891.102123
295901.553000,91,5,3.209877,28.086420,2.453657,21.469498
296003.254000,1221,3,43.068783,376.851852,32.922144,288.068756
296010.965000,7686,1,271.111111,2372.222222,207.239636,1813.346815
296028.069000,4213,3,148.606702,1300.308642,113.596225,993.966970
296089.525000,1261,8,44.479718,389.197531,34.000674,297.505898
296147.954000,566,14,19.964727,174.691358,15.261207,133.535558
296150.158000,331,22,11.675485,102.160494,8.924840,78.092349
296253.539000,1922,43,67.795414,593.209877,51.823391,453.454668
296259.193000,2577,37,90.899471,795.370370,69.484328,607.987867
296276.871000,3026,6,106.737213,933.950617,81.590832,713.919784
296277.050000,2938,35,103.633157,906.790123,79.218065,693.158072
296278.228000,380,13,13.403880,117.283951,10.246040,89.652848
296335.475000,445,663,15.696649,137.345679,11.998652,104.988204
296336.211000,3015,7,106.349206,930.555556,81.294237,711.324570
296341.533000,1262,6,44.514991,389.506173,34.027637,297.741827
296341.689000,2354,131,83.033510,726.543210,63.471520,555.375800
296501.417000,567,121,20.000000,175.000000,15.288170,133.771486
296503.879000,899,28,31.710758,277.469136,24.239973,212.099764
296506.701000,266,1,9.382716,82.098765,7.172228,62.756994
296509.843000,2106,29,74.285714,650.000000,56.784631,496.865521
296526.966000,3027,1,106.772487,934.259259,81.617796,714.155713
296586.530000,1567,89,55.273369,483.641975,42.251432,369.700034
296588.607000,2354,48,83.033510,726.543210,63.471520,555.375800
296589.720000,652,4,22.998236,201.234568,17.580047,153.825413
296591.127000,2554,24,90.088183,788.271605,68.864173,602.561510
296629.237000,227,4,8.007055,70.061728,6.120661,53.555780
296640.900000,92,4,3.245150,28.395062,2.480620,21.705426
296750.471000,898,187,31.675485,277.160494,24.213010,211.863836
296758.808000,2577,39,90.899471,795.370370,69.484328,607.987867
296759.026000,7681,27,270.934744,2370.679012,207.104820,1812.167172
296828.765000,1567,20,55.273369,483.641975,42.251432,369.700034
296894.775000,2017,2,71.146384,622.530864,54.384901,475.867880
297007.750000,266,3,9.382716,82.098765,7.172228,62.756994
297027.782000,3027,7,106.772487,934.259259,81.617796,714.155713
297079.260000,3591,1,126.666667,1108.333333,96.825076,847.219414
297079.549000,187,1,6.596120,57.716049,5.042130,44.118638
297081.418000,3459,6,122.010582,1067.592593,93.265925,816.076845
297144.745000,331,1,11.675485,102.160494,8.924840,78.092349
297145.397000,331,2,11.675485,102.160494,8.924840,78.092349
297253.126000,1922,26,67.795414,593.209877,51.823391,453.454668
297256.693000,900,3,31.746032,277.777778,24.266936,212.335693
297276.747000,3027,1,106.772487,934.259259,81.617796,714.155713
297328.007000,3013,14,106.278660,929.938272,81.240310,710.852713
297329.708000,1340,12,47.266314,413.580247,36.130772,316.144253
297375.715000,7311,8,257.883598,2256.481481,197.128413,1724.873610
297376.450000,533,7,18.800705,164.506173,14.371419,125.749916
297396.224000,4125,9,145.502646,1273.148148,111.223458,973.205258
297508.643000,1852,7,65.326279,571.604938,49.935962,436.939670
297516.625000,331,1,11.675485,102.160494,8.924840,78.092349
297583.545000,187,10,6.596120,57.716049,5.042130,44.118638
297587.992000,2288,3,80.705467,706.172840,61.691945,539.804516
297650.370000,1794,16,63.280423,553.703704,48.372093,423.255814
297757.879000,1220,5,43.033510,376.543210,32.895180,287.832828
297760.882000,4405,3,155.379189,1359.567901,118.773172,1039.265251
297776.809000,380,13,13.403880,117.283951,10.246040,89.652848
297830.541000,187,10,6.596120,57.716049,5.042130,44.118638
297833.345000,2556,49,90.158730,788.888889,68.918099,603.033367
297902.665000,923,13,32.557319,284.876543,24.887091,217.762049
297903.514000,332,8,11.710758,102.469136,8.951803,78.328278
298008.306000,901,64,31.781305,278.086420,24.293900,212.571621
298009.691000,7680,15,270.899471,2370.370370,207.077856,1811.931244
298009.708000,4104,14,144.761905,1266.666667,110.657230,968.250758
298028.940000,3027,3,106.772487,934.259259,81.617796,714.155713
298079.388000,189,58,6.666667,58.333333,5.096057,44.590495
298081.570000,2288,3,80.705467,706.172840,61.691945,539.804516
298130.365000,3030,3,106.878307,935.185185,81.698686,714.863498
298142.839000,3786,201,133.544974,1168.518519,102.082912,893.225480
298252.314000,903,13,31.851852,278.703704,24.347826,213.043478
298276.829000,242,1,8.536155,74.691358,6.525110,57.094708
298278.292000,2028,25,71.534392,625.925926,54.681496,478.463094
298378.391000,3030,4,106.878307,935.185185,81.698686,714.863498
298391.346000,1648,7,58.130511,508.641975,44.435457,388.810246
298507.504000,269,1,9.488536,83.024691,7.253118,63.464779
298513.104000,4104,17,144.761905,1266.666667,110.657230,968.250758
298577.037000,189,8,6.666667,58.333333,5.096057,44.590495
298640.541000,1792,16,63.209877,553.086420,48.318166,422.783957
298641.812000,332,8,11.710758,102.469136,8.951803,78.328278
298752.515000,331,4,11.675485,102.160494,8.924840,78.092349
298833.723000,2981,3,105.149912,920.061728,80.377486,703.303000
298833.844000,463,1,16.331570,142.901235,12.483991,109.234917
298835.935000,1729,13,60.987654,533.641975,46.619481,407.920458
298890.641000,1648,21,58.130511,508.641975,44.435457,388.810246
299009.132000,352,32,12.416226,108.641975,9.491068,83.046849
299014.367000,4105,26,144.797178,1266.975309,110.684193,968.486687
299084.757000,3459,6,122.010582,1067.592593,93.265925,816.076845
299147.139000,333,23,11.746032,102.777778,8.978766,78.564206
299148.241000,1648,21,58.130511,508.641975,44.435457,388.810246
299249.219000,1922,18,67.795414,593.209877,51.823391,453.454668
299328.744000,190,7,6.701940,58.641975,5.123020,44.826424
299374.849000,7313,4,257.954145,2257.098765,197.182339,1725.345467
299391.369000,2122,16,74.850088,654.938272,57.216043,500.640377
299499.588000,905,1,31.922399,279.320988,24.401753,213.515335
299500.609000,4407,2,155.449735,1360.185185,118.827098,1039.737108
299506.816000,1186,1,41.834215,366.049383,31.978429,279.811257
299527.017000,1766,4,62.292769,545.061728,47.617122,416.649815
299580.515000,2562,171,90.370370,790.740741,69.079879,604.448938
299627.718000,5943,36,209.629630,1834.259259,160.242669,1402.123357
299640.391000,2019,13,71.216931,623.148148,54.438827,476.339737
299641.065000,335,1,11.816578,103.395062,9.032693,79.036063
299776.888000,3119,10,110.017637,962.654321,84.098416,735.861139
299777.500000,1766,2,62.292769,545.061728,47.617122,416.649815
299890.400000,1652,10,58.271605,509.876543,44.543310,389.753960
299890.931000,335,1,11.816578,103.395062,9.032693,79.036063
299994.199000,4408,1,155.485009,1360.493827,118.854061,1039.973037
300008.376000,1186,2,41.834215,366.049383,31.978429,279.811257
300009.285000,137,8,4.832451,42.283951,3.693967,32.322211
300016.807000,1648,2,58.130511,508.641975,44.435457,388.810246
300076.136000,2288,13,80.705467,706.172840,61.691945,539.804516
300076.546000,3585,13,126.455026,1106.481481,96.663296,845.803842
300130.165000,534,5,18.835979,164.814815,14.398382,125.985844
300142.112000,923,24,32.557319,284.876543,24.887091,217.762049
300243.795000,332,21,11.710758,102.469136,8.951803,78.328278
300244.748000,1190,13,41.975309,367.283951,32.086282,280.754971
300245.667000,903,22,31.851852,278.703704,24.347826,213.043478
300277.354000,140,8,4.938272,43.209877,3.774857,33.029997
300392.548000,335,21,11.816578,103.395062,9.032693,79.036063
300500.259000,903,19,31.851852,278.703704,24.347826,213.043478
300507.062000,930,9,32.804233,287.037037,25.075834,219.413549
300510.252000,4105,172,144.797178,1266.975309,110.684193,968.486687
300625.947000,1941,103,68.465608,599.074074,52.335693,457.937310
300642.303000,1655,73,58.377425,510.802469,44.624200,390.461746
300747.775000,904,1,31.887125,279.012346,24.374789,213.279407
300756.869000,931,1,32.839506,287.345679,25.102797,219.649478
300783.624000,2029,3,71.569665,626.234568,54.708460,478.699023
300830.010000,952,3,33.580247,293.827160,25.669026,224.603977
300878.286000,228,4,8.042328,70.370370,6.147624,53.791709
300878.868000,432,9,15.238095,133.333333,11.648129,101.921132
300891.831000,1774,3,62.574956,547.530864,47.832828,418.537243
301002.039000,331,21,11.675485,102.160494,8.924840,78.092349
301004.121000,904,67,31.887125,279.012346,24.374789,213.279407
301007.615000,931,1,32.839506,287.345679,25.102797,219.649478
301074.154000,2495,39,88.007055,770.061728,67.273340,588.641726
301246.957000,1322,15,46.631393,408.024691,35.645433,311.897540
301327.006000,197,7,6.948854,60.802469,5.311763,46.477924
301373.069000,228,3,8.042328,70.370370,6.147624,53.791709
301390.699000,1658,3,58.483245,511.728395,44.705089,391.169532
301526.717000,3879,6,136.825397,1197.222222,104.590495,915.166835
301527.264000,2033,2,71.710758,627.469136,54.816313,479.642737
301579.725000,2781,3,98.095238,858.333333,74.984833,656.117290
301641.109000,540,7,19.047619,166.666667,14.560162,127.401416
301642.384000,3289,14,116.014109,1015.123457,88.682171,775.968992
301756.737000,932,3,32.874780,287.654321,25.129761,219.885406
301760.540000,5442,2,191.957672,1679.629630,146.734075,1283.923155
301779.240000,140,1,4.938272,43.209877,3.774857,33.029997
301827.134000,2640,1,93.121693,814.814815,71.183013,622.851365
301828.126000,1729,20,60.987654,533.641975,46.619481,407.920458
301895.356000,895,13,31.569665,276.234568,24.132120,211.156050
301997.858000,905,1,31.922399,279.320988,24.401753,213.515335
302128.864000,7685,18,271.075838,2371.913580,207.212673,1813.110886
302132.270000,1943,4,68.536155,599.691358,52.389619,458.409168
302254.970000,1109,42,39.118166,342.283951,29.902258,261.644759
302257.707000,905,1,31.922399,279.320988,24.401753,213.515335
302277.522000,3880,10,136.860670,1197.530864,104.617459,915.402764
302327.280000,300,5,10.582011,92.592593,8.088979,70.778564
302381.524000,5948,7,209.805996,1835.802469,160.377486,1403.303000
302509.121000,2106,29,74.285714,650.000000,56.784631,496.865521
302641.641000,7686,1,271.111111,2372.222222,207.239636,1813.346815
302758.274000,2587,9,91.252205,798.456790,69.753960,610.347152
302823.757000,2781,3,98.095238,858.333333,74.984833,656.117290
302890.653000,1037,3,36.578483,320.061728,27.960903,244.657904
303278.075000,2790,57,98.412698,861.111111,75.227503,658.240647
303390.761000,1757,3,61.975309,542.283951,47.374452,414.526458
303498.927000,862,9,30.405644,266.049383,23.242332,203.370408
303509.972000,3652,2,128.818342,1127.160494,98.469835,861.611055
303510.285000,2589,16,91.322751,799.074074,69.807887,610.819009
303574.737000,447,72,15.767196,137.962963,12.052578,105.460061
303624.866000,4000,3,141.093474,1234.567901,107.853050,943.714189
303641.330000,332,4,11.710758,102.469136,8.951803,78.328278
303752.323000,862,9,30.405644,266.049383,23.242332,203.370408
303777.080000,4099,66,144.585538,1265.123457,110.522413,967.071116
303825.610000,834,6,29.417989,257.407407,22.487361,196.764408
303881.264000,7218,12,254.603175,2227.777778,194.620829,1702.932255
303881.887000,5950,5,209.876543,1836.419753,160.431412,1403.774857
303891.558000,1247,2,43.985891,384.876543,33.623188,294.202899
304009.975000,1114,18,39.294533,343.827160,30.037074,262.824402
304010.609000,2589,1,91.322751,799.074074,69.807887,610.819009
304077.900000,1367,58,48.218695,421.913580,36.858780,322.514324
304142.957000,1245,4,43.915344,384.259259,33.569262,293.731041
304250.762000,4021,3,141.834215,1241.049383,108.419279,948.668689
304254.191000,1328,13,46.843034,409.876543,35.807213,313.313111
304327.280000,447,1,15.767196,137.962963,12.052578,105.460061
304373.289000,5962,5,210.299824,1840.123457,160.754971,1406.605999
304527.293000,3126,66,110.264550,964.814815,84.287159,737.512639
304530.281000,3884,7,137.001764,1198.765432,104.725312,916.346478
304641.783000,1247,5,43.985891,384.876543,33.623188,294.202899
304757.742000,4408,1,155.485009,1360.493827,118.854061,1039.973037
304825.982000,838,6,29.559083,258.641975,22.595214,197.708123
304873.251000,1565,4,55.202822,483.024691,42.197506,369.228177
304891.521000,1247,3,43.985891,384.876543,33.623188,294.202899
304999.004000,1925,85,67.901235,594.135802,51.904280,454.162454
305001.481000,7129,14,251.463845,2200.308642,192.221099,1681.934614
305001.655000,908,1,32.028219,280.246914,24.482642,214.223121
305123.939000,42,7,1.481481,12.962963,1.132457,9.908999
305143.180000,1248,6,44.021164,385.185185,33.650152,294.438827
305252.344000,4023,1,141.904762,1241.666667,108.473205,949.140546
305253.743000,2452,5,86.490300,756.790123,66.113920,578.496798
305268.651000,2591,30,91.393298,799.691358,69.861813,611.290866
305277.418000,4102,18,144.691358,1266.049383,110.603303,967.778901
305372.762000,4100,1,144.620811,1265.432099,110.549376,967.307044
305392.753000,1254,1,44.232804,387.037037,33.811931,295.854398
305503.497000,4026,1,142.010582,1242.592593,108.554095,949.848332
305527.742000,326,22,11.499118,100.617284,8.790024,76.912706
305579.803000,448,265,15.802469,138.271605,12.079542,105.695989
305580.873000,839,7,29.594356,258.950617,22.622177,197.944051
305623.062000,1564,39,55.167549,482.716049,42.170543,368.992248
305625.014000,229,2,8.077601,70.679012,6.174587,54.027637
305641.026000,1740,3,61.375661,537.037037,46.916077,410.515672
305748.819000,1925,85,67.901235,594.135802,51.904280,454.162454
305758.551000,2587,9,91.252205,798.456790,69.753960,610.347152
305830.669000,1572,21,55.449735,485.185185,42.386249,370.879676
305999.236000,4026,3,142.010582,1242.592593,108.554095,949.848332
306008.203000,2965,8,104.585538,915.123457,79.946073,699.528143
306124.161000,7677,9,270.793651,2369.444444,206.996967,1811.223458
306276.826000,291,340,10.264550,89.814815,7.846309,68.655207
306325.973000,1730,10,61.022928,533.950617,46.646444,408.156387
306375.846000,7677,9,270.793651,2369.444444,206.996967,1811.223458
306390.747000,16,4,0.564374,4.938272,0.431412,3.774857
306508.636000,2590,45,91.358025,799.382716,69.834850,611.054938
306576.795000,1730,1,61.022928,533.950617,46.646444,408.156387
306577.232000,646,11,22.786596,199.382716,17.418268,152.409842
306623.577000,1674,6,59.047619,516.666667,45.136502,394.944388
306642.415000,769,500,27.125220,237.345679,20.734749,181.429053
306778.381000,1767,14,62.328042,545.370370,47.644085,416.885743
306826.891000,1115,19,39.329806,344.135802,30.064038,263.060330
306891.772000,2931,13,103.386243,904.629630,79.029323,691.506572
306997.050000,1322,15,46.631393,408.024691,35.645433,311.897540
306998.796000,912,25,32.169312,281.481481,24.590495,215.166835
307028.816000,4104,16,144.761905,1266.666667,110.657230,968.250758
307077.597000,646,31,22.786596,199.382716,17.418268,152.409842
307077.796000,1278,27,45.079365,394.444444,34.459050,301.516684
307121.784000,1675,16,59.082892,516.975309,45.163465,395.180317
307123.084000,3414,12,120.423280,1053.703704,92.052578,805.460061
307262.419000,2763,16,97.460317,852.777778,74.499494,651.870576
307276.613000,1767,20,62.328042,545.370370,47.644085,416.885743
307322.390000,449,263,15.837743,138.580247,12.106505,105.931918
307323.608000,1731,14,61.058201,534.259259,46.673407,408.392315
307371.962000,5978,2,210.864198,1845.061728,161.186384,1410.380856
307527.387000,4788,1029,168.888889,1477.777778,129.100101,1129.625885
307573.078000,1576,7,55.590829,486.419753,42.494102,371.823391
307573.895000,266,8,9.382716,82.098765,7.172228,62.756994
307577.414000,2292,15,80.846561,707.407407,61.799798,540.748231
307646.036000,6153,38,217.037037,1899.074074,165.904954,1451.668352
307764.487000,2763,55,97.460317,852.777778,74.499494,651.870576
307777.057000,1991,7,70.229277,614.506173,53.683856,469.733738
307894.242000,2561,4,90.335097,790.432099,69.052915,604.213010
308013.218000,1079,11,38.059965,333.024691,29.093360,254.566903
308028.614000,1995,7,70.370370,615.740741,53.791709,470.677452
308072.417000,850,9,29.982363,262.345679,22.918773,200.539265
308074.414000,3345,3,117.989418,1032.407407,90.192113,789.180991
308127.747000,1489,11,52.522046,459.567901,40.148298,351.297607
308141.794000,6942,3,244.867725,2142.592593,187.178969,1637.815976
308249.442000,1323,19,46.666667,408.333333,35.672396,312.133468
308276.427000,375,28,13.227513,115.740741,10.111223,88.473205
308376.557000,3086,16,108.853616,952.469136,83.208628,728.075497
308498.515000,4033,3,142.257496,1244.753086,108.742838,951.499831
308502.063000,912,84,32.169312,281.481481,24.590495,215.166835
308517.463000,4788,519,168.888889,1477.777778,129.100101,1129.625885
308518.880000,1185,241,41.798942,365.740741,31.951466,279.575329
308527.324000,375,16,13.227513,115.740741,10.111223,88.473205
308573.928000,1280,42,45.149912,395.061728,34.512976,301.988541
308626.165000,3414,17,120.423280,1053.703704,92.052578,805.460061
308644.882000,2201,3,77.636684,679.320988,59.346141,519.278733
308645.439000,1084,3,38.236332,334.567901,29.228177,255.746545
308765.075000,918,4,32.380952,283.333333,24.752275,216.582406
308765.248000,354,6,12.486772,109.259259,9.544995,83.518706
308823.688000,300,15,10.582011,92.592593,8.088979,70.778564
308872.340000,1900,244,67.019400,586.419753,51.230199,448.264240
309001.737000,4033,2,142.257496,1244.753086,108.742838,951.499831
309072.781000,3345,3,117.989418,1032.407407,90.192113,789.180991
309254.145000,1323,16,46.666667,408.333333,35.672396,312.133468
309259.577000,1371,16,48.359788,423.148148,36.966633,323.458038
309268.996000,356,4,12.557319,109.876543,9.598921,83.990563
309274.632000,2238,1,78.941799,690.740741,60.343782,528.008089
309323.521000,1554,1,54.814815,479.629630,41.900910,366.632963
309395.411000,329,22,11.604938,101.543210,8.870913,77.620492
309501.524000,573,12,20.211640,176.851852,15.449949,135.187058
309502.921000,4032,2,142.222222,1244.444444,108.715875,951.263903
309516.781000,1189,49,41.940035,366.975309,32.059319,280.519043
309523.576000,10,417,0.352734,3.086420,0.269633,2.359285
309526.963000,501,3,17.671958,154.629630,13.508595,118.200202
309530.312000,1728,43,60.952381,533.333333,46.592518,407.684530
309578.594000,7681,6,270.934744,2370.679012,207.104820,1812.167172
309621.061000,1842,6,64.973545,568.518519,49.666330,434.580384
309622.888000,3031,2,106.913580,935.493827,81.725649,715.099427
309623.439000,1675,20,59.082892,516.975309,45.163465,395.180317
309640.410000,4788,610,168.888889,1477.777778,129.100101,1129.625885
309641.598000,1252,2,44.162257,386.419753,33.758005,295.382541
309762.060000,2238,1,78.941799,690.740741,60.343782,528.008089
309762.376000,4106,10,144.832451,1267.283951,110.711156,968.722615
309777.618000,329,52,11.604938,101.543210,8.870913,77.620492
309822.353000,3005,3,105.996473,927.469136,81.024604,708.965285
309823.705000,1554,1,54.814815,479.629630,41.900910,366.632963
309823.906000,3086,3,108.853616,952.469136,83.208628,728.075497
309871.223000,1841,9,64.938272,568.209877,49.639366,434.344456
309873.722000,3067,25,108.183422,946.604938,82.696326,723.592855
309891.331000,3613,10,127.442681,1115.123457,97.418268,852.409842
310005.420000,2796,1,98.624339,862.962963,75.389282,659.656218
310013.993000,2592,10,91.428571,800.000000,69.888777,611.526795
310014.758000,108,8,3.809524,33.333333,2.912032,25.480283
310072.507000,3005,3,105.996473,927.469136,81.024604,708.965285
310142.700000,1253,19,44.197531,386.728395,33.784968,295.618470
310250.752000,1322,16,46.631393,408.024691,35.645433,311.897540
310267.515000,2239,13,78.977072,691.049383,60.370745,528.244018
310277.122000,2266,8,79.929453,699.382716,61.098753,534.614088
310277.964000,7683,15,271.005291,2371.296296,207.158746,1812.639029
310322.431000,3005,3,105.996473,927.469136,81.024604,708.965285
310323.276000,1555,2,54.850088,479.938272,41.927873,366.868891
310376.812000,3413,9,120.388007,1053.395062,92.025615,805.224132
310390.336000,1087,1,38.342152,335.493827,29.309066,256.454331
310511.295000,919,4,32.416226,283.641975,24.779238,216.818335
310515.779000,2593,9,91.463845,800.308642,69.915740,611.762723
310527.262000,4104,1,144.761905,1266.666667,110.657230,968.250758
310574.458000,338,22,11.922399,104.320988,9.113583,79.743849
310641.125000,1087,10,38.342152,335.493827,29.309066,256.454331
310751.605000,1373,1,48.430335,423.765432,37.020559,323.929896
310776.548000,502,3,17.707231,154.938272,13.535558,118.436131
310823.372000,3007,14,106.067019,928.086420,81.078531,709.437142
310872.811000,229,2,8.077601,70.679012,6.174587,54.027637
310890.592000,18,3,0.634921,5.555556,0.485339,4.246714
310892.643000,330,18,11.640212,101.851852,8.897877,77.856421
311013.553000,1190,8,41.975309,367.283951,32.086282,280.754971
311018.635000,4715,13,166.313933,1455.246914,127.131783,1112.403101
311121.559000,229,2,8.077601,70.679012,6.174587,54.027637
311142.468000,1260,11,44.444444,388.888889,33.973711,297.269970
311249.089000,1635,46,57.671958,504.629630,44.084934,385.743175
311263.836000,921,2,32.486772,284.259259,24.833165,217.290192
311264.005000,2405,40,84.832451,742.283951,64.846646,567.408156
311276.824000,5088,2,179.470899,1570.370370,137.189080,1200.404449
311278.461000,2264,3,79.858907,698.765432,61.044826,534.142231
311282.373000,363,9,12.804233,112.037037,9.787664,85.642063
311282.586000,996,20,35.132275,307.407407,26.855410,234.984833
311322.842000,3008,13,106.102293,928.395062,81.105494,709.673070
311324.823000,2644,21,93.262787,816.049383,71.290866,623.795079
311390.537000,3229,1,113.897707,996.604938,87.064375,761.813279
311496.709000,1373,16,48.430335,423.765432,37.020559,323.929896
311508.149000,5441,6,191.922399,1679.320988,146.707112,1283.687226
311526.662000,1357,1,47.865961,418.827160,36.589147,320.155039
311526.798000,7685,24,271.075838,2371.913580,207.212673,1813.110886
311527.477000,1357,4,47.865961,418.827160,36.589147,320.155039
311530.891000,2121,53,74.814815,654.629630,57.189080,500.404449
311574.146000,2982,9,105.185185,920.370370,80.404449,703.538928
311622.337000,3033,2,106.984127,936.111111,81.779575,715.571284
311624.231000,895,68,31.569665,276.234568,24.132120,211.156050
311643.039000,1087,22,38.342152,335.493827,29.309066,256.454331
311746.988000,1179,9,41.587302,363.888889,31.789687,278.159757
311777.200000,2266,5,79.929453,699.382716,61.098753,534.614088
311777.738000,1358,2,47.901235,419.135802,36.616111,320.390967
311828.607000,842,1,29.700176,259.876543,22.703067,198.651837
311829.563000,4839,3,170.687831,1493.518519,130.475228,1141.658241
311894.465000,3229,1,113.897707,996.604938,87.064375,761.813279
311895.412000,10,1,0.352734,3.086420,0.269633,2.359285
312078.230000,1138,2,40.141093,351.234568,30.684193,268.486687
312080.084000,2778,112,97.989418,857.407407,74.903943,655.409505
312080.808000,1554,3,54.814815,479.629630,41.900910,366.632963
312140.846000,18,2,0.634921,5.555556,0.485339,4.246714
312142.603000,1087,22,38.342152,335.493827,29.309066,256.454331
312254.635000,915,6,32.275132,282.407407,24.671385,215.874621
312257.902000,1192,8,42.045855,367.901235,32.140209,281.226828
312276.846000,1359,2,47.936508,419.444444,36.643074,320.626896
312277.994000,1995,1,70.370370,615.740741,53.791709,470.677452
312329.568000,2985,1,105.291005,921.296296,80.485339,704.246714
312331.340000,1138,2,40.141093,351.234568,30.684193,268.486687
312390.699000,3229,2,113.897707,996.604938,87.064375,761.813279
312392.747000,1087,10,38.342152,335.493827,29.309066,256.454331
312529.912000,331,16,11.675485,102.160494,8.924840,78.092349
312585.710000,253,25,8.924162,78.086420,6.821705,59.689922
312586.099000,844,1,29.770723,260.493827,22.756994,199.123694
312586.493000,3770,7,132.980600,1163.580247,101.651500,889.450624
312586.896000,200,1,7.054674,61.728395,5.392653,47.185709
312589.544000,2783,6,98.165785,858.950617,75.038760,656.589147
312589.869000,1554,3,54.814815,479.629630,41.900910,366.632963
312590.176000,1839,46,64.867725,567.592593,49.585440,433.872599
312624.598000,3087,18,108.888889,952.777778,83.235592,728.311426
312641.415000,2174,36,76.684303,670.987654,58.618133,512.908662
312777.780000,6183,12,218.095238,1908.333333,166.713852,1458.746208
312777.913000,1359,1,47.936508,419.444444,36.643074,320.626896
312778.061000,296,3,10.440917,91.358025,7.981126,69.834850
312781.090000,2354,157,83.033510,726.543210,63.471520,555.375800
312823.897000,200,3,7.054674,61.728395,5.392653,47.185709
312873.324000,1676,14,59.118166,517.283951,45.190428,395.416245
313018.581000,339,5,11.957672,104.629630,9.140546,79.979778
313075.755000,843,6,29.735450,260.185185,22.730030,198.887765
313122.774000,863,16,30.440917,266.358025,23.269296,203.606336
313142.135000,1791,10,63.174603,552.777778,48.291203,422.548028
313144.476000,5305,21,187.125220,1637.345679,143.040108,1251.600944
313253.784000,11,379,0.388007,3.395062,0.296596,2.595214
313255.171000,1323,16,46.666667,408.333333,35.672396,312.133468
313258.648000,4401,1,155.238095,1358.333333,118.665319,1038.321537
313265.787000,5552,10,195.837743,1713.580247,149.700034,1309.875295
313267.015000,1192,8,42.045855,367.901235,32.140209,281.226828
313275.411000,110,14,3.880071,33.950617,2.965959,25.952140
313278.719000,1997,2,70.440917,616.358025,53.845635,471.149309
313326.514000,3772,4,133.051146,1164.197531,101.705426,889.922481
313326.681000,846,4,29.841270,261.111111,22.810920,199.595551
313393.791000,335,17,11.816578,103.395062,9.032693,79.036063
313513.544000,4839,1,170.687831,1493.518519,130.475228,1141.658241
313518.901000,2595,18,91.534392,800.925926,69.969666,612.234580
313519.800000,111,15,3.915344,34.259259,2.992922,26.188069
313533.365000,999,3,35.238095,308.333333,26.936299,235.692619
313533.540000,329,63,11.604938,101.543210,8.870913,77.620492
313580.545000,846,5,29.841270,261.111111,22.810920,199.595551
313580.994000,2989,19,105.432099,922.530864,80.593192,705.190428
313640.303000,1735,13,61.199295,535.493827,46.781261,409.336030
313642.338000,1087,11,38.342152,335.493827,29.309066,256.454331
313642.726000,7682,50,270.970018,2370.987654,207.131783,1812.403101
313749.095000,4504,13,158.871252,1390.123457,121.442535,1062.622177
313763.812000,5552,12,195.837743,1713.580247,149.700034,1309.875295
313769.033000,1309,29,46.172840,404.012346,35.294911,308.830468
313780.514000,1357,1,47.865961,418.827160,36.589147,320.155039
313781.389000,1997,2,70.440917,616.358025,53.845635,471.149309
313781.969000,331,4,11.675485,102.160494,8.924840,78.092349
313825.806000,2990,1,105.467372,922.839506,80.620155,705.426357
313826.132000,847,2,29.876543,261.419753,22.837883,199.831480
313890.741000,5308,4,187.231041,1638.271605,143.120998,1252.308729
314012.312000,112,1,3.950617,34.567901,3.019885,26.423997
314074.881000,2990,4,105.467372,922.839506,80.620155,705.426357
314075.447000,465,1,16.402116,143.518519,12.537917,109.706775
314255.233000,917,5,32.345679,283.024691,24.725312,216.346478
314256.655000,3107,28,109.594356,958.950617,83.774857,733.029997
314260.114000,5548,12,195.696649,1712.345679,149.592181,1308.931581
314284.926000,1360,2,47.971781,419.753086,36.670037,320.862824
314286.347000,998,20,35.202822,308.024691,26.909336,235.456690
314287.245000,2356,4,83.104056,727.160494,63.525447,555.847658
314287.387000,1998,1,70.476190,616.666667,53.872599,471.385238
314325.165000,3773,1,133.086420,1164.506173,101.732390,890.158409
314498.999000,917,1,32.345679,283.024691,24.725312,216.346478
314512.940000,113,15,3.985891,34.876543,3.046849,26.659926
314537.146000,329,44,11.604938,101.543210,8.870913,77.620492
314538.035000,2356,10,83.104056,727.160494,63.525447,555.847658
314579.676000,3005,3,105.996473,927.469136,81.024604,708.965285
314579.985000,847,3,29.876543,261.419753,22.837883,199.831480
314580.206000,3773,4,133.086420,1164.506173,101.732390,890.158409
314622.865000,3414,15,120.423280,1053.703704,92.052578,805.460061
314784.626000,1360,6,47.971781,419.753086,36.670037,320.862824
314786.860000,998,11,35.202822,308.024691,26.909336,235.456690
314829.825000,465,1,16.402116,143.518519,12.537917,109.706775
314831.791000,1902,1,67.089947,587.037037,51.284125,448.736097
314832.769000,4388,17,154.779541,1354.320988,118.314796,1035.254466
314871.366000,54,9,1.904762,16.666667,1.456016,12.740142
314891.585000,5308,2,187.231041,1638.271605,143.120998,1252.308729
315003.610000,1327,14,46.807760,409.567901,35.780249,313.077182
315018.149000,1312,15,46.278660,404.938272,35.375800,309.538254
315020.623000,2129,61,75.097002,657.098765,57.404786,502.291877
315033.818000,1356,4,47.830688,418.518519,36.562184,319.919110
315035.742000,1000,1,35.273369,308.641975,26.963263,235.928547
315075.281000,3005,3,105.996473,927.469136,81.024604,708.965285
315075.863000,465,3,16.402116,143.518519,12.537917,109.706775
315121.549000,1949,8,68.747795,601.543210,52.551399,459.824739
315261.603000,7686,14,271.111111,2372.222222,207.239636,1813.346815
315261.833000,2802,10,98.835979,864.814815,75.551062,661.071790
315271.800000,5552,1,195.837743,1713.580247,149.700034,1309.875295
315275.919000,113,20,3.985891,34.876543,3.046849,26.659926
315281.286000,1644,2,57.989418,507.407407,44.327604,387.866532
315282.928000,2910,223,102.645503,898.148148,78.463094,686.552073
315328.953000,3005,3,105.996473,927.469136,81.024604,708.965285
315372.815000,1791,4,63.174603,552.777778,48.291203,422.548028
315505.359000,13,196,0.458554,4.012346,0.350522,3.067071
315508.219000,3316,21,116.966490,1023.456790,89.410179,782.339063
315509.447000,2593,5,91.463845,800.308642,69.915740,611.762723
315528.456000,1357,1,47.865961,418.827160,36.589147,320.155039
315583.445000,4826,23,170.229277,1489.506173,130.124705,1138.591170
315583.953000,2993,4,105.573192,923.765432,80.701045,706.134142
315584.434000,3005,3,105.996473,927.469136,81.024604,708.965285
315586.322000,2784,1,98.201058,859.259259,75.065723,656.825076
315587.992000,194,55,6.843034,59.876543,5.230873,45.770138
315622.239000,972,101,34.285714,300.000000,26.208291,229.322548
315759.537000,2593,1,91.463845,800.308642,69.915740,611.762723
315760.840000,2802,64,98.835979,864.814815,75.551062,661.071790
315781.260000,1644,5,57.989418,507.407407,44.327604,387.866532
315782.698000,358,9,12.627866,110.493827,9.652848,84.462420
315831.706000,2992,2,105.537919,923.456790,80.674082,705.898214
315833.091000,2784,1,98.201058,859.259259,75.065723,656.825076
315998.434000,4828,15,170.299824,1490.123457,130.178632,1139.063027
316031.448000,296,1,10.440917,91.358025,7.981126,69.834850
316033.061000,2365,22,83.421517,729.938272,63.768116,557.971014
316081.889000,300,15,10.582011,92.592593,8.088979,70.778564
316082.542000,2784,1,98.201058,859.259259,75.065723,656.825076
316251.584000,15,2,0.529101,4.629630,0.404449,3.538928
316260.553000,5552,10,195.837743,1713.580247,149.700034,1309.875295
316264.281000,2594,8,91.499118,800.617284,69.942703,611.998652
316330.837000,2991,1,105.502646,923.148148,80.647118,705.662285
316331.079000,202,1,7.125220,62.345679,5.446579,47.657567
316334.360000,2589,24,91.322751,799.074074,69.807887,610.819009
316371.902000,1790,3,63.139330,552.469136,48.264240,422.312100
316541.753000,333,5,11.746032,102.777778,8.978766,78.564206
316543.002000,2365,69,83.421517,729.938272,63.768116,557.971014
316573.738000,468,3,16.507937,144.444444,12.618807,110.414560
316620.775000,1791,3,63.174603,552.777778,48.291203,422.548028
316622.903000,3024,4,106.666667,933.333333,81.536906,713.447927
316754.945000,3114,4,109.841270,961.111111,83.963600,734.681496
316760.412000,5548,12,195.696649,1712.345679,149.592181,1308.931581
316781.360000,296,103,10.440917,91.358025,7.981126,69.834850
316781.914000,4107,7,144.867725,1267.592593,110.738119,968.958544
316823.707000,257,21,9.065256,79.320988,6.929558,60.633637
316824.099000,2993,33,105.573192,923.765432,80.701045,706.134142
316827.164000,1893,1,66.772487,584.259259,51.041456,446.612740
316827.269000,2784,5,98.201058,859.259259,75.065723,656.825076
316827.490000,317,1,11.181658,97.839506,8.547354,74.789350
316897.066000,2173,9,76.649030,670.679012,58.591170,512.672733
317004.626000,1257,3,44.338624,387.962963,33.892821,296.562184
317007.513000,537,25,18.941799,165.740741,14.479272,126.693630
317007.629000,920,1,32.451499,283.950617,24.806202,217.054264
317030.377000,297,1,10.476190,91.666667,8.008089,70.070779
317031.335000,2001,1,70.582011,617.592593,53.953488,472.093023
317076.369000,1103,3,38.906526,340.432099,29.740479,260.229188
317077.476000,2588,24,91.287478,798.765432,69.780923,610.583081
317121.009000,1790,3,63.139330,552.469136,48.264240,422.312100
317143.129000,2281,15,80.458554,704.012346,61.503202,538.153017
317258.756000,1194,2,42.116402,368.518519,32.194135,281.698686
317279.473000,1346,3,47.477954,415.432099,36.292551,317.559825
317323.568000,3005,3,105.996473,927.469136,81.024604,708.965285
317326.532000,4470,31,157.671958,1379.629630,120.525784,1054.600607
317372.265000,991,11,34.955908,305.864198,26.720593,233.805190
317372.281000,3024,9,106.666667,933.333333,81.536906,713.447927
317505.260000,2130,57,75.132275,657.407407,57.431749,502.527806
317509.049000,3316,42,116.966490,1023.456790,89.410179,782.339063
317510.776000,921,4,32.486772,284.259259,24.833165,217.290192
317528.982000,297,10,10.476190,91.666667,8.008089,70.070779
317572.610000,470,8,16.578483,145.061728,12.672733,110.886417
317622.203000,3092,3,109.065256,954.320988,83.370408,729.491068
317643.337000,2281,19,80.458554,704.012346,61.503202,538.153017
317753.619000,921,1,32.486772,284.259259,24.833165,217.290192
317778.660000,1346,1,47.477954,415.432099,36.292551,317.559825
317779.356000,1731,2,61.058201,534.259259,46.673407,408.392315
317822.338000,3005,3,105.996473,927.469136,81.024604,708.965285
317825.541000,2589,4,91.322751,799.074074,69.807887,610.819009
317825.959000,321,21,11.322751,99.074074,8.655207,75.733064
317895.192000,290,23,10.229277,89.506173,7.819346,68.419279
318032.302000,298,1,10.511464,91.975309,8.035052,70.306707
318032.965000,298,1,10.511464,91.975309,8.035052,70.306707
318071.983000,3774,3,133.121693,1164.814815,101.759353,890.394338
318076.860000,1102,8,38.871252,340.123457,29.713515,259.993259
318077.370000,322,2,11.358025,99.382716,8.682171,75.968992
318122.457000,3023,1,106.631393,933.024691,81.509943,713.211999
318246.459000,4829,3,170.335097,1490.432099,130.205595,1139.298955
318265.352000,1195,1,42.151675,368.827160,32.221099,281.934614
318286.178000,1690,3,59.611993,521.604938,45.567914,398.719245
318322.115000,3005,3,105.996473,927.469136,81.024604,708.965285
318323.470000,6355,10,224.162257,1961.419753,171.351534,1499.325918
318326.971000,2590,27,91.358025,799.382716,69.834850,611.054938
318327.840000,1107,3,39.047619,341.666667,29.848332,261.172902
318372.056000,3023,1,106.631393,933.024691,81.509943,713.211999
318520.961000,1314,2,46.349206,405.555556,35.429727,310.010111
318542.533000,1001,18,35.308642,308.950617,26.990226,236.164476
318573.704000,458,175,16.155203,141.358025,12.349174,108.055275
318575.737000,1556,130,54.885362,480.246914,41.954837,367.104820
318622.030000,3023,4,106.631393,933.024691,81.509943,713.211999
318625.481000,7685,9,271.075838,2371.913580,207.212673,1813.110886
318645.671000,20,13,0.705467,6.172840,0.539265,4.718571
318647.655000,770,17,27.160494,237.654321,20.761712,181.664981
318748.497000,2942,1,103.774250,908.024691,79.325918,694.101786
318764.558000,17,277,0.599647,5.246914,0.458375,4.010785
318770.895000,2594,7,91.499118,800.617284,69.942703,611.998652
318791.670000,2099,29,74.038801,647.839506,56.595888,495.214021
318791.721000,3550,2,125.220459,1095.679012,95.719582,837.546343
318839.090000,322,7,11.358025,99.382716,8.682171,75.968992
318839.213000,1571,1,55.414462,484.876543,42.359285,370.643748
318839.490000,2589,28,91.322751,799.074074,69.807887,610.819009
318871.356000,2327,10,82.081129,718.209877,62.743512,549.005730
319004.216000,4480,12,158.024691,1382.716049,120.795416,1056.959892
319034.806000,298,255,10.511464,91.975309,8.035052,70.306707
319034.975000,2148,3,75.767196,662.962963,57.917088,506.774520
319036.330000,385,16,13.580247,118.827160,10.380856,90.832491
319038.435000,337,79,11.887125,104.012346,9.086619,79.507920
319083.165000,257,20,9.065256,79.320988,6.929558,60.633637
319083.678000,3774,3,133.121693,1164.814815,101.759353,890.394338
319085.679000,2785,1,98.236332,859.567901,75.092686,657.061004
319086.750000,324,6,11.428571,100.000000,8.736097,76.440849
319151.640000,20,102,0.705467,6.172840,0.539265,4.718571
319153.070000,290,19,10.229277,89.506173,7.819346,68.419279
319156.161000,1506,127,53.121693,464.814815,40.606673,355.308392
319248.323000,17,310,0.599647,5.246914,0.458375,4.010785
319290.820000,300,8,10.582011,92.592593,8.088979,70.778564
319292.975000,337,14,11.887125,104.012346,9.086619,79.507920
319293.553000,3415,3,120.458554,1054.012346,92.079542,805.695989
319328.995000,324,6,11.428571,100.000000,8.736097,76.440849
319393.632000,1082,1,38.165785,333.950617,29.174250,255.274688
319497.412000,95,4,3.350970,29.320988,2.561510,22.413212
319499.011000,4480,14,158.024691,1382.716049,120.795416,1056.959892
319580.850000,3005,3,105.996473,927.469136,81.024604,708.965285
319583.445000,4472,250,157.742504,1380.246914,120.579710,1055.072464
319583.677000,2786,1,98.271605,859.876543,75.119649,657.296933
319623.360000,231,1500,8.148148,71.296296,6.228514,54.499494
319649.965000,1919,43,67.689594,592.283951,51.742501,452.746882
319652.732000,5308,2,187.231041,1638.271605,143.120998,1252.308729
319743.560000,21,2,0.740741,6.481481,0.566229,4.954499
319771.158000,1194,2,42.116402,368.518519,32.194135,281.698686
319780.612000,2154,12,75.978836,664.814815,58.078868,508.190091
319781.424000,6834,17,241.058201,2109.259259,184.266936,1612.335693
319781.911000,2154,15,75.978836,664.814815,58.078868,508.190091
319783.030000,2154,18,75.978836,664.814815,58.078868,508.190091
319822.882000,6355,10,224.162257,1961.419753,171.351534,1499.325918
319823.918000,258,22,9.100529,79.629630,6.956522,60.869565
319826.952000,1120,8,39.506173,345.679012,30.198854,264.239973
319827.249000,1342,10,47.336861,414.197531,36.184698,316.616111
319899.187000,7677,13,270.793651,2369.444444,206.996967,1811.223458
319993.172000,4829,3,170.335097,1490.432099,130.205595,1139.298955
320032.718000,406,12,14.320988,125.308642,10.947085,95.786990
320074.253000,324,65,11.428571,100.000000,8.736097,76.440849
320155.745000,1971,74,69.523810,608.333333,53.144590,465.015167
320278.902000,407,3,14.356261,125.617284,10.974048,96.022919
320323.645000,1107,3,39.047619,341.666667,29.848332,261.172902
320323.961000,1342,10,47.336861,414.197531,36.184698,316.616111
320396.795000,4578,3,161.481481,1412.962963,123.437816,1080.080890
320516.955000,919,10,32.416226,283.641975,24.779238,216.818335
320528.734000,2001,2,70.582011,617.592593,53.953488,472.093023
320573.339000,1145,7,40.388007,353.395062,30.872936,270.138187
320574.450000,258,16,9.100529,79.629630,6.956522,60.869565
320577.013000,2784,3,98.201058,859.259259,75.065723,656.825076
320771.902000,2129,14,75.097002,657.098765,57.404786,502.291877
320780.180000,467,4,16.472663,144.135802,12.591844,110.178632
320823.434000,1144,61,40.352734,353.086420,30.845972,269.902258
320871.066000,1249,24,44.056437,385.493827,33.677115,294.674756
320872.379000,493,1,17.389771,152.160494,13.292888,116.312774
320898.370000,2282,19,80.493827,704.320988,61.530165,538.388945
320899.457000,1078,13,38.024691,332.716049,29.066397,254.330974
320995.358000,4829,3,170.335097,1490.432099,130.205595,1139.298955
321015.195000,934,6,32.945326,288.271605,25.183687,220.357263
321019.495000,6834,119,241.058201,2109.259259,184.266936,1612.335693
321036.419000,5052,32,178.201058,1559.259259,136.218402,1191.911021
321121.859000,3028,1,106.807760,934.567901,81.644759,714.391641
321149.604000,23,6,0.811287,7.098765,0.620155,5.426357
321265.218000,2568,72,90.582011,792.592593,69.241658,605.864510
321271.854000,2130,1,75.132275,657.407407,57.431749,502.527806
321272.776000,2130,12,75.132275,657.407407,57.431749,502.527806
321283.888000,1693,12,59.717813,522.530864,45.648804,399.427031
321284.123000,3416,22,120.493827,1054.320988,92.106505,805.931918
321371.690000,1473,1,51.957672,454.629630,39.716886,347.522750
321494.425000,578,5,20.388007,178.395062,15.584766,136.366700
321498.420000,7673,53,270.652557,2368.209877,206.889114,1810.279744
321520.647000,2130,12,75.132275,657.407407,57.431749,502.527806
321535.072000,468,18,16.507937,144.444444,12.618807,110.414560
321536.704000,2210,44,77.954145,682.098765,59.588810,521.402090
321574.190000,1107,3,39.047619,341.666667,29.848332,261.172902
321574.509000,1556,1,54.885362,480.246914,41.954837,367.104820
321575.442000,4388,10,154.779541,1354.320988,118.314796,1035.254466
321647.081000,2058,5,72.592593,635.185185,55.490394,485.540950
321749.580000,925,52,32.627866,285.493827,24.941018,218.233906
321749.827000,4829,17,170.335097,1490.432099,130.205595,1139.298955
321823.079000,348,3,12.275132,107.407407,9.383215,82.103134
321871.092000,1475,3,52.028219,455.246914,39.770812,347.994607
321906.313000,292,12,10.299824,90.123457,7.873273,68.891136
321909.221000,335,17,11.816578,103.395062,9.032693,79.036063
321993.500000,578,5,20.388007,178.395062,15.584766,136.366700
321994.966000,2130,147,75.132275,657.407407,57.431749,502.527806
321997.780000,4912,15,173.262787,1516.049383,132.443546,1158.881025
321998.645000,3435,7,121.164021,1060.185185,92.618807,810.414560
322016.536000,16,1380,0.564374,4.938272,0.431412,3.774857
322020.989000,2490,3,87.830688,768.518519,67.138524,587.462083
322121.885000,2569,52,90.617284,792.901235,69.268622,606.100438
322148.069000,3229,1,113.897707,996.604938,87.064375,761.813279
322150.866000,1508,569,53.192240,465.432099,40.660600,355.780249
322282.485000,339,17,11.957672,104.629630,9.140546,79.979778
322322.210000,1569,1,55.343915,484.259259,42.305359,370.171891
322492.887000,611,22,21.552028,188.580247,16.474553,144.152342
322520.092000,6833,18,241.022928,2108.950617,184.239973,1612.099764
322743.493000,1645,46,58.024691,507.716049,44.354567,388.102460
322744.303000,4912,1,173.262787,1516.049383,132.443546,1158.881025
322766.634000,935,46,32.980600,288.580247,25.210650,220.593192
322893.830000,3229,2,113.897707,996.604938,87.064375,761.813279
322894.585000,2172,9,76.613757,670.370370,58.564206,512.436805
322894.965000,7683,5,271.005291,2371.296296,207.158746,1812.639029
323028.153000,1250,9,44.091711,385.802469,33.704078,294.910684
323123.918000,1001,58,35.308642,308.950617,26.990226,236.164476
323247.970000,3300,103,116.402116,1018.518519,88.978766,778.564206
323249.092000,4912,13,173.262787,1516.049383,132.443546,1158.881025
323268.232000,929,82,32.768959,286.728395,25.048871,219.177620
323271.035000,2942,21,103.774250,908.024691,79.325918,694.101786
323275.530000,6833,121,241.022928,2108.950617,184.239973,1612.099764
323325.014000,4389,10,154.814815,1354.629630,118.341759,1035.490394
323372.149000,2571,8,90.687831,793.518519,69.322548,606.572295
323394.468000,4209,64,148.465608,1299.074074,113.488372,993.023256
323496.740000,630,3,22.222222,194.444444,16.986855,148.634985
323510.907000,937,5,33.051146,289.197531,25.264577,221.065049
323511.397000,385,479,13.580247,118.827160,10.380856,90.832491
323527.820000,305,4,10.758377,94.135802,8.223795,71.958207
323647.911000,334,15,11.781305,103.086420,9.005730,78.800135
323743.162000,582,204,20.529101,179.629630,15.692619,137.310415
323744.315000,2942,2,103.774250,908.024691,79.325918,694.101786
323745.511000,4832,6,170.440917,1491.358025,130.286485,1140.006741
323777.811000,7685,35,271.075838,2371.913580,207.212673,1813.110886
323823.204000,6359,14,224.303351,1962.654321,171.459387,1500.269633
323825.631000,202,70,7.125220,62.345679,5.446579,47.657567
323870.619000,1870,21,65.961199,577.160494,50.421301,441.186384
323871.875000,3769,7,132.945326,1163.271605,101.624537,889.214695
323892.955000,2059,4,72.627866,635.493827,55.517358,485.776879
323893.727000,1510,4,53.262787,466.049383,40.714526,356.252107
323992.973000,60,6,2.116402,18.518519,1.617796,14.155713
323994.189000,3236,10,114.144621,998.765432,87.253118,763.464779
323994.347000,7672,13,270.617284,2367.901235,206.862150,1810.043815
324031.055000,502,3,17.707231,154.938272,13.535558,118.436131
324032.160000,1701,3,60.000000,525.000000,45.864510,401.314459
324371.060000,541,21,19.082892,166.975309,14.587125,127.637344
324394.610000,2062,1,72.733686,636.419753,55.598247,486.484665
324396.163000,132,18,4.656085,40.740741,3.559151,31.142568
324493.286000,6527,14,230.229277,2014.506173,175.989215,1539.905629
324508.030000,17,67,0.599647,5.246914,0.458375,4.010785
324537.514000,7685,52,271.075838,2371.913580,207.212673,1813.110886
324537.919000,304,1,10.723104,93.827160,8.196832,71.722278
324540.927000,1255,3,44.268078,387.345679,33.838895,296.090327
324541.462000,1000,9,35.273369,308.641975,26.963263,235.928547
324625.560000,5932,15,209.241623,1830.864198,159.946073,1399.528143
324645.012000,1512,1,53.333333,466.666667,40.768453,356.723964
324743.714000,1269,1,44.761905,391.666667,34.216380,299.393327
324745.079000,7670,21,270.546737,2367.283951,206.808224,1809.571958
324745.284000,4832,3,170.440917,1491.358025,130.286485,1140.006741
324779.540000,7220,3,254.673721,2228.395062,194.674756,1703.404112
324822.156000,203,2,7.160494,62.654321,5.473542,47.893495
324874.677000,7685,9,271.075838,2371.913580,207.212673,1813.110886
324891.978000,2065,8,72.839506,637.345679,55.679137,487.192450
324892.661000,1472,2,51.922399,454.320988,39.689922,347.286822
324992.623000,3310,20,116.754850,1021.604938,89.248399,780.923492
325013.342000,2577,6,90.899471,795.370370,69.484328,607.987867
325018.076000,7679,6,270.864198,2370.061728,207.050893,1811.695315
325031.721000,1257,3,44.338624,387.962963,33.892821,296.562184
325245.591000,3310,40,116.754850,1021.604938,89.248399,780.923492
325280.366000,305,3,10.758377,94.135802,8.223795,71.958207
325322.773000,2605,7,91.887125,804.012346,70.239299,614.593866
325323.505000,3600,1,126.984127,1111.111111,97.067745,849.342770
325391.895000,132,2,4.656085,40.740741,3.559151,31.142568
325497.478000,4832,3,170.440917,1491.358025,130.286485,1140.006741
325532.944000,998,6,35.202822,308.024691,26.909336,235.456690
325533.061000,1258,1,44.373898,388.271605,33.919784,296.798113
325533.692000,1258,2,44.373898,388.271605,33.919784,296.798113
325745.421000,4892,49,172.557319,1509.876543,131.904280,1154.162454
325748.711000,7671,54,270.582011,2367.592593,206.835187,1809.807887
325758.005000,938,5,33.086420,289.506173,25.291540,221.300977
325779.161000,998,4,35.202822,308.024691,26.909336,235.456690
325890.985000,135,29,4.761905,41.666667,3.640040,31.850354
325992.714000,21,1,0.740741,6.481481,0.566229,4.954499
326009.466000,940,5,33.156966,290.123457,25.345467,221.772835
326039.204000,306,2,10.793651,94.444444,8.250758,72.194135
326041.797000,1705,3,60.141093,526.234568,45.972363,402.258173
326042.069000,3424,6,120.776014,1056.790123,92.322211,807.819346
326042.336000,1000,1,35.273369,308.641975,26.963263,235.928547
326043.497000,7686,41,271.111111,2372.222222,207.239636,1813.346815
326072.454000,7667,4,270.440917,2366.358025,206.727334,1808.864173
326073.672000,4476,4,157.883598,1381.481481,120.687563,1056.016178
326243.993000,831,38,29.312169,256.481481,22.406471,196.056623
326244.322000,21,2,0.740741,6.481481,0.566229,4.954499
326288.534000,7220,3,254.673721,2228.395062,194.674756,1703.404112
326289.585000,505,1,17.813051,155.864198,13.616448,119.143916
326293.432000,998,12,35.202822,308.024691,26.909336,235.456690
326391.797000,7681,1,270.934744,2370.679012,207.104820,1812.167172
326493.118000,1269,1,44.761905,391.666667,34.216380,299.393327
326495.027000,272,267,9.594356,83.950617,7.334007,64.172565
326496.310000,4338,90,153.015873,1338.888889,116.966633,1023.458038
326513.651000,1648,12,58.130511,508.641975,44.435457,388.810246
326513.904000,2490,2,87.830688,768.518519,67.138524,587.462083
326528.054000,3424,20,120.776014,1056.790123,92.322211,807.819346
326620.791000,1477,2,52.098765,455.864198,39.824739,348.466464
326642.501000,1513,2,53.368607,466.975309,40.795416,356.959892
326744.936000,19,3,0.670194,5.864198,0.512302,4.482642
326764.468000,938,1,33.086420,289.506173,25.291540,221.300977
326822.954000,302,15,10.652557,93.209877,8.142905,71.250421
326871.155000,541,8,19.082892,166.975309,14.587125,127.637344
326891.096000,566,12,19.964727,174.691358,15.261207,133.535558
326998.179000,7671,63,270.582011,2367.592593,206.835187,1809.807887
327011.654000,939,3,33.121693,289.814815,25.318504,221.536906
327072.368000,1472,24,51.922399,454.320988,39.689922,347.286822
327124.800000,5924,21,208.959436,1828.395062,159.730367,1397.640715
327141.890000,1958,118,69.065256,604.320988,52.794068,461.948096
327245.056000,20,2,0.705467,6.172840,0.539265,4.718571
327248.358000,4917,16,173.439153,1517.592593,132.578362,1160.060667
327284.630000,2762,43,97.425044,852.469136,74.472531,651.634648
327286.590000,364,26,12.839506,112.345679,9.814628,85.877991
327287.193000,1260,1,44.444444,388.888889,33.973711,297.269970
327375.297000,1676,21,59.118166,517.283951,45.190428,395.416245
327390.842000,4327,3,152.627866,1335.493827,116.670037,1020.862824
327392.705000,134,14,4.726631,41.358025,3.613077,31.614425
327492.549000,2458,3,86.701940,758.641975,66.275699,579.912369
327515.817000,2619,298,92.380952,808.333333,70.616785,617.896866
327530.410000,506,15,17.848325,156.172840,13.643411,119.379845
327573.161000,3755,1,132.451499,1158.950617,101.247051,885.911695
327621.548000,2857,3,100.776014,881.790123,77.034041,674.047860
327642.177000,1473,64,51.957672,454.629630,39.716886,347.522750
327746.143000,835,316,29.453263,257.716049,22.514324,197.000337
327822.714000,3755,1,132.451499,1158.950617,101.247051,885.911695
327823.565000,5202,5,183.492063,1605.555556,140.262892,1227.300303
327890.505000,136,25,4.797178,41.975309,3.667004,32.086282
327992.549000,21,2,0.740741,6.481481,0.566229,4.954499
327994.747000,4917,20,173.439153,1517.592593,132.578362,1160.060667
328072.090000,2990,1,105.467372,922.839506,80.620155,705.426357
328072.863000,3756,3,132.486772,1159.259259,101.274014,886.147624
328149.953000,62,138,2.186949,19.135802,1.671722,14.627570
328243.092000,22,2,0.776014,6.790123,0.593192,5.190428
328258.407000,2577,1,90.899471,795.370370,69.484328,607.987867
328281.202000,338,2,11.922399,104.320988,9.113583,79.743849
328398.776000,7684,1,271.040564,2371.604938,207.185709,1812.874958
328399.529000,1688,16,59.541446,520.987654,45.513987,398.247388
328402.470000,62,26,2.186949,19.135802,1.671722,14.627570
328493.057000,23,4,0.811287,7.098765,0.620155,5.426357
328513.155000,938,5,33.086420,289.506173,25.291540,221.300977
328514.311000,2577,16,90.899471,795.370370,69.484328,607.987867
328533.742000,3427,20,120.881834,1057.716049,92.403101,808.527132
328573.437000,2991,3,105.502646,923.148148,80.647118,705.662285
328574.385000,197,10,6.948854,60.802469,5.311763,46.477924
328576.954000,4477,2,157.918871,1381.790123,120.714526,1056.252107
328651.179000,1689,1,59.576720,521.296296,45.540950,398.483316
328655.577000,65,18,2.292769,20.061728,1.752612,15.335356
328744.057000,2459,73,86.737213,758.950617,66.302663,580.148298
328745.041000,22,2,0.776014,6.790123,0.593192,5.190428
328747.254000,3329,109,117.425044,1027.469136,89.760701,785.406134
328787.572000,6182,44,218.059965,1908.024691,166.686889,1458.510280
328790.710000,1736,7,61.234568,535.802469,46.808224,409.571958
328822.410000,7668,2,270.476190,2366.666667,206.754297,1809.100101
328826.439000,1472,24,51.922399,454.320988,39.689922,347.286822
328875.301000,1571,1,55.414462,484.876543,42.359285,370.643748
328904.296000,1959,80,69.100529,604.629630,52.821031,462.184024
328993.648000,1702,13,60.035273,525.308642,45.891473,401.550388
328993.837000,2184,4,77.037037,674.074074,58.887765,515.267947
329013.468000,6841,12,241.305115,2111.419753,184.455679,1613.987192
329031.236000,306,1,10.793651,94.444444,8.250758,72.194135
329073.513000,309,16,10.899471,95.370370,8.331648,72.901921
329074.442000,1378,94,48.606702,425.308642,37.155376,325.109538
329077.320000,2159,32,76.155203,666.358025,58.213684,509.369734
329078.142000,1257,43,44.338624,387.962963,33.892821,296.562184
329120.780000,1856,9,65.467372,572.839506,50.043815,437.883384
329151.353000,543,13,19.153439,167.592593,14.641052,128.109201
329153.965000,331,27,11.675485,102.160494,8.924840,78.092349
329247.745000,4835,32,170.546737,1492.283951,130.367374,1140.714526
329266.168000,939,43,33.121693,289.814815,25.318504,221.536906
329267.546000,2577,16,90.899471,795.370370,69.484328,607.987867
329274.833000,6840,20,241.269841,2111.111111,184.428716,1613.751264
329323.781000,199,51,7.019400,61.419753,5.365689,46.949781
329324.388000,1378,4,48.606702,425.308642,37.155376,325.109538
329373.495000,2342,10,82.610229,722.839506,63.147961,552.544658
329375.747000,1571,1,55.414462,484.876543,42.359285,370.643748
329403.306000,1690,44,59.611993,521.604938,45.567914,398.719245
329405.869000,3335,5,117.636684,1029.320988,89.922481,786.821705
329407.775000,65,81,2.292769,20.061728,1.752612,15.335356
329494.816000,6182,40,218.059965,1908.024691,166.686889,1458.510280
329497.663000,4914,5,173.333333,1516.666667,132.497472,1159.352882
329540.727000,1261,114,44.479718,389.197531,34.000674,297.505898
329541.218000,1705,1,60.141093,526.234568,45.972363,402.258173
329576.399000,2610,8,92.063492,805.555556,70.374115,615.773509
329577.111000,1773,3,62.539683,547.222222,47.805865,418.301314
329655.091000,1478,49,52.134039,456.172840,39.851702,348.702393
329744.577000,338,7,11.922399,104.320988,9.113583,79.743849
329763.693000,2619,15,92.380952,808.333333,70.616785,617.896866
329783.158000,2211,127,77.989418,682.407407,59.615774,521.638018
329823.346000,2993,1,105.573192,923.765432,80.701045,706.134142
329893.129000,4943,49,174.356261,1525.617284,133.279407,1166.194810
329993.054000,840,5,29.629630,259.259259,22.649141,198.179980
330012.717000,2491,10,87.865961,768.827160,67.165487,587.698011
330013.196000,2619,1,92.380952,808.333333,70.616785,617.896866
330046.971000,307,228,10.828924,94.753086,8.277722,72.430064
330047.049000,1260,104,44.444444,388.888889,33.973711,297.269970
330074.242000,412,18,14.532628,127.160494,11.108864,97.202562
330077.975000,338,16,11.922399,104.320988,9.113583,79.743849
330125.550000,2861,1,100.917108,883.024691,77.141894,674.991574
330154.611000,1690,40,59.611993,521.604938,45.567914,398.719245
330242.277000,21,2,0.740741,6.481481,0.566229,4.954499
330243.389000,4914,5,173.333333,1516.666667,132.497472,1159.352882
330323.961000,3244,3,114.426808,1001.234568,87.468824,765.352208
330372.279000,1937,1,68.324515,597.839506,52.227840,456.993596
330407.702000,70,1,2.469136,21.604938,1.887428,16.514998
330407.763000,7677,2,270.793651,2369.444444,206.996967,1811.223458
330408.892000,137,18,4.832451,42.283951,3.693967,32.322211
330409.864000,70,5,2.469136,21.604938,1.887428,16.514998
330513.411000,1259,15,44.409171,388.580247,33.946748,297.034041
330520.324000,2620,51,92.416226,808.641975,70.643748,618.132794
330574.499000,203,10,7.160494,62.654321,5.473542,47.893495
330652.538000,1689,43,59.576720,521.296296,45.540950,398.483316
330652.691000,1967,117,69.382716,607.098765,53.036737,464.071453
330653.816000,295,20,10.405644,91.049383,7.954162,69.598921
330656.774000,2537,3,89.488536,783.024691,68.405797,598.550725
330745.731000,1651,256,58.236332,509.567901,44.516346,389.518032
330779.232000,2117,5,74.673721,653.395062,57.081227,499.460735
330993.354000,4915,10,173.368607,1516.975309,132.524435,1159.588810
331015.530000,1260,14,44.444444,388.888889,33.973711,297.269970
331072.418000,3244,3,114.426808,1001.234568,87.468824,765.352208
331075.596000,4476,40,157.883598,1381.481481,120.687563,1056.016178
331120.752000,1564,9,55.167549,482.716049,42.170543,368.992248
331152.036000,69,27,2.433862,21.296296,1.860465,16.279070
331153.720000,7683,1,271.005291,2371.296296,207.158746,1812.639029
331244.066000,842,1,29.700176,259.876543,22.703067,198.651837
331244.436000,1804,1,63.633157,556.790123,48.641726,425.615099
331262.431000,2620,231,92.416226,808.641975,70.643748,618.132794
331322.470000,6358,10,224.268078,1962.345679,171.432423,1500.033704
331323.602000,2785,3,98.236332,859.567901,75.092686,657.061004
331323.863000,1122,9,39.576720,346.296296,30.252781,264.711830
331372.388000,1564,9,55.167549,482.716049,42.170543,368.992248
331374.405000,1949,11,68.747795,601.543210,52.551399,459.824739
331395.954000,514,1,18.130511,158.641975,13.859117,121.267273
331397.515000,70,91,2.469136,21.604938,1.887428,16.514998
331397.694000,1481,2,52.239859,457.098765,39.932592,349.410179
331493.595000,20,2,0.705467,6.172840,0.539265,4.718571
331493.856000,2461,106,86.807760,759.567901,66.356589,580.620155
331494.860000,677,14,23.880071,208.950617,18.254129,159.723627
331574.103000,1145,4,40.388007,353.395062,30.872936,270.138187
331586.847000,2612,14,92.134039,806.172840,70.428042,616.245366
331622.413000,1859,1,65.573192,573.765432,50.124705,438.591170
331650.971000,1690,1,59.611993,521.604938,45.567914,398.719245
331653.981000,7684,6,271.040564,2371.604938,207.185709,1812.874958
331744.321000,1804,3,63.633157,556.790123,48.641726,425.615099
331748.487000,1559,7,54.991182,481.172840,42.035726,367.812605
331749.045000,3354,205,118.306878,1035.185185,90.434783,791.304348
331781.957000,2762,52,97.425044,852.469136,74.472531,651.634648
331783.664000,1714,3,60.458554,529.012346,46.215032,404.381530
331822.504000,840,9,29.629630,259.259259,22.649141,198.179980
331824.045000,1122,20,39.576720,346.296296,30.252781,264.711830
331993.261000,1193,1,42.081129,368.209877,32.167172,281.462757
331993.767000,21,1,0.740741,6.481481,0.566229,4.954499
331994.657000,1805,3,63.668430,557.098765,48.668689,425.851028
332014.189000,2581,50,91.040564,796.604938,69.592181,608.931581
332035.442000,3549,3,125.185185,1095.370370,95.692619,837.310415
332036.316000,5054,2,178.271605,1559.876543,136.272329,1192.382878
332074.246000,6358,12,224.268078,1962.345679,171.432423,1500.033704
332076.587000,4439,1,156.578483,1370.061728,119.689922,1047.286822
332121.143000,1562,15,55.097002,482.098765,42.116616,368.520391
332122.274000,1773,23,62.539683,547.222222,47.805865,418.301314
332148.292000,296,19,10.440917,91.358025,7.981126,69.834850
332242.886000,1193,1,42.081129,368.209877,32.167172,281.462757
332243.028000,4994,49,176.155203,1541.358025,134.654533,1178.227165
332243.094000,842,3,29.700176,259.876543,22.703067,198.651837
332244.903000,1655,31,58.377425,510.802469,44.624200,390.461746
332245.082000,4915,10,173.368607,1516.975309,132.524435,1159.588810
332284.713000,310,1,10.934744,95.679012,8.358611,73.137850
332287.335000,3549,3,125.185185,1095.370370,95.692619,837.310415
332288.285000,1713,15,60.423280,528.703704,46.188069,404.145602
332322.092000,3244,3,114.426808,1001.234568,87.468824,765.352208
332405.233000,2540,15,89.594356,783.950617,68.486687,599.258510
332405.334000,72,14,2.539683,22.222222,1.941355,16.986855
332499.458000,842,1,29.700176,259.876543,22.703067,198.651837
332499.759000,21,2,0.740741,6.481481,0.566229,4.954499
332509.425000,2583,1,91.111111,797.222222,69.646107,609.403438
332532.376000,1262,73,44.514991,389.506173,34.027637,297.741827
332532.703000,2276,3,80.282187,702.469136,61.368386,536.973374
332580.809000,4476,82,157.883598,1381.481481,120.687563,1056.016178
332648.329000,6182,131,218.059965,1908.024691,166.686889,1458.510280
332652.049000,1671,19,58.941799,515.740741,45.055612,394.236603
332750.278000,1285,2,45.326279,396.604938,34.647792,303.168183
332752.072000,6183,23,218.095238,1908.333333,166.713852,1458.746208
332822.302000,1446,1,51.005291,446.296296,38.988878,341.152679
332823.385000,840,9,29.629630,259.259259,22.649141,198.179980
332823.562000,3244,3,114.426808,1001.234568,87.468824,765.352208
332824.014000,1446,2,51.005291,446.296296,38.988878,341.152679
332826.861000,1124,11,39.647266,346.913580,30.306707,265.183687
332894.371000,296,12,10.440917,91.358025,7.981126,69.834850
332993.003000,21,2,0.740741,6.481481,0.566229,4.954499
333014.859000,309,24,10.899471,95.370370,8.331648,72.901921
333028.055000,2391,1,84.338624,737.962963,64.469161,564.105157
333072.821000,840,9,29.629630,259.259259,22.649141,198.179980
333073.736000,2613,20,92.169312,806.481481,70.455005,616.481294
333149.607000,339,14,11.957672,104.629630,9.140546,79.979778
333243.474000,3241,3,114.320988,1000.308642,87.387934,764.644422
333261.770000,5043,3,177.883598,1556.481481,135.975733,1189.787664
333266.607000,2584,154,91.146384,797.530864,69.673070,609.639366
333277.150000,377,31,13.298060,116.358025,10.165150,88.945062
333323.656000,4439,1,156.578483,1370.061728,119.689922,1047.286822
333404.333000,1692,69,59.682540,522.222222,45.621840,399.191102
333404.568000,296,11,10.440917,91.358025,7.981126,69.834850
333407.938000,1449,2,51.111111,447.222222,39.069767,341.860465
333408.041000,1483,40,52.310406,457.716049,39.986518,349.882036
333409.031000,7684,4,271.040564,2371.604938,207.185709,1812.874958
333409.140000,2540,1,89.594356,783.950617,68.486687,599.258510
333495.119000,4510,15,159.082892,1391.975309,121.604314,1064.037749
333575.067000,417,27,14.708995,128.703704,11.243680,98.382204
333578.257000,4477,3,157.918871,1381.790123,120.714526,1056.252107
333621.289000,1754,9,61.869489,541.358025,47.293563,413.818672
333623.508000,5927,46,209.065256,1829.320988,159.811257,1398.348500
333648.382000,2540,13,89.594356,783.950617,68.486687,599.258510
333743.915000,2003,4,70.652557,618.209877,54.007415,472.564880
333763.502000,2583,1,91.111111,797.222222,69.646107,609.403438
333776.885000,310,3,10.934744,95.679012,8.358611,73.137850
333824.664000,1151,14,40.599647,355.246914,31.034715,271.553758
333826.331000,1476,16,52.063492,455.555556,39.797776,348.230536
333897.308000,1483,137,52.310406,457.716049,39.986518,349.882036
333898.021000,7684,5,271.040564,2371.604938,207.185709,1812.874958
334020.037000,5428,1,191.463845,1675.308642,146.356589,1280.620155
334121.288000,433,2,15.273369,133.641975,11.675093,102.157061
334124.622000,7684,1,271.040564,2371.604938,207.185709,1812.874958
334146.976000,1348,1,47.548501,416.049383,36.346478,318.031682
334244.487000,4511,14,159.118166,1392.283951,121.631277,1064.273677
334325.034000,1122,17,39.576720,346.296296,30.252781,264.711830
334396.534000,1483,133,52.310406,457.716049,39.986518,349.882036
334492.767000,4442,1,156.684303,1370.987654,119.770812,1047.994607
334495.047000,3354,8,118.306878,1035.185185,90.434783,791.304348
334527.727000,3761,14,132.663139,1160.802469,101.408830,887.327267
334621.345000,434,1,15.308642,133.950617,11.702056,102.392990
334642.029000,1349,2,47.583774,416.358025,36.373441,318.267610
334743.892000,4511,14,159.118166,1392.283951,121.631277,1064.273677
334744.706000,4439,1,156.578483,1370.061728,119.689922,1047.286822
334764.784000,4397,1,155.097002,1357.098765,118.557465,1037.377823
334777.422000,5059,6,178.447972,1561.419753,136.407145,1193.562521
334822.489000,2658,5,93.756614,820.370370,71.668352,627.098079
334873.392000,5926,12,209.029982,1829.012346,159.784294,1398.112572
334873.594000,1031,9,36.366843,318.209877,27.799124,243.242332
335017.553000,28,43,0.987654,8.641975,0.754971,6.605999
335017.747000,4397,4,155.097002,1357.098765,118.557465,1037.377823
335018.064000,27,358,0.952381,8.333333,0.728008,6.370071
335028.011000,310,2,10.934744,95.679012,8.358611,73.137850
335142.833000,6542,14,230.758377,2019.135802,176.393664,1543.444557
335274.186000,28,1,0.987654,8.641975,0.754971,6.605999
335322.507000,1151,7,40.599647,355.246914,31.034715,271.553758
335324.173000,2610,17,92.063492,805.555556,70.374115,615.773509
335375.503000,5926,1,209.029982,1829.012346,159.784294,1398.112572
335390.896000,2550,3,89.947090,787.037037,68.756320,601.617796
335494.030000,6183,13,218.095238,1908.333333,166.713852,1458.746208
335495.560000,3357,1,118.412698,1036.111111,90.515672,792.012133
335497.211000,4510,3,159.082892,1391.975309,121.604314,1064.037749
335519.236000,2583,559,91.111111,797.222222,69.646107,609.403438
335528.140000,2764,10,97.495591,853.086420,74.526458,652.106505
335574.060000,1154,7,40.705467,356.172840,31.115605,272.261544
335622.026000,1874,166,66.102293,578.395062,50.529154,442.130098
335744.864000,1657,156,58.447972,511.419753,44.678126,390.933603
335745.674000,924,3,32.592593,285.185185,24.914055,217.997978
335768.751000,5428,7,191.463845,1675.308642,146.356589,1280.620155
335777.551000,507,13,17.883598,156.481481,13.670374,119.615774
335780.719000,1715,3,60.493827,529.320988,46.241995,404.617459
335871.951000,5926,12,209.029982,1829.012346,159.784294,1398.112572
335992.299000,4511,14,159.118166,1392.283951,121.631277,1064.273677
336029.111000,507,13,17.883598,156.481481,13.670374,119.615774
336122.267000,5927,11,209.065256,1829.320988,159.811257,1398.348500
336141.349000,1665,5,58.730159,513.888889,44.893832,392.821031
336266.154000,1999,259,70.511464,616.975309,53.899562,471.621166
336276.776000,310,9,10.934744,95.679012,8.358611,73.137850
336322.491000,6357,12,224.232804,1962.037037,171.405460,1499.797776
336390.911000,6945,1,244.973545,2143.518519,187.259858,1638.523761
336493.947000,1658,179,58.483245,511.728395,44.705089,391.169532
336520.933000,7686,24,271.111111,2372.222222,207.239636,1813.346815
336521.650000,616,25,21.728395,190.123457,16.609370,145.331985
336527.354000,2276,44,80.282187,702.469136,61.368386,536.973374
336530.393000,2248,3,79.294533,693.827160,60.613414,530.367374
336579.466000,2092,11,73.791887,645.679012,56.407145,493.562521
336579.661000,4370,39,154.144621,1348.765432,117.829457,1031.007752
336640.783000,6945,1,244.973545,2143.518519,187.259858,1638.523761
336642.504000,4585,2,161.728395,1415.123457,123.626559,1081.732390
336763.564000,2001,34,70.582011,617.592593,53.953488,472.093023
336874.590000,7684,11,271.040564,2371.604938,207.185709,1812.874958
336890.918000,1665,10,58.730159,513.888889,44.893832,392.821031
336993.593000,4441,17,156.649030,1370.679012,119.743849,1047.758679
336995.828000,927,133,32.698413,286.111111,24.994944,218.705763
336997.728000,4512,11,159.153439,1392.592593,121.658241,1064.509606
337033.897000,7685,171,271.075838,2371.913580,207.212673,1813.110886
337079.478000,2092,8,73.791887,645.679012,56.407145,493.562521
337080.494000,5045,49,177.954145,1557.098765,136.029660,1190.259521
337122.622000,402,16,14.179894,124.074074,10.839232,94.843276
337243.526000,677,16,23.880071,208.950617,18.254129,159.723627
337268.445000,2904,6,102.433862,896.296296,78.301314,685.136502
337277.795000,508,1,17.918871,156.790123,13.697337,119.851702
337324.117000,1123,14,39.611993,346.604938,30.279744,264.947759
337390.783000,1467,4,51.746032,452.777778,39.555106,346.107179
337391.005000,6946,13,245.008818,2143.827160,187.286822,1638.759690
337395.172000,337,14,11.887125,104.012346,9.086619,79.507920
337395.503000,4586,2,161.763668,1415.432099,123.653522,1081.968318
337497.468000,7673,27,270.652557,2368.209877,206.889114,1810.279744
337518.229000,7681,61,270.934744,2370.679012,207.104820,1812.167172
337642.535000,6948,15,245.079365,2144.444444,187.340748,1639.231547
337647.043000,2553,15,90.052910,787.962963,68.837209,602.325581
337647.372000,4586,1,161.763668,1415.432099,123.653522,1081.968318
337743.470000,2006,20,70.758377,619.135802,54.088305,473.272666
337745.792000,837,7,29.523810,258.333333,22.568251,197.472194
337770.398000,7682,5,270.970018,2370.987654,207.131783,1812.403101
337776.776000,2958,140,104.338624,912.962963,79.757331,697.876643
337777.097000,509,17,17.954145,157.098765,13.724301,120.087631
337825.266000,417,7,14.708995,128.703704,11.243680,98.382204
337871.996000,7686,3,271.111111,2372.222222,207.239636,1813.346815
337875.510000,5929,29,209.135802,1829.938272,159.865184,1398.820357
337890.720000,2340,5,82.539683,722.222222,63.094034,552.072801
337894.115000,1666,3,58.765432,514.197531,44.920795,393.056960
337993.872000,2006,23,70.758377,619.135802,54.088305,473.272666
337997.508000,2808,1,99.047619,866.666667,75.712841,662.487361
338016.896000,2001,169,70.582011,617.592593,53.953488,472.093023
338024.764000,1863,31,65.714286,575.000000,50.232558,439.534884
338029.711000,2957,21,104.303351,912.654321,79.730367,697.640715
338032.959000,5044,606,177.918871,1556.790123,136.002696,1190.023593
338121.915000,1248,18,44.021164,385.185185,33.650152,294.438827
338245.033000,2007,1,70.793651,619.444444,54.115268,473.508595
338265.362000,4440,109,156.613757,1370.370370,119.716886,1047.522750
338396.340000,2553,15,90.052910,787.962963,68.837209,602.325581
338492.788000,2350,3,82.892416,725.308642,63.363667,554.432086
338519.114000,7684,1,271.040564,2371.604938,207.185709,1812.874958
338528.215000,313,1,11.040564,96.604938,8.439501,73.845635
338578.858000,1125,14,39.682540,347.222222,30.333670,265.419616
338620.880000,548,2,19.329806,169.135802,14.775868,129.288844
338622.076000,1411,17,49.770723,435.493827,38.045163,332.895180
338624.987000,5938,44,209.453263,1832.716049,160.107853,1400.943714
338646.670000,3370,11,118.871252,1040.123457,90.866195,795.079205
338744.027000,2007,22,70.793651,619.444444,54.115268,473.508595
338766.415000,2904,4,102.433862,896.296296,78.301314,685.136502
338827.212000,6186,17,218.201058,1909.259259,166.794742,1459.453994
338890.280000,1968,429,69.417989,607.407407,53.063701,464.307381
338891.018000,7678,190,270.828924,2369.753086,207.023930,1811.459387
338993.926000,4866,14,171.640212,1501.851852,131.203236,1148.028311
339016.393000,5044,606,177.918871,1556.790123,136.002696,1190.023593
339022.393000,7684,5,271.040564,2371.604938,207.185709,1812.874958
339032.649000,2248,24,79.294533,693.827160,60.613414,530.367374
339242.363000,4353,6,153.544974,1343.518519,117.371082,1026.996967
339242.636000,2810,1,99.118166,867.283951,75.766768,662.959218
339264.287000,2907,18,102.539683,897.222222,78.382204,685.844287
339269.242000,7684,1,271.040564,2371.604938,207.185709,1812.874958
339281.580000,2588,3,91.287478,798.765432,69.780923,610.583081
339372.015000,1412,4,49.805996,435.802469,38.072127,333.131109
339390.816000,1521,6,53.650794,469.444444,41.011122,358.847321
339392.174000,3370,17,118.871252,1040.123457,90.866195,795.079205
339392.957000,7681,73,270.934744,2370.679012,207.104820,1812.167172
339393.636000,1628,11,57.425044,502.469136,43.896191,384.091675
339492.671000,1349,2,47.583774,416.358025,36.373441,318.267610
339494.142000,4353,9,153.544974,1343.518519,117.371082,1026.996967
339511.608000,1505,12,53.086420,464.506173,40.579710,355.072464
339585.110000,419,5,14.779541,129.320988,11.297607,98.854061
339585.550000,1155,46,40.740741,356.481481,31.142568,272.497472
339759.591000,2907,18,102.539683,897.222222,78.382204,685.844287
339777.277000,2589,15,91.322751,799.074074,69.807887,610.819009
339777.397000,508,10,17.918871,156.790123,13.697337,119.851702
339778.275000,2960,10,104.409171,913.580247,79.811257,698.348500
339992.467000,839,1,29.594356,258.950617,22.622177,197.944051
340014.943000,2199,11,77.566138,678.703704,59.292214,518.806876
340019.514000,7684,38,271.040564,2371.604938,207.185709,1812.874958
340032.030000,1741,5,61.410935,537.345679,46.943040,410.751601
340124.612000,548,1,19.329806,169.135802,14.775868,129.288844
340142.875000,3335,3,117.636684,1029.320988,89.922481,786.821705
340243.013000,7674,6,270.687831,2368.518519,206.916077,1810.515672
340277.166000,2961,1,104.444444,913.888889,79.838220,698.584429
340278.007000,2773,919,97.813051,855.864198,74.769127,654.229862
340282.673000,7682,7,270.970018,2370.987654,207.131783,1812.403101
340324.489000,4370,23,154.144621,1348.765432,117.829457,1031.007752
340372.222000,548,1,19.329806,169.135802,14.775868,129.288844
340492.726000,1350,2,47.619048,416.666667,36.400404,318.503539
340518.837000,7685,1,271.075838,2371.913580,207.212673,1813.110886
340518.928000,7686,1,271.111111,2372.222222,207.239636,1813.346815
340533.069000,313,219,11.040564,96.604938,8.439501,73.845635
340572.651000,1766,8,62.292769,545.061728,47.617122,416.649815
340572.799000,1884,18,66.455026,581.481481,50.798787,444.489383
340623.869000,1107,3,39.047619,341.666667,29.848332,261.172902
340641.332000,7680,91,270.899471,2370.370370,207.077856,1811.931244
340749.352000,678,15,23.915344,209.259259,18.281092,159.959555
340782.092000,510,17,17.989418,157.407407,13.751264,120.323559
340823.012000,1766,3,62.292769,545.061728,47.617122,416.649815
340872.493000,1415,93,49.911817,436.728395,38.153017,333.838895
340894.529000,137,5,4.832451,42.283951,3.693967,32.322211
340997.024000,1351,1,47.654321,416.975309,36.427368,318.739467
340997.273000,1284,5,45.291005,396.296296,34.620829,302.932255
341013.936000,942,80,33.227513,290.740741,25.399393,222.244692
341022.489000,2747,3,96.895944,847.839506,74.068082,648.095720
341073.767000,5656,27,199.506173,1745.679012,152.504213,1334.411864
341141.119000,6940,14,244.797178,2141.975309,187.125042,1637.344119
341143.496000,2637,2,93.015873,813.888889,71.102123,622.143579
341249.547000,7675,14,270.723104,2368.827160,206.943040,1810.751601
341249.935000,4354,6,153.580247,1343.827160,117.398045,1027.232895
341263.765000,1792,1,63.209877,553.086420,48.318166,422.783957
341322.390000,1766,3,62.292769,545.061728,47.617122,416.649815
341373.330000,5945,108,209.700176,1834.876543,160.296596,1402.595214
341392.155000,137,33,4.832451,42.283951,3.693967,32.322211
341500.567000,4880,115,172.134039,1506.172840,131.580721,1151.331311
341500.635000,1550,2,54.673721,478.395062,41.793057,365.689248
341510.672000,943,4,33.262787,291.049383,25.426357,222.480620
341514.153000,7681,60,270.934744,2370.679012,207.104820,1812.167172
341532.342000,2961,7,104.444444,913.888889,79.838220,698.584429
341533.949000,1744,4,61.516755,538.271605,47.023930,411.459387
341534.018000,7673,5,270.652557,2368.209877,206.889114,1810.279744
341573.544000,4479,2,157.989418,1382.407407,120.768453,1056.723964
341640.514000,1603,3,56.543210,494.753086,43.222110,378.193461
341641.394000,7680,122,270.899471,2370.370370,207.077856,1811.931244
341748.816000,928,51,32.733686,286.419753,25.021908,218.941692
341780.368000,5089,10,179.506173,1570.679012,137.216043,1200.640377
341823.271000,1344,9,47.407407,414.814815,36.238625,317.087968
341996.530000,2008,20,70.828924,619.753086,54.142231,473.744523
342248.446000,1350,2,47.619048,416.666667,36.400404,318.503539
342260.480000,2202,12,77.671958,679.629630,59.373104,519.514661
342322.236000,1157,2,40.811287,357.098765,31.196495,272.969329
342390.650000,137,31,4.832451,42.283951,3.693967,32.322211
342391.077000,7686,1,271.111111,2372.222222,207.239636,1813.346815
342499.739000,4440,34,156.613757,1370.370370,119.716886,1047.522750
342503.639000,4354,8,153.580247,1343.827160,117.398045,1027.232895
342512.283000,628,13,22.151675,193.827160,16.932929,148.163128
342577.850000,4373,46,154.250441,1349.691358,117.910347,1031.715538
342641.472000,2558,10,90.229277,789.506173,68.972026,603.505224
342756.535000,931,13,32.839506,287.345679,25.102797,219.649478
342783.760000,2962,70,104.479718,914.197531,79.865184,698.820357
342826.473000,1344,26,47.407407,414.814815,36.238625,317.087968
342871.699000,1250,7,44.091711,385.802469,33.704078,294.910684
342890.902000,6935,4,244.620811,2140.432099,186.990226,1636.164476
343009.751000,4441,1,156.649030,1370.679012,119.743849,1047.758679
343009.819000,942,5,33.227513,290.740741,25.399393,222.244692
343013.873000,4921,4,173.580247,1518.827160,132.686215,1161.004382
343014.819000,931,10,32.839506,287.345679,25.102797,219.649478
343143.934000,136,26,4.797178,41.975309,3.667004,32.086282
343145.210000,334,9,11.781305,103.086420,9.005730,78.800135
343145.469000,5312,2,187.372134,1639.506173,143.228851,1253.252444
343248.370000,852,57,30.052910,262.962963,22.972700,201.011122
343276.808000,2250,1,79.365079,694.444444,60.667341,530.839232
343323.738000,2172,84,76.613757,670.370370,58.564206,512.436805
343326.903000,5042,1,177.848325,1556.172840,135.948770,1189.551736
343327.624000,1887,3,66.560847,582.407407,50.879676,445.197169
343393.105000,137,30,4.832451,42.283951,3.693967,32.322211
343498.523000,2240,133,79.012346,691.358025,60.397708,528.479946
343499.343000,2010,3,70.899471,620.370370,54.196158,474.216380
343513.168000,942,15,33.227513,290.740741,25.399393,222.244692
343514.689000,2730,7,96.296296,842.592593,73.609707,644.084934
343521.606000,2384,3,84.091711,735.802469,64.280418,562.453657
343573.390000,202,4,7.125220,62.345679,5.446579,47.657567
343574.559000,1125,13,39.682540,347.222222,30.333670,265.419616
343575.150000,1344,8,47.407407,414.814815,36.238625,317.087968
343575.814000,2599,4,91.675485,802.160494,70.077519,613.178295
343576.366000,4479,10,157.989418,1382.407407,120.768453,1056.723964
343753.652000,2010,7,70.899471,620.370370,54.196158,474.216380
343756.504000,4355,6,153.615520,1344.135802,117.425008,1027.468824
343776.637000,1745,114,61.552028,538.580247,47.050893,411.695315
343822.963000,1887,2,66.560847,582.407407,50.879676,445.197169
343871.040000,4318,3,152.310406,1332.716049,116.427368,1018.739467
343892.790000,7678,2,270.828924,2369.753086,207.023930,1811.459387
343894.832000,139,29,4.902998,42.901235,3.747893,32.794068
344000.305000,853,10,30.088183,263.271605,22.999663,201.247051
344008.833000,2732,1,96.366843,843.209877,73.663633,644.556791
344072.855000,1125,13,39.682540,347.222222,30.333670,265.419616
344074.789000,1887,2,66.560847,582.407407,50.879676,445.197169
344074.805000,4479,28,157.989418,1382.407407,120.768453,1056.723964
344121.460000,1249,8,44.056437,385.493827,33.677115,294.674756
344145.535000,335,9,11.816578,103.395062,9.032693,79.036063
344145.827000,1628,15,57.425044,502.469136,43.896191,384.091675
344277.879000,247,1,8.712522,76.234568,6.659926,58.274351
344395.583000,2561,16,90.335097,790.432099,69.052915,604.213010
344504.082000,2011,34,70.934744,620.679012,54.223121,474.452309
344504.756000,4441,123,156.649030,1370.679012,119.743849,1047.758679
344505.507000,853,8,30.088183,263.271605,22.999663,201.247051
344510.030000,941,4,33.192240,290.432099,25.372430,222.008763
344527.792000,247,3,8.712522,76.234568,6.659926,58.274351
344641.000000,58,3,2.045855,17.901235,1.563869,13.683856
344641.236000,4266,241,150.476190,1316.666667,115.025278,1006.471183
344644.667000,335,11,11.816578,103.395062,9.032693,79.036063
344752.916000,65,52,2.292769,20.061728,1.752612,15.335356
344755.878000,7676,14,270.758377,2369.135802,206.970003,1810.987529
344762.241000,942,43,33.227513,290.740741,25.399393,222.244692
344777.337000,2277,8,80.317460,702.777778,61.395349,537.209302
344780.634000,247,3,8.712522,76.234568,6.659926,58.274351
344822.428000,202,4,7.125220,62.345679,5.446579,47.657567
344892.303000,2239,50,78.977072,691.049383,60.370745,528.244018
345072.453000,1888,1,66.596120,582.716049,50.906640,445.433097
345254.071000,853,7,30.088183,263.271605,22.999663,201.247051
345256.942000,4923,8,173.650794,1519.444444,132.740142,1161.476239
345504.139000,853,11,30.088183,263.271605,22.999663,201.247051
345504.693000,2010,1,70.899471,620.370370,54.196158,474.216380
345527.251000,2603,1,91.816578,803.395062,70.185372,614.122009
345643.089000,335,3,11.816578,103.395062,9.032693,79.036063
345643.320000,866,13,30.546737,267.283951,23.350185,204.314122
345757.518000,4924,7,173.686067,1519.753086,132.767105,1161.712167
345769.183000,2119,16,74.744268,654.012346,57.135153,499.932592
345777.454000,2962,127,104.479718,914.197531,79.865184,698.820357
345780.776000,5442,7,191.957672,1679.629630,146.734075,1283.923155
345827.384000,2176,11,76.754850,671.604938,58.672059,513.380519
345893.313000,1812,4,63.915344,559.259259,48.857432,427.502528
346009.652000,2508,3,88.465608,774.074074,67.623862,591.708797
346029.380000,2433,19,85.820106,750.925926,65.601618,574.014156
346073.712000,1345,8,47.442681,415.123457,36.265588,317.323896
346120.913000,2351,4,82.927690,725.617284,63.390630,554.668015
346122.018000,420,9,14.814815,129.629630,11.324570,99.089990
346143.822000,335,4,11.816578,103.395062,9.032693,79.036063
346253.743000,2011,7,70.934744,620.679012,54.223121,474.452309
346254.616000,1310,45,46.208113,404.320988,35.321874,309.066397
346257.874000,1551,7,54.708995,478.703704,41.820020,365.925177
346258.316000,7675,16,270.723104,2368.827160,206.943040,1810.751601
346261.609000,2508,3,88.465608,774.074074,67.623862,591.708797
346266.638000,2119,15,74.744268,654.012346,57.135153,499.932592
346276.839000,2604,1,91.851852,803.703704,70.212336,614.357937
346277.214000,515,2,18.165785,158.950617,13.886080,121.503202
346281.693000,2335,16,82.363316,720.679012,62.959218,550.893158
346322.927000,1890,170,66.666667,583.333333,50.960566,445.904954
346372.319000,1947,3,68.677249,600.925926,52.497472,459.352882
346393.010000,335,8,11.816578,103.395062,9.032693,79.036063
346504.960000,4443,72,156.719577,1371.296296,119.797776,1048.230536
346506.987000,2011,32,70.934744,620.679012,54.223121,474.452309
346510.837000,934,49,32.945326,288.271605,25.183687,220.357263
346531.190000,2336,1,82.398589,720.987654,62.986181,551.129087
346531.499000,98,6,3.456790,30.246914,2.642400,23.120998
346572.502000,4375,53,154.320988,1350.308642,117.964274,1032.187395
346622.476000,5944,35,209.664903,1834.567901,160.269633,1402.359285
346643.669000,1658,4,58.483245,511.728395,44.705089,391.169532
346754.622000,2011,10,70.934744,620.679012,54.223121,474.452309
346756.963000,3341,11,117.848325,1031.172840,90.084260,788.237277
346762.145000,5550,16,195.767196,1712.962963,149.646107,1309.403438
346823.172000,2176,11,76.754850,671.604938,58.672059,513.380519
346871.053000,254,6,8.959436,78.395062,6.848669,59.925851
346894.474000,2340,7,82.539683,722.222222,63.094034,552.072801
347013.109000,2736,21,96.507937,844.444444,73.771486,645.500506
347013.462000,934,1,32.945326,288.271605,25.183687,220.357263
347013.656000,2508,3,88.465608,774.074074,67.623862,591.708797
347073.984000,1344,8,47.407407,414.814815,36.238625,317.087968
347145.705000,3230,12,113.932981,996.913580,87.091338,762.049208
347147.068000,1658,16,58.483245,511.728395,44.705089,391.169532
347254.959000,1448,50,51.075838,446.913580,39.042804,341.624537
347255.403000,1300,3,45.855379,401.234568,35.052241,306.707112
347256.843000,2012,33,70.970018,620.987654,54.250084,474.688237
347259.596000,2808,42,99.047619,866.666667,75.712841,662.487361
347278.746000,2963,5,104.514991,914.506173,79.892147,699.056286
347323.273000,5664,23,199.788360,1748.148148,152.719919,1336.299292
347372.561000,5617,40,198.130511,1733.641975,151.452646,1325.210650
347374.980000,254,12,8.959436,78.395062,6.848669,59.925851
347503.369000,4925,5,173.721340,1520.061728,132.794068,1161.948096
347503.483000,934,6,32.945326,288.271605,25.183687,220.357263
347503.772000,7675,6,270.723104,2368.827160,206.943040,1810.751601
347508.961000,2736,1,96.507937,844.444444,73.771486,645.500506
347509.002000,2520,3,88.888889,777.777778,67.947422,594.539939
347528.025000,2604,3,91.851852,803.703704,70.212336,614.357937
347532.287000,7679,14,270.864198,2370.061728,207.050893,1811.695315
347756.305000,843,1,29.735450,260.185185,22.730030,198.887765
347781.455000,2336,62,82.398589,720.987654,62.986181,551.129087
347871.289000,539,1,19.012346,166.358025,14.533199,127.165487
347873.770000,5946,30,209.735450,1835.185185,160.323559,1402.831143
347892.859000,3233,1,114.038801,997.839506,87.172228,762.756994
348003.405000,1451,48,51.181658,447.839506,39.123694,342.332322
348005.638000,1293,25,45.608466,399.074074,34.863498,305.055612
348008.366000,936,4,33.015873,288.888889,25.237614,220.829120
348009.849000,7677,1,270.793651,2369.444444,206.996967,1811.223458
348029.740000,320,5,11.287478,98.765432,8.628244,75.497135
348032.109000,2249,1,79.329806,694.135802,60.640377,530.603303
348072.691000,5664,18,199.788360,1748.148148,152.719919,1336.299292
348121.750000,539,5,19.012346,166.358025,14.533199,127.165487
348143.623000,3857,15,136.049383,1190.432099,103.997304,909.976407
348255.877000,2012,33,70.970018,620.987654,54.250084,474.688237
348259.569000,2810,10,99.118166,867.283951,75.766768,662.959218
348276.924000,1287,99,45.396825,397.222222,34.701719,303.640040
348322.759000,1344,9,47.407407,414.814815,36.238625,317.087968
348382.368000,7684,20,271.040564,2371.604938,207.185709,1812.874958
348383.120000,5618,43,198.165785,1733.950617,151.479609,1325.446579
348387.226000,255,8,8.994709,78.703704,6.875632,60.161780
348387.971000,5946,31,209.735450,1835.185185,160.323559,1402.831143
348497.303000,1896,1,66.878307,585.185185,51.122346,447.320526
348498.896000,1859,634,65.573192,573.765432,50.124705,438.591170
348499.052000,4511,11,159.118166,1392.283951,121.631277,1064.273677
348509.792000,1472,64,51.922399,454.320988,39.689922,347.286822
348625.239000,2354,10,83.033510,726.543210,63.471520,555.375800
348626.347000,255,4,8.994709,78.703704,6.875632,60.161780
348640.275000,3233,14,114.038801,997.839506,87.172228,762.756994
348640.802000,6940,14,244.797178,2141.975309,187.125042,1637.344119
348642.524000,7679,5,270.864198,2370.061728,207.050893,1811.695315
348749.875000,1350,13,47.619048,416.666667,36.400404,318.503539
348778.790000,321,4,11.322751,99.074074,8.655207,75.733064
348822.329000,461,23,16.261023,142.283951,12.430064,108.763060
348873.235000,256,7,9.029982,79.012346,6.902595,60.397708
348890.638000,2067,2,72.910053,637.962963,55.733064,487.664307
348891.460000,93,4,3.280423,28.703704,2.507583,21.941355
349029.802000,2442,1,86.137566,753.703704,65.844287,576.137513
349252.006000,1350,20,47.619048,416.666667,36.400404,318.503539
349252.588000,677,5,23.880071,208.950617,18.254129,159.723627
349255.085000,7677,4,270.793651,2369.444444,206.996967,1811.223458
349255.680000,2810,10,99.118166,867.283951,75.766768,662.959218
349260.306000,2623,3,92.522046,809.567901,70.724638,618.840580
349286.661000,3421,2,120.670194,1055.864198,92.241321,807.111560
349286.848000,2249,1,79.329806,694.135802,60.640377,530.603303
349287.146000,381,12,13.439153,117.592593,10.273003,89.888777
349376.835000,5619,54,198.201058,1734.259259,151.506572,1325.682508
349391.457000,6939,1,244.761905,2141.666667,187.098079,1637.108190
349391.635000,3758,4,132.557319,1159.876543,101.327941,886.619481
349392.046000,2066,2,72.874780,637.654321,55.706100,487.428379
349527.617000,2963,83,104.514991,914.506173,79.892147,699.056286
349527.938000,2784,1487,98.201058,859.259259,75.065723,656.825076
349640.560000,6939,16,244.761905,2141.666667,187.098079,1637.108190
349641.701000,92,4,3.245150,28.395062,2.480620,21.705426
349750.142000,676,17,23.844797,208.641975,18.227165,159.487698
349752.105000,1107,3,39.047619,341.666667,29.848332,261.172902
349822.905000,461,28,16.261023,142.283951,12.430064,108.763060
349874.244000,503,3,17.742504,155.246914,13.562521,118.672059
349892.231000,93,6,3.280423,28.703704,2.507583,21.941355
349893.380000,3370,10,118.871252,1040.123457,90.866195,795.079205
350002.587000,7679,2,270.864198,2370.061728,207.050893,1811.695315
350028.365000,3421,1,120.670194,1055.864198,92.241321,807.111560
350028.489000,7666,36,270.405644,2366.049383,206.700371,1808.628244
350071.987000,412,11,14.532628,127.160494,11.108864,97.202562
350073.700000,5665,21,199.823633,1748.456790,152.746882,1336.535221
350130.616000,7684,18,271.040564,2371.604938,207.185709,1812.874958
350143.293000,1470,5,51.851852,453.703704,39.635996,346.814965
350144.325000,7686,2,271.111111,2372.222222,207.239636,1813.346815
350373.856000,5620,70,198.236332,1734.567901,151.533536,1325.918436
350374.102000,2363,4,83.350970,729.320988,63.714189,557.499157
350501.400000,677,5,23.880071,208.950617,18.254129,159.723627
350505.207000,1107,3,39.047619,341.666667,29.848332,261.172902
350516.502000,2742,21,96.719577,846.296296,73.933266,646.916077
350517.042000,150,13,5.291005,46.296296,4.044489,35.389282
350575.539000,4479,22,157.989418,1382.407407,120.768453,1056.723964
350576.024000,1745,3,61.552028,538.580247,47.050893,411.695315
350748.628000,120,1,4.232804,37.037037,3.235592,28.311426
350750.710000,938,25,33.086420,289.506173,25.291540,221.300977
350765.418000,204,13,7.195767,62.962963,5.500506,48.129424
350765.610000,2211,33,77.989418,682.407407,59.615774,521.638018
350773.117000,2590,306,91.358025,799.382716,69.834850,611.054938
350777.075000,501,3,17.671958,154.629630,13.508595,118.200202
350822.567000,3238,3,114.215168,999.382716,87.307044,763.936636
350823.037000,1439,1,50.758377,444.135802,38.800135,339.501180
350890.510000,95,1,3.350970,29.320988,2.561510,22.413212
351000.707000,120,1,4.232804,37.037037,3.235592,28.311426
351000.956000,841,52,29.664903,259.567901,22.676104,198.415908
351013.167000,2741,3,96.684303,845.987654,73.906303,646.680148
351017.097000,7675,1,270.723104,2368.827160,206.943040,1810.751601
351027.053000,322,3,11.358025,99.382716,8.682171,75.968992
351027.928000,384,21,13.544974,118.518519,10.353893,90.596562
351029.353000,7331,11,258.589065,2262.654321,197.667678,1729.592181
351071.947000,1159,1,40.881834,357.716049,31.250421,273.441186
351072.704000,1439,5,50.758377,444.135802,38.800135,339.501180
351074.513000,1745,3,61.552028,538.580247,47.050893,411.695315
351123.302000,7672,2,270.617284,2367.901235,206.862150,1810.043815
351251.896000,2947,19,103.950617,909.567901,79.460735,695.281429
351276.824000,323,1,11.393298,99.691358,8.709134,76.204921
351277.702000,501,3,17.671958,154.629630,13.508595,118.200202
351280.525000,7681,22,270.934744,2370.679012,207.104820,1812.167172
351322.287000,1160,1,40.917108,358.024691,31.277385,273.677115
351373.617000,7675,6,270.723104,2368.827160,206.943040,1810.751601
351495.302000,5544,3,195.555556,1711.111111,149.484328,1307.987867
351511.142000,2741,15,96.684303,845.987654,73.906303,646.680148
351529.396000,2966,33,104.620811,915.432099,79.973037,699.764071
351573.003000,1441,4,50.828924,444.753086,38.854061,339.973037
351574.597000,4479,33,157.989418,1382.407407,120.768453,1056.723964
351623.767000,1416,24,49.947090,437.037037,38.179980,334.074823
351641.034000,859,3,30.299824,265.123457,23.161443,202.662622
351751.605000,941,1,33.192240,290.432099,25.372430,222.008763
351776.802000,323,2,11.393298,99.691358,8.709134,76.204921
351778.841000,2072,61,73.086420,639.506173,55.867880,488.843950
351824.303000,4375,39,154.320988,1350.308642,117.964274,1032.187395
351896.695000,2362,3,83.315697,729.012346,63.687226,557.263229
351997.617000,5544,3,195.555556,1711.111111,149.484328,1307.987867
351998.569000,2811,11,99.153439,867.592593,75.793731,663.195147
351998.585000,941,1,33.192240,290.432099,25.372430,222.008763
352012.740000,6094,9,214.955908,1880.864198,164.314122,1437.748568
352013.355000,188,14,6.631393,58.024691,5.069093,44.354567
352031.137000,2338,61,82.469136,721.604938,63.040108,551.600944
352124.660000,7674,1,270.687831,2368.518519,206.916077,1810.515672
352144.528000,95,1,3.350970,29.320988,2.561510,22.413212
352251.369000,4443,14,156.719577,1371.296296,119.797776,1048.230536
352255.036000,5544,3,195.555556,1711.111111,149.484328,1307.987867
352321.924000,530,9,18.694885,163.580247,14.290529,125.042130
352324.061000,1344,30,47.407407,414.814815,36.238625,317.087968
352374.702000,7674,3,270.687831,2368.518519,206.916077,1810.515672
352391.467000,6942,11,244.867725,2142.592593,187.178969,1637.815976
352395.573000,95,11,3.350970,29.320988,2.561510,22.413212
352502.844000,678,6,23.915344,209.259259,18.281092,159.959555
352503.839000,847,94,29.876543,261.419753,22.837883,199.831480
352506.427000,5544,6,195.555556,1711.111111,149.484328,1307.987867
352507.414000,4482,2,158.095238,1383.333333,120.849343,1057.431749
352527.196000,501,3,17.671958,154.629630,13.508595,118.200202
352576.055000,1442,4,50.864198,445.061728,38.881025,340.208965
352641.370000,2937,72,103.597884,906.481481,79.191102,692.922144
352643.535000,6525,115,230.158730,2013.888889,175.935288,1539.433771
352643.608000,3354,21,118.306878,1035.185185,90.434783,791.304348
352754.126000,941,34,33.192240,290.432099,25.372430,222.008763
352754.320000,2946,19,103.915344,909.259259,79.433771,695.045501
352758.828000,1193,62,42.081129,368.209877,32.167172,281.462757
352762.112000,716,5,25.255732,220.987654,19.305696,168.924840
352777.045000,2964,35,104.550265,914.814815,79.919110,699.292214
352824.157000,462,22,16.296296,142.592593,12.457027,108.998989
352826.168000,1344,1,47.407407,414.814815,36.238625,317.087968
352876.128000,5624,43,198.377425,1735.802469,151.641389,1326.862150
352876.443000,7675,3,270.723104,2368.827160,206.943040,1810.751601
352892.087000,96,1,3.386243,29.629630,2.588473,22.649141
353004.639000,4443,50,156.719577,1371.296296,119.797776,1048.230536
353007.993000,2814,46,99.259259,868.518519,75.874621,663.902932
353008.060000,4484,30,158.165785,1383.950617,120.903269,1057.903606
353028.220000,3814,2,134.532628,1177.160494,102.837883,899.831480
353073.149000,10,13,0.352734,3.086420,0.269633,2.359285
353123.518000,2422,9,85.432099,747.530864,65.305022,571.418942
353247.799000,4501,9,158.765432,1389.197531,121.361645,1061.914392
353277.351000,3815,1,134.567901,1177.469136,102.864847,900.067408
353278.757000,2965,41,104.585538,915.123457,79.946073,699.528143
353281.989000,2338,60,82.469136,721.604938,63.040108,551.600944
353322.044000,533,1,18.800705,164.506173,14.371419,125.749916
353323.689000,1344,18,47.407407,414.814815,36.238625,317.087968
353324.168000,4377,44,154.391534,1350.925926,118.018200,1032.659252
353376.225000,1419,3,50.052910,437.962963,38.260870,334.782609
353377.172000,2366,3,83.456790,730.246914,63.795079,558.206943
353501.062000,5545,2,195.590829,1711.419753,149.511291,1308.223795
353512.048000,7372,45,260.035273,2275.308642,198.773172,1739.265251
353527.447000,7680,8,270.899471,2370.370370,207.077856,1811.931244
353572.550000,533,3,18.800705,164.506173,14.371419,125.749916
353624.027000,4259,16,150.229277,1314.506173,114.836535,1004.819683
353624.608000,2475,1,87.301587,763.888889,66.734075,583.923155
353756.492000,2030,21,71.604938,626.543210,54.735423,478.934951
353761.864000,942,49,33.227513,290.740741,25.399393,222.244692
353778.180000,2965,19,104.585538,915.123457,79.946073,699.528143
353778.356000,503,5,17.742504,155.246914,13.562521,118.672059
353822.665000,412,3,14.532628,127.160494,11.108864,97.202562
353824.880000,436,11,15.379189,134.567901,11.755982,102.864847
353825.194000,506,19,17.848325,156.172840,13.643411,119.379845
354002.653000,1453,49,51.252205,448.456790,39.177620,342.804179
354004.253000,5546,1,195.626102,1711.728395,149.538254,1308.459724
354005.570000,942,235,33.227513,290.740741,25.399393,222.244692
354014.747000,2744,20,96.790123,846.913580,73.987192,647.387934
354019.549000,5431,9,191.569665,1676.234568,146.437479,1281.327941
354073.070000,1345,1,47.442681,415.123457,36.265588,317.323896
354247.942000,2031,1,71.640212,626.851852,54.762386,479.170880
354250.008000,942,55,33.227513,290.740741,25.399393,222.244692
354281.419000,12,26,0.423280,3.703704,0.323559,2.831143
354324.101000,4481,22,158.059965,1383.024691,120.822380,1057.195821
354324.662000,1345,4,47.442681,415.123457,36.265588,317.323896
354375.730000,5626,7,198.447972,1736.419753,151.695315,1327.334007
354397.032000,339,20,11.957672,104.629630,9.140546,79.979778
354499.582000,1348,3,47.548501,416.049383,36.346478,318.031682
354573.739000,465,40,16.402116,143.518519,12.537917,109.706775
354575.483000,1345,4,47.442681,415.123457,36.265588,317.323896
354633.167000,262,58,9.241623,80.864198,7.064375,61.813279
354647.516000,1081,66,38.130511,333.641975,29.147287,255.038760
354743.994000,2030,21,71.604938,626.543210,54.735423,478.934951
354777.356000,505,8,17.813051,155.864198,13.616448,119.143916
354777.846000,2965,74,104.585538,915.123457,79.946073,699.528143
354822.211000,1972,3,69.559083,608.641975,53.171554,465.251095
354877.912000,320,50,11.287478,98.765432,8.628244,75.497135
354878.796000,543,61,19.153439,167.592593,14.641052,128.109201
355072.325000,417,3,14.708995,128.703704,11.243680,98.382204
355141.806000,1352,2,47.689594,417.283951,36.454331,318.975396
355143.567000,1615,15,56.966490,498.456790,43.545669,381.024604
355144.352000,1290,7,45.502646,398.148148,34.782609,304.347826
355499.553000,4503,9,158.835979,1389.814815,121.415571,1062.386249
355621.306000,2475,2,87.301587,763.888889,66.734075,583.923155
355755.681000,4492,74,158.447972,1386.419753,121.118975,1059.791035
355763.676000,2745,15,96.825397,847.222222,74.014156,647.623862
355768.939000,7370,23,259.964727,2274.691358,198.719245,1738.793394
355780.640000,2341,60,82.574956,722.530864,63.120998,552.308729
355781.317000,5193,17,183.174603,1602.777778,140.020222,1225.176946
356027.589000,2965,7,104.585538,915.123457,79.946073,699.528143
356028.041000,4559,12,160.811287,1407.098765,122.925514,1075.598247
356072.799000,535,9,18.871252,165.123457,14.425345,126.221773
356074.357000,1125,20,39.682540,347.222222,30.333670,265.419616
356075.028000,4482,8,158.095238,1383.333333,120.849343,1057.431749
356120.812000,2322,6,81.904762,716.666667,62.608696,547.826087
356141.502000,2944,51,103.844797,908.641975,79.379845,694.573643
356142.016000,100,6,3.527337,30.864198,2.696326,23.592855
356142.252000,2217,500,78.201058,684.259259,59.777553,523.053589
356246.330000,4504,8,158.871252,1390.123457,121.442535,1062.622177
356322.382000,3070,9,108.289242,947.530864,82.777216,724.300640
356579.626000,2011,26,70.934744,620.679012,54.223121,474.452309
356621.240000,2366,3,83.456790,730.246914,63.795079,558.206943
356641.718000,7683,11,271.005291,2371.296296,207.158746,1812.639029
356760.691000,2745,14,96.825397,847.222222,74.014156,647.623862
356776.995000,2965,34,104.585538,915.123457,79.946073,699.528143
356781.847000,13,9,0.458554,4.012346,0.350522,3.067071
356826.519000,358,13,12.627866,110.493827,9.652848,84.462420
357000.283000,5519,46,194.673721,1703.395062,148.810246,1302.089653
357013.128000,2383,13,84.056437,735.493827,64.253455,562.217728
357028.927000,2965,12,104.585538,915.123457,79.946073,699.528143
357077.700000,1459,3,51.463845,450.308642,39.339400,344.219751
357078.821000,4482,16,158.095238,1383.333333,120.849343,1057.431749
357120.607000,1742,55,61.446208,537.654321,46.970003,410.987529
357246.407000,4491,73,158.412698,1386.111111,121.092012,1059.555106
357326.448000,536,6,18.906526,165.432099,14.452309,126.457701
357327.558000,442,21,15.590829,136.419753,11.917762,104.280418
357328.018000,1291,2,45.537919,398.456790,34.809572,304.583755
357372.952000,5642,3,199.012346,1741.358025,152.126727,1331.108864
357376.416000,272,64,9.594356,83.950617,7.334007,64.172565
357390.436000,3238,1,114.215168,999.382716,87.307044,763.936636
357515.779000,20,36,0.705467,6.172840,0.539265,4.718571
357530.924000,14,49,0.493827,4.320988,0.377486,3.303000
357579.322000,2401,9,84.691358,741.049383,64.738793,566.464442
357582.066000,361,24,12.733686,111.419753,9.733738,85.170206
357641.549000,3238,11,114.215168,999.382716,87.307044,763.936636
357642.205000,2556,4,90.158730,788.888889,68.918099,603.033367
357873.554000,1292,7,45.573192,398.765432,34.836535,304.819683
357882.537000,2372,10,83.668430,732.098765,63.956859,559.622514
357892.368000,7683,14,271.005291,2371.296296,207.158746,1812.639029
358007.439000,1455,41,51.322751,449.074074,39.231547,343.276036
358073.613000,3073,1,108.395062,948.456790,82.858106,725.008426
358121.183000,1250,19,44.091711,385.802469,33.704078,294.910684
358121.679000,5654,2,199.435626,1745.061728,152.450286,1333.940007
358257.244000,948,89,33.439153,292.592593,25.561173,223.660263
358271.087000,2923,14,103.104056,902.160494,78.813616,689.619144
358326.246000,4489,34,158.342152,1385.493827,121.038086,1059.083249
358390.940000,2262,9,79.788360,698.148148,60.990900,533.670374
358526.754000,322,204,11.358025,99.382716,8.682171,75.968992
358527.892000,2965,69,104.585538,915.123457,79.946073,699.528143
358530.435000,2346,1,82.751323,724.074074,63.255814,553.488372
358620.955000,5655,1,199.470899,1745.370370,152.477250,1334.175935
358641.305000,2262,9,79.788360,698.148148,60.990900,533.670374
358825.536000,2401,26,84.691358,741.049383,64.738793,566.464442
358826.955000,1347,3,47.513228,415.740741,36.319515,317.795753
358891.667000,342,5,12.063492,105.555556,9.221436,80.687563
359033.396000,15,16,0.529101,4.629630,0.404449,3.538928
359331.136000,3070,9,108.289242,947.530864,82.777216,724.300640
359492.988000,2738,6,96.578483,845.061728,73.825413,645.972363
359526.982000,2965,69,104.585538,915.123457,79.946073,699.528143
359527.897000,3815,1,134.567901,1177.469136,102.864847,900.067408
359576.197000,2401,50,84.691358,741.049383,64.738793,566.464442
359578.474000,4356,18,153.650794,1344.444444,117.451972,1027.704752
359748.554000,1618,35,57.072310,499.382716,43.626559,381.732390
359776.696000,2668,28,94.109347,823.456790,71.937984,629.457364
359778.584000,2783,1487,98.165785,858.950617,75.038760,656.589147
359781.315000,7685,3,271.075838,2371.913580,207.212673,1813.110886
359823.064000,7681,4,270.934744,2370.679012,207.104820,1812.167172
359823.665000,3072,10,108.359788,948.148148,82.831143,724.772497
359870.705000,1356,1,47.830688,418.518519,36.562184,319.919110
359892.027000,3239,10,114.250441,999.691358,87.334007,764.172565
359893.583000,343,18,12.098765,105.864198,9.248399,80.923492
359895.362000,2217,335,78.201058,684.259259,59.777553,523.053589
359994.325000,1479,14,52.169312,456.481481,39.878665,348.938322
360011.284000,27,9,0.952381,8.333333,0.728008,6.370071
360027.952000,3814,2,134.532628,1177.160494,102.837883,899.831480
360073.918000,2181,30,76.931217,673.148148,58.806876,514.560162
360077.227000,1131,11,39.894180,349.074074,30.495450,266.835187
360124.705000,132,14,4.656085,40.740741,3.559151,31.142568
360142.214000,1357,1,47.865961,418.827160,36.589147,320.155039
360143.618000,2261,12,79.753086,697.839506,60.963937,533.434446
360246.214000,5593,2,197.283951,1726.234568,150.805527,1319.548365
360246.562000,1594,4,56.225750,491.975309,42.979441,376.070104
360323.401000,132,14,4.656085,40.740741,3.559151,31.142568
360323.804000,2404,30,84.797178,741.975309,64.819683,567.172228
360327.607000,1347,36,47.513228,415.740741,36.319515,317.795753
360492.693000,2739,7,96.613757,845.370370,73.852376,646.208291
360497.374000,1292,18,45.573192,398.765432,34.836535,304.819683
360513.411000,186,28,6.560847,57.407407,5.015167,43.882710
360526.909000,2710,2,95.590829,836.419753,73.070442,639.366363
360529.265000,1754,69,61.869489,541.358025,47.293563,413.818672
360621.470000,1358,6,47.901235,419.135802,36.616111,320.390967
360641.279000,1813,12,63.950617,559.567901,48.884395,427.738456
360641.576000,6934,15,244.585538,2140.123457,186.963263,1635.928547
360764.395000,1204,19,42.469136,371.604938,32.463768,284.057971
360777.128000,2349,40,82.857143,725.000000,63.336704,554.196158
360822.248000,3525,16,124.338624,1087.962963,95.045501,831.648129
360823.886000,4377,11,154.391534,1350.925926,118.018200,1032.659252
360993.326000,2736,1078,96.507937,844.444444,73.771486,645.500506
361018.978000,1204,3,42.469136,371.604938,32.463768,284.057971
361026.979000,1304,23,45.996473,402.469136,35.160094,307.650826
361072.387000,1129,5,39.823633,348.456790,30.441523,266.363330
361142.759000,3239,1,114.250441,999.691358,87.334007,764.172565
361143.123000,4266,225,150.476190,1316.666667,115.025278,1006.471183
361146.065000,3367,9,118.765432,1039.197531,90.785305,794.371419
361147.078000,4546,8,160.352734,1403.086420,122.574992,1072.531176
361243.497000,1620,12,57.142857,500.000000,43.680485,382.204247
361263.184000,27,291,0.952381,8.333333,0.728008,6.370071
361265.032000,188,20,6.631393,58.024691,5.069093,44.354567
361280.206000,2349,5,82.857143,725.000000,63.336704,554.196158
361391.062000,7655,3,270.017637,2362.654321,206.403775,1806.033030
361392.834000,101,2,3.562610,31.172840,2.723290,23.828783
361527.203000,2712,67,95.661376,837.037037,73.124368,639.838220
361641.685000,6930,14,244.444444,2138.888889,186.855410,1634.984833
361643.860000,4546,8,160.352734,1403.086420,122.574992,1072.531176
361643.930000,345,17,12.169312,106.481481,9.302326,81.395349
361764.103000,1204,1,42.469136,371.604938,32.463768,284.057971
361765.135000,27,65,0.952381,8.333333,0.728008,6.370071
361777.601000,2713,31,95.696649,837.345679,73.151331,640.074149
361778.063000,2283,2,80.529101,704.629630,61.557128,538.624874
361823.264000,2404,37,84.797178,741.975309,64.819683,567.172228
361897.445000,101,4,3.562610,31.172840,2.723290,23.828783
361993.155000,948,8,33.439153,292.592593,25.561173,223.660263
361993.375000,5596,11,197.389771,1727.160494,150.886417,1320.256151
361993.461000,3371,9,118.906526,1040.432099,90.893158,795.315133
362037.972000,2350,1,82.892416,725.308642,63.363667,554.432086
362122.503000,3022,1,106.596120,932.716049,81.482979,712.976070
362142.562000,6930,13,244.444444,2138.888889,186.855410,1634.984833
362244.407000,1622,25,57.213404,500.617284,43.734412,382.676104
362264.694000,27,96,0.952381,8.333333,0.728008,6.370071
362276.608000,4562,17,160.917108,1408.024691,123.006404,1076.306033
362277.509000,2673,9,94.285714,825.000000,72.072801,630.637007
362281.296000,1967,62,69.382716,607.098765,53.036737,464.071453
362323.151000,129,33,4.550265,39.814815,3.478261,30.434783
362324.993000,363,14,12.804233,112.037037,9.787664,85.642063
362325.611000,3074,1,108.430335,948.765432,82.885069,725.244355
362372.996000,3023,3,106.631393,933.024691,81.509943,713.211999
362391.663000,3240,6,114.285714,1000.000000,87.360971,764.408493
362391.892000,4269,217,150.582011,1317.592593,115.106168,1007.178969
362495.170000,949,1,33.474427,292.901235,25.588136,223.896191
362512.219000,1206,1,42.539683,372.222222,32.517695,284.529828
362516.381000,5327,13,187.901235,1644.135802,143.633300,1256.791372
362535.823000,4911,4,173.227513,1515.740741,132.416582,1158.645096
362654.945000,2260,10,79.717813,697.530864,60.936973,533.198517
362742.767000,1351,1,47.654321,416.975309,36.427368,318.739467
362743.848000,1479,1,52.169312,456.481481,39.878665,348.938322
362743.912000,4445,23,156.790123,1371.913580,119.851702,1048.702393
362746.026000,950,1,33.509700,293.209877,25.615099,224.132120
362760.338000,27,34,0.952381,8.333333,0.728008,6.370071
362779.704000,2714,51,95.731922,837.654321,73.178295,640.310078
362891.066000,1813,19,63.950617,559.567901,48.884395,427.738456
362892.202000,3861,82,136.190476,1191.666667,104.105157,910.920121
362895.200000,101,5,3.562610,31.172840,2.723290,23.828783
362997.560000,5593,2,197.283951,1726.234568,150.805527,1319.548365
363013.870000,2936,10,103.562610,906.172840,79.164139,692.686215
363019.846000,2599,43,91.675485,802.160494,70.077519,613.178295
363034.170000,2352,1,82.962963,725.925926,63.417594,554.903943
363072.085000,3075,2,108.465608,949.074074,82.912032,725.480283
363280.227000,2715,51,95.767196,837.962963,73.205258,640.546006
363323.240000,2093,14,73.827160,645.987654,56.434109,493.798450
363372.979000,1360,1,47.971781,419.753086,36.670037,320.862824
363392.226000,6485,1,228.747795,2001.543210,174.856758,1529.996630
363394.836000,4549,9,160.458554,1404.012346,122.655881,1073.238962
363493.037000,1961,97,69.171076,605.246914,52.874958,462.655881
363493.991000,3246,2,114.497354,1001.851852,87.522750,765.824065
363497.846000,951,9,33.544974,293.518519,25.642063,224.368049
363498.798000,4498,22,158.659612,1388.271605,121.280755,1061.206606
363513.510000,1206,1,42.539683,372.222222,32.517695,284.529828
363534.929000,2284,5,80.564374,704.938272,61.584092,538.860802
363576.310000,4380,19,154.497354,1351.851852,118.099090,1033.367037
363577.484000,1131,16,39.894180,349.074074,30.495450,266.835187
363621.158000,1361,3,48.007055,420.061728,36.697000,321.098753
363640.669000,7655,4,270.017637,2362.654321,206.403775,1806.033030
363641.226000,4268,238,150.546737,1317.283951,115.079205,1006.943040
363645.471000,7681,18,270.934744,2370.679012,207.104820,1812.167172
363646.624000,104,2,3.668430,32.098765,2.804179,24.536569
363646.922000,1513,17,53.368607,466.975309,40.795416,356.959892
363748.515000,5518,37,194.638448,1703.086420,148.783283,1301.853724
363787.659000,2352,5,82.962963,725.925926,63.417594,554.903943
363822.385000,132,18,4.656085,40.740741,3.559151,31.142568
363871.060000,1360,4,47.971781,419.753086,36.670037,320.862824
363891.603000,2331,52,82.222222,719.444444,62.851365,549.949444
363892.257000,2227,2,78.553792,687.345679,60.047186,525.412875
363997.658000,951,4,33.544974,293.518519,25.642063,224.368049
363998.534000,4884,12,172.275132,1507.407407,131.688574,1152.275025
363998.882000,5518,1,194.638448,1703.086420,148.783283,1301.853724
364035.093000,1967,94,69.382716,607.098765,53.036737,464.071453
364035.568000,507,6,17.883598,156.481481,13.670374,119.615774
364036.447000,1967,62,69.382716,607.098765,53.036737,464.071453
364073.317000,132,12,4.656085,40.740741,3.559151,31.142568
364075.644000,1130,16,39.858907,348.765432,30.468487,266.599259
364243.476000,4449,75,156.931217,1373.148148,119.959555,1049.646107
364243.731000,1484,1,52.345679,458.024691,40.013482,350.117964
364246.507000,3378,4,119.153439,1042.592593,91.081901,796.966633
364324.784000,3075,3,108.465608,949.074074,82.912032,725.480283
364493.578000,7686,11,271.111111,2372.222222,207.239636,1813.346815
364494.558000,5518,37,194.638448,1703.086420,148.783283,1301.853724
364494.692000,953,7,33.615520,294.135802,25.695989,224.839906
364536.317000,2284,5,80.564374,704.938272,61.584092,538.860802
364540.494000,2352,44,82.962963,725.925926,63.417594,554.903943
364576.763000,132,22,4.656085,40.740741,3.559151,31.142568
364748.727000,2740,3,96.649030,845.679012,73.879339,646.444220
364750.461000,4884,29,172.275132,1507.407407,131.688574,1152.275025
364750.965000,3379,3,119.188713,1042.901235,91.108864,797.202562
364764.032000,189,22,6.666667,58.333333,5.096057,44.590495
364783.089000,507,29,17.883598,156.481481,13.670374,119.615774
364784.343000,2284,3,80.564374,704.938272,61.584092,538.860802
364870.969000,3906,1,137.777778,1205.555556,105.318504,921.536906
364995.548000,954,3,33.650794,294.444444,25.722952,225.075834
364995.766000,3379,5,119.188713,1042.901235,91.108864,797.202562
365016.201000,2043,681,72.063492,630.555556,55.085945,482.002022
365021.074000,2386,10,84.162257,736.419753,64.334344,562.925514
365036.337000,332,121,11.710758,102.469136,8.951803,78.328278
365121.216000,3906,10,137.777778,1205.555556,105.318504,921.536906
365141.907000,3634,2,128.183422,1121.604938,97.984496,857.364341
365251.119000,3378,4,119.153439,1042.592593,91.081901,796.966633
365268.008000,5329,6,187.971781,1644.753086,143.687226,1257.263229
365325.940000,3775,3,133.156966,1165.123457,101.786316,890.630266
365327.160000,135,19,4.761905,41.666667,3.640040,31.850354
365381.026000,3907,24,137.813051,1205.864198,105.345467,921.772835
365383.808000,1365,7,48.148148,421.296296,36.804853,322.042467
365495.993000,952,8,33.580247,293.827160,25.669026,224.603977
365496.548000,5593,2,197.283951,1726.234568,150.805527,1319.548365
365511.615000,2433,2,85.820106,750.925926,65.601618,574.014156
365536.691000,2353,35,82.998236,726.234568,63.444557,555.139872
365645.617000,1519,15,53.580247,468.827160,40.957196,358.375463
365761.491000,5330,8,188.007055,1645.061728,143.714189,1257.499157
365762.140000,2441,8,86.102293,753.395062,65.817324,575.901584
365783.688000,335,1,11.816578,103.395062,9.032693,79.036063
365784.491000,507,17,17.883598,156.481481,13.670374,119.615774
365833.429000,438,26,15.449735,135.185185,11.809909,103.336704
366032.815000,7685,19,271.075838,2371.913580,207.212673,1813.110886
366034.100000,4101,12,144.656085,1265.740741,110.576340,967.542973
366076.470000,2192,3,77.319224,676.543210,59.103472,517.155376
366123.738000,557,9,19.647266,171.913580,15.018537,131.412201
366124.633000,1364,9,48.112875,420.987654,36.777890,321.806539
366143.031000,7686,166,271.111111,2372.222222,207.239636,1813.346815
366253.571000,953,4,33.615520,294.135802,25.695989,224.839906
366261.851000,2045,64,72.134039,631.172840,55.139872,482.473879
366327.873000,136,9,4.797178,41.975309,3.667004,32.086282
366328.527000,842,2,29.700176,259.876543,22.703067,198.651837
366330.537000,4381,11,154.532628,1352.160494,118.126053,1033.602966
366391.123000,7686,17,271.111111,2372.222222,207.239636,1813.346815
366533.817000,7685,21,271.075838,2371.913580,207.212673,1813.110886
366534.464000,2354,36,83.033510,726.543210,63.471520,555.375800
366625.724000,2453,9,86.525573,757.098765,66.140883,578.732727
366625.890000,3907,9,137.813051,1205.864198,105.345467,921.772835
366640.946000,7686,1,271.111111,2372.222222,207.239636,1813.346815
366749.728000,2047,34,72.204586,631.790123,55.193798,482.945736
366750.365000,4449,141,156.931217,1373.148148,119.959555,1049.646107
366761.621000,2435,12,85.890653,751.543210,65.655544,574.486013
366777.578000,338,4,11.922399,104.320988,9.113583,79.743849
366828.725000,6192,53,218.412698,1911.111111,166.956522,1460.869565
366890.715000,7686,25,271.111111,2372.222222,207.239636,1813.346815
366891.461000,7656,3,270.052910,2362.962963,206.430738,1806.268959
366893.947000,6528,500,230.264550,2014.814815,176.016178,1540.141557
367001.024000,5594,27,197.319224,1726.543210,150.832491,1319.784294
367001.408000,954,3,33.650794,294.444444,25.722952,225.075834
367014.303000,5547,3,195.661376,1712.037037,149.565217,1308.695652
367014.603000,2045,145,72.134039,631.172840,55.139872,482.473879
367078.144000,2192,3,77.319224,676.543210,59.103472,517.155376
367080.008000,2294,15,80.917108,708.024691,61.853724,541.220088
367124.498000,1420,2,50.088183,438.271605,38.287833,335.018537
367125.468000,3908,10,137.848325,1206.172840,105.372430,922.008763
367144.671000,1649,3,58.165785,508.950617,44.462420,389.046175
367145.612000,1521,19,53.650794,469.444444,41.011122,358.847321
367250.681000,2068,32,72.945326,638.271605,55.760027,487.900236
367253.199000,5521,86,194.744268,1704.012346,148.864173,1302.561510
367261.267000,2435,1,85.890653,751.543210,65.655544,574.486013
367323.419000,436,3,15.379189,134.567901,11.755982,102.864847
367394.986000,1521,1,53.650794,469.444444,41.011122,358.847321
367577.333000,302,16,10.652557,93.209877,8.142905,71.250421
367629.244000,3909,26,137.883598,1206.481481,105.399393,922.244692
367630.352000,2455,9,86.596120,757.716049,66.194810,579.204584
367633.452000,6193,17,218.447972,1911.419753,166.983485,1461.105494
367641.580000,7686,133,271.111111,2372.222222,207.239636,1813.346815
367644.031000,7679,5,270.864198,2370.061728,207.050893,1811.695315
367766.483000,2435,15,85.890653,751.543210,65.655544,574.486013
367772.969000,6557,4,231.287478,2023.765432,176.798113,1546.983485
367773.860000,2442,106,86.137566,753.703704,65.844287,576.137513
367779.910000,7679,7,270.864198,2370.061728,207.050893,1811.695315
367875.071000,1366,6,48.183422,421.604938,36.831817,322.278396
367892.925000,3374,9,119.012346,1041.358025,90.974048,796.022919
367893.211000,1527,17,53.862434,471.296296,41.172902,360.262892
368000.937000,4929,21,173.862434,1521.296296,132.901921,1162.891810
368003.734000,5595,38,197.354497,1726.851852,150.859454,1320.020222
368008.045000,2045,178,72.134039,631.172840,55.139872,482.473879
368013.094000,6557,6,231.287478,2023.765432,176.798113,1546.983485
368033.245000,845,1,29.805996,260.802469,22.783957,199.359623
368076.607000,141,15,4.973545,43.518519,3.801820,33.265925
368131.515000,3905,42,137.742504,1205.246914,105.291540,921.300977
368134.384000,2325,3,82.010582,717.592593,62.689585,548.533873
368249.476000,2183,45,77.001764,673.765432,58.860802,515.032019
368249.984000,440,2,15.520282,135.802469,11.863836,103.808561
368263.662000,6557,12,231.287478,2023.765432,176.798113,1546.983485
368395.865000,5833,1,205.749559,1800.308642,157.276710,1376.171217
368396.375000,7686,117,271.111111,2372.222222,207.239636,1813.346815
368397.991000,6531,31,230.370370,2015.740741,176.097068,1540.849343
368494.659000,2185,1,77.072310,674.382716,58.914729,515.503876
368506.420000,2046,82,72.169312,631.481481,55.166835,482.709808
368509.085000,2442,133,86.137566,753.703704,65.844287,576.137513
368533.767000,341,142,12.028219,105.246914,9.194473,80.451635
368534.228000,4810,8,169.664903,1484.567901,129.693293,1134.816313
368537.150000,2015,22,71.075838,621.913580,54.330974,475.396023
368649.647000,3374,9,119.012346,1041.358025,90.974048,796.022919
368744.844000,4495,41,158.553792,1387.345679,121.199865,1060.498820
368762.695000,2443,22,86.172840,754.012346,65.871250,576.373441
368781.923000,4563,12,160.952381,1408.333333,123.033367,1076.541962
368784.013000,845,3,29.805996,260.802469,22.783957,199.359623
368904.462000,1523,18,53.721340,470.061728,41.065049,359.319178
368905.236000,1654,4,58.342152,510.493827,44.597236,390.225817
368993.034000,2183,45,77.001764,673.765432,58.860802,515.032019
369007.969000,569,20,20.070547,175.617284,15.342096,134.243343
369009.534000,5552,1,195.837743,1713.580247,149.700034,1309.875295
369076.364000,1347,70,47.513228,415.740741,36.319515,317.795753
369158.565000,551,1,19.435626,170.061728,14.856758,129.996630
369242.981000,2553,1,90.052910,787.962963,68.837209,602.325581
369243.338000,5596,3,197.389771,1727.160494,150.886417,1320.256151
369257.409000,4898,13,172.768959,1511.728395,132.066060,1155.578025
369264.222000,2443,31,86.172840,754.012346,65.871250,576.373441
369265.000000,2444,2,86.208113,754.320988,65.898214,576.609370
369286.745000,4810,4,169.664903,1484.567901,129.693293,1134.816313
369328.711000,6194,18,218.483245,1911.728395,167.010448,1461.341422
369376.363000,5834,1,205.784832,1800.617284,157.303674,1376.407145
369378.255000,813,9,28.677249,250.925926,21.921132,191.809909
369399.516000,7686,70,271.111111,2372.222222,207.239636,1813.346815
369399.703000,10,5,0.352734,3.086420,0.269633,2.359285
369400.657000,1032,15,36.402116,318.518519,27.826087,243.478261
369401.410000,7686,10,271.111111,2372.222222,207.239636,1813.346815
369404.311000,6533,26,230.440917,2016.358025,176.150994,1541.321200
369493.169000,1728,4,60.952381,533.333333,46.592518,407.684530
369508.567000,5550,6,195.767196,1712.962963,149.646107,1309.403438
369532.146000,3569,30,125.890653,1101.543210,96.231884,842.028986
369578.858000,2967,1,104.656085,915.740741,80.000000,700.000000
369581.604000,2602,2,91.781305,803.086420,70.158409,613.886080
369581.673000,813,23,28.677249,250.925926,21.921132,191.809909
369743.007000,157,1,5.537919,48.456790,4.233232,37.040782
369743.635000,866,5,30.546737,267.283951,23.350185,204.314122
369765.947000,5429,9,191.499118,1675.617284,146.383552,1280.856084
369766.405000,2444,19,86.208113,754.320988,65.898214,576.609370
369779.706000,4810,7,169.664903,1484.567901,129.693293,1134.816313
369822.717000,1441,1,50.828924,444.753086,38.854061,339.973037
369823.016000,2843,1,100.282187,877.469136,76.656555,670.744860
369896.107000,10,5,0.352734,3.086420,0.269633,2.359285
369896.271000,7686,1,271.111111,2372.222222,207.239636,1813.346815
369896.504000,1032,15,36.402116,318.518519,27.826087,243.478261
369899.892000,7676,17,270.758377,2369.135802,206.970003,1810.987529
369993.198000,3039,13,107.195767,937.962963,81.941355,716.986855
369993.555000,2185,1,77.072310,674.382716,58.914729,515.503876
370008.595000,2001,334,70.582011,617.592593,53.953488,472.093023
370010.102000,189,9,6.666667,58.333333,5.096057,44.590495
370019.418000,5331,24,188.042328,1645.370370,143.741153,1257.735086
370028.634000,7676,20,270.758377,2369.135802,206.970003,1810.987529
370146.148000,7686,1,271.111111,2372.222222,207.239636,1813.346815
370147.433000,1034,8,36.472663,319.135802,27.880013,243.950118
370242.685000,2185,1,77.072310,674.382716,58.914729,515.503876
370257.679000,857,112,30.229277,264.506173,23.107516,202.190765
370265.761000,5429,9,191.499118,1675.617284,146.383552,1280.856084
370323.243000,2967,26,104.656085,915.740741,80.000000,700.000000
370324.382000,2841,12,100.211640,876.851852,76.602629,670.273003
370493.327000,158,1,5.573192,48.765432,4.260195,37.276710
370507.262000,190,18,6.701940,58.641975,5.123020,44.826424
370514.488000,2446,55,86.278660,754.938272,65.952140,577.081227
370515.186000,7685,27,271.075838,2371.913580,207.212673,1813.110886
370526.535000,3350,2,118.165785,1033.950617,90.326930,790.360634
370575.717000,4382,21,154.567901,1352.469136,118.153017,1033.838895
370647.058000,1035,11,36.507937,319.444444,27.906977,244.186047
370749.543000,3469,15,122.363316,1070.679012,93.535558,818.436131
370750.766000,5536,85,195.273369,1708.641975,149.268622,1306.100438
370756.294000,190,1,6.701940,58.641975,5.123020,44.826424
370759.600000,5429,9,191.499118,1675.617284,146.383552,1280.856084
370776.746000,4933,17,174.003527,1522.530864,133.009774,1163.835524
370822.698000,535,9,18.871252,165.123457,14.425345,126.221773
370823.289000,1859,2,65.573192,573.765432,50.124705,438.591170
370824.717000,2603,1,91.816578,803.395062,70.185372,614.122009
370897.165000,1036,16,36.543210,319.753086,27.933940,244.421975
370897.593000,1742,30,61.446208,537.654321,46.970003,410.987529
371012.118000,5429,9,191.499118,1675.617284,146.383552,1280.856084
371029.584000,507,25,17.883598,156.481481,13.670374,119.615774
371031.923000,245,2,8.641975,75.617284,6.605999,57.802494
371074.312000,830,58,29.276896,256.172840,22.379508,195.820694
371147.451000,2966,2,104.620811,915.432099,79.973037,699.764071
371244.862000,1311,5,46.243386,404.629630,35.348837,309.302326
371257.282000,190,21,6.701940,58.641975,5.123020,44.826424
371258.074000,860,22,30.335097,265.432099,23.188406,202.898551
371322.558000,3090,1,108.994709,953.703704,83.316481,729.019211
371375.866000,1313,15,46.313933,405.246914,35.402764,309.774183
371509.797000,2446,309,86.278660,754.938272,65.952140,577.081227
371529.873000,6201,10,218.730159,1913.888889,167.199191,1462.992922
371530.114000,4565,12,161.022928,1408.950617,123.087294,1077.013819
371530.502000,2594,3,91.499118,800.617284,69.942703,611.998652
371532.848000,2017,22,71.146384,622.530864,54.384901,475.867880
371534.219000,7677,23,270.793651,2369.444444,206.996967,1811.223458
371572.673000,5211,2,183.809524,1608.333333,140.505561,1229.423660
371574.905000,843,59,29.735450,260.185185,22.730030,198.887765
371651.518000,1528,5,53.897707,471.604938,41.199865,360.498820
371743.663000,4495,9,158.553792,1387.345679,121.199865,1060.498820
371757.347000,1788,11,63.068783,551.851852,48.210313,421.840243
371822.206000,536,6,18.906526,165.432099,14.452309,126.457701
371906.970000,2673,3,94.285714,825.000000,72.072801,630.637007
371999.188000,3475,16,122.574956,1072.530864,93.697337,819.851702
371999.362000,1624,14,57.283951,501.234568,43.788338,383.147961
372153.426000,1969,74,69.453263,607.716049,53.090664,464.543310
372153.726000,2172,17,76.613757,670.370370,58.564206,512.436805
372156.105000,6544,13,230.828924,2019.753086,176.447590,1543.916414
372244.679000,1729,4,60.987654,533.641975,46.619481,407.920458
372278.159000,2020,20,71.252205,623.456790,54.465790,476.575666
372322.764000,142,18,5.008818,43.827160,3.828783,33.501854
372323.287000,563,2,19.858907,173.765432,15.180317,132.827772
372326.366000,1351,82,47.654321,416.975309,36.427368,318.739467
372405.834000,1528,13,53.897707,471.604938,41.199865,360.498820
372507.130000,7684,4,271.040564,2371.604938,207.185709,1812.874958
372527.072000,2117,1,74.673721,653.395062,57.081227,499.460735
372527.493000,7678,19,270.828924,2369.753086,207.023930,1811.459387
372578.680000,2843,11,100.282187,877.469136,76.656555,670.744860
372653.772000,3242,2,114.356261,1000.617284,87.414897,764.880351
372657.756000,1528,85,53.897707,471.604938,41.199865,360.498820
372659.148000,1529,14,53.932981,471.913580,41.226828,360.734749
372750.985000,868,1,30.617284,267.901235,23.404112,204.785979
372752.184000,4497,19,158.624339,1387.962963,121.253792,1060.970677
372776.708000,1947,3,68.677249,600.925926,52.497472,459.352882
372902.565000,1655,9,58.377425,510.802469,44.624200,390.461746
373006.330000,868,24,30.617284,267.901235,23.404112,204.785979
373072.191000,2843,12,100.282187,877.469136,76.656555,670.744860
373073.596000,4385,1,154.673721,1353.395062,118.233906,1034.546680
373155.733000,2966,2,104.620811,915.432099,79.973037,699.764071
373157.839000,7685,14,271.075838,2371.913580,207.212673,1813.110886
373158.292000,1238,3,43.668430,382.098765,33.380519,292.079542
373248.679000,4498,1,158.659612,1388.271605,121.280755,1061.206606
373248.835000,5534,9,195.202822,1708.024691,149.214695,1305.628581
373259.344000,5335,3,188.183422,1646.604938,143.849006,1258.678800
373259.902000,2962,10,104.479718,914.197531,79.865184,698.820357
373277.672000,4564,11,160.987654,1408.641975,123.060330,1076.777890
373280.948000,3571,1,125.961199,1102.160494,96.285811,842.500843
373323.590000,3781,10,133.368607,1166.975309,101.948096,892.045838
373402.686000,1963,89,69.241623,605.864198,52.928884,463.127738
373403.002000,3243,3,114.391534,1000.925926,87.441860,765.116279
373497.775000,5596,100,197.389771,1727.160494,150.886417,1320.256151
373510.991000,7345,4,259.082892,2266.975309,198.045163,1732.895180
373574.854000,2388,64,84.232804,737.037037,64.388271,563.397371
373658.091000,1252,3,44.162257,386.419753,33.758005,295.382541
373658.307000,1526,20,53.827160,470.987654,41.145939,360.026963
373757.902000,860,44,30.335097,265.432099,23.188406,202.898551
373762.252000,5336,2,188.218695,1646.913580,143.875969,1258.914729
373885.020000,190,577,6.701940,58.641975,5.123020,44.826424
373901.010000,2967,1,104.656085,915.740741,80.000000,700.000000
374001.213000,869,2,30.652557,268.209877,23.431075,205.021908
374002.031000,909,7,32.063492,280.555556,24.509606,214.459050
374003.813000,948,1,33.439153,292.592593,25.561173,223.660263
374004.751000,3477,35,122.645503,1073.148148,93.751264,820.323559
374005.386000,4498,18,158.659612,1388.271605,121.280755,1061.206606
374028.474000,7679,24,270.864198,2370.061728,207.050893,1811.695315
374151.969000,1964,160,69.276896,606.172840,52.955848,463.363667
374250.569000,5534,9,195.202822,1708.024691,149.214695,1305.628581
374251.155000,5597,8,197.425044,1727.469136,150.913381,1320.492080
374251.894000,956,7,33.721340,295.061728,25.776879,225.547691
374277.525000,2654,11,93.615520,819.135802,71.560499,626.154365
374321.976000,7130,9,251.499118,2200.617284,192.248062,1682.170543
374404.594000,7686,514,271.111111,2372.222222,207.239636,1813.346815
374407.752000,1660,4,58.553792,512.345679,44.759016,391.641389
374503.493000,909,19,32.063492,280.555556,24.509606,214.459050
374650.383000,1965,1,69.312169,606.481481,52.982811,463.599596
374650.628000,1036,16,36.543210,319.753086,27.933940,244.421975
374651.360000,4281,16,151.005291,1321.296296,115.429727,1010.010111
374653.772000,1528,20,53.897707,471.604938,41.199865,360.498820
374749.924000,870,18,30.687831,268.518519,23.458038,205.257836
374762.382000,2447,34,86.313933,755.246914,65.979103,577.317155
374823.164000,3516,15,124.021164,1085.185185,94.802831,829.524772
374825.995000,2388,9,84.232804,737.037037,64.388271,563.397371
374827.702000,301,14,10.617284,92.901235,8.115942,71.014493
374999.673000,1189,35,41.940035,366.975309,32.059319,280.519043
375000.716000,4498,16,158.659612,1388.271605,121.280755,1061.206606
375021.958000,2003,85,70.652557,618.209877,54.007415,472.564880
375030.984000,1757,6,61.975309,542.283951,47.374452,414.526458
375031.144000,7680,23,270.899471,2370.370370,207.077856,1811.931244
375034.223000,198,31,6.984127,61.111111,5.338726,46.713852
375073.029000,1352,37,47.689594,417.283951,36.454331,318.975396
375134.731000,1835,11,64.726631,566.358025,49.477587,432.928884
375152.579000,1036,25,36.543210,319.753086,27.933940,244.421975
375152.989000,1972,43,69.559083,608.641975,53.171554,465.251095
375156.554000,1534,35,54.109347,473.456790,41.361645,361.914392
375157.255000,6547,19,230.934744,2020.679012,176.528480,1544.624200
375259.746000,7217,20,254.567901,2227.469136,194.593866,1702.696326
375261.489000,440,8,15.520282,135.802469,11.863836,103.808561
375277.538000,4565,21,161.022928,1408.950617,123.087294,1077.013819
375278.099000,2678,13,94.462081,826.543210,72.207617,631.816650
375280.073000,1951,3,68.818342,602.160494,52.605325,460.296596
375324.547000,623,6,21.975309,192.283951,16.798113,146.983485
375374.441000,1752,1,61.798942,540.740741,47.239636,413.346815
375503.320000,870,24,30.687831,268.518519,23.458038,205.257836
375506.177000,1918,360,67.654321,591.975309,51.715538,452.510954
375572.717000,5103,1,180.000000,1575.000000,137.593529,1203.943377
375776.749000,2339,4,82.504409,721.913580,63.067071,551.836872
375777.236000,518,13,18.271605,159.876543,13.966970,122.210988
375779.150000,3574,5,126.067019,1103.086420,96.366700,843.208628
375839.984000,296,149,10.440917,91.358025,7.981126,69.834850
375841.468000,2387,57,84.197531,736.728395,64.361308,563.161443
375842.232000,1352,16,47.689594,417.283951,36.454331,318.975396
375904.072000,1530,9,53.968254,472.222222,41.253792,360.970677
376011.582000,2448,362,86.349206,755.555556,66.006067,577.553084
376121.941000,1985,16,70.017637,612.654321,53.522076,468.318166
376152.854000,1040,17,36.684303,320.987654,28.041793,245.365689
376249.453000,441,7,15.555556,136.111111,11.890799,104.044489
376249.495000,5596,62,197.389771,1727.160494,150.886417,1320.256151
376276.931000,2838,7,100.105820,875.925926,76.521739,669.565217
376399.315000,1972,306,69.559083,608.641975,53.171554,465.251095
376402.606000,2218,576,78.236332,684.567901,59.804516,523.289518
376403.010000,1534,33,54.109347,473.456790,41.361645,361.914392
376403.297000,7682,73,270.970018,2370.987654,207.131783,1812.403101
376526.679000,2357,1,83.139330,727.469136,63.552410,556.083586
376641.412000,4280,16,150.970018,1320.987654,115.402764,1009.774183
376750.002000,1319,6,46.525573,407.098765,35.564543,311.189754
376750.390000,5597,10,197.425044,1727.469136,150.913381,1320.492080
376762.353000,117,11,4.126984,36.111111,3.154702,27.603640
376824.457000,4390,64,154.850088,1354.938272,118.368723,1035.726323
376872.017000,1910,19,67.372134,589.506173,51.499831,450.623525
377008.385000,2462,3,86.843034,759.876543,66.383552,580.856084
377027.995000,3575,8,126.102293,1103.395062,96.393664,843.444557
377076.874000,7130,32,251.499118,2200.617284,192.248062,1682.170543
377143.444000,1535,19,54.144621,473.765432,41.388608,362.150320
377250.273000,2070,8,73.015873,638.888889,55.813953,488.372093
377251.142000,4499,5,158.694885,1388.580247,121.307718,1061.442535
377277.458000,1145,19,40.388007,353.395062,30.872936,270.138187
377398.824000,1535,1,54.144621,473.765432,41.388608,362.150320
377501.552000,5597,36,197.425044,1727.469136,150.913381,1320.492080
377526.704000,2340,4,82.539683,722.222222,63.094034,552.072801
377646.678000,1040,17,36.684303,320.987654,28.041793,245.365689
377649.662000,1535,18,54.144621,473.765432,41.388608,362.150320
377761.295000,6391,6,225.432099,1972.530864,172.322211,1507.819346
377824.056000,1884,3,66.455026,581.481481,50.798787,444.489383
377871.757000,5832,5,205.714286,1800.000000,157.249747,1375.935288
377997.804000,4500,6,158.730159,1388.888889,121.334681,1061.678463
377998.141000,5598,4,197.460317,1727.777778,150.940344,1320.728008
378028.509000,2341,2,82.574956,722.530864,63.120998,552.308729
378029.151000,1148,8,40.493827,354.320988,30.953825,270.845972
378076.162000,1367,31,48.218695,421.913580,36.858780,322.514324
378150.713000,6933,3,244.550265,2139.814815,186.936299,1635.692619
378151.096000,10,80,0.352734,3.086420,0.269633,2.359285
378249.679000,163,33,5.749559,50.308642,4.395012,38.456353
378251.469000,3040,12,107.231041,938.271605,81.968318,717.222784
378251.958000,4501,1,158.765432,1389.197531,121.361645,1061.914392
378261.311000,6391,18,225.432099,1972.530864,172.322211,1507.819346
378276.623000,2358,20,83.174603,727.777778,63.579373,556.319515
378277.523000,1757,8,61.975309,542.283951,47.374452,414.526458
378278.084000,3575,6,126.102293,1103.395062,96.393664,843.444557
378326.589000,4441,3,156.649030,1370.679012,119.743849,1047.758679
378400.953000,1040,8,36.684303,320.987654,28.041793,245.365689
378402.932000,11,75,0.388007,3.395062,0.296596,2.595214
378406.505000,2562,12,90.370370,790.740741,69.079879,604.448938
378527.651000,4575,16,161.375661,1412.037037,123.356926,1079.373104
378529.874000,2359,1,83.209877,728.086420,63.606336,556.555443
378576.883000,1367,79,48.218695,421.913580,36.858780,322.514324
378749.027000,1730,14,61.022928,533.950617,46.646444,408.156387
378763.377000,3890,3,137.213404,1200.617284,104.887091,917.762049
378776.565000,2819,2,99.435626,870.061728,76.009437,665.082575
378905.177000,6934,18,244.585538,2140.123457,186.963263,1635.928547
378905.453000,1044,16,36.825397,322.222222,28.149646,246.309403
378998.700000,2562,12,90.370370,790.740741,69.079879,604.448938
379000.381000,5599,32,197.495591,1728.086420,150.967307,1320.963937
379001.038000,4502,1,158.800705,1389.506173,121.388608,1062.150320
379028.307000,2652,8,93.544974,818.518519,71.506572,625.682508
379077.254000,5213,28,183.880071,1608.950617,140.559488,1229.895517
379152.747000,1974,197,69.629630,609.259259,53.225480,465.722952
379156.552000,1536,8,54.179894,474.074074,41.415571,362.386249
379247.735000,1319,19,46.525573,407.098765,35.564543,311.189754
379256.579000,2462,13,86.843034,759.876543,66.383552,580.856084
379257.496000,2003,1500,70.652557,618.209877,54.007415,472.564880
379397.831000,6939,21,244.761905,2141.666667,187.098079,1637.108190
379400.966000,6548,2,230.970018,2020.987654,176.555443,1544.860128
379647.861000,1524,38,53.756614,470.370370,41.092012,359.555106
379649.357000,7682,17,270.970018,2370.987654,207.131783,1812.403101
379754.179000,873,67,30.793651,269.444444,23.538928,205.965622
379754.772000,163,97,5.749559,50.308642,4.395012,38.456353
379755.697000,1787,85,63.033510,551.543210,48.183350,421.604314
379756.657000,877,7,30.934744,270.679012,23.646781,206.909336
379758.148000,7678,26,270.828924,2369.753086,207.023930,1811.459387
379763.152000,4167,154,146.984127,1286.111111,112.355915,983.114257
379827.814000,2993,3,105.573192,923.765432,80.701045,706.134142
379871.707000,1836,3,64.761905,566.666667,49.504550,433.164813
379895.697000,3512,15,123.880071,1083.950617,94.694978,828.581058
380000.280000,164,4,5.784832,50.617284,4.421975,38.692282
380001.966000,1319,21,46.525573,407.098765,35.564543,311.189754
380003.392000,5600,107,197.530864,1728.395062,150.994270,1321.199865
380011.638000,3893,11,137.319224,1201.543210,104.967981,918.469835
380029.189000,2359,20,83.209877,728.086420,63.606336,556.555443
380078.764000,3516,11,124.021164,1085.185185,94.802831,829.524772
380078.895000,2993,5,105.573192,923.765432,80.701045,706.134142
380080.752000,1382,43,48.747795,426.543210,37.263229,326.053252
380327.152000,7120,9,251.146384,2197.530864,191.978429,1679.811257
380327.702000,3516,14,124.021164,1085.185185,94.802831,829.524772
380500.794000,907,1,31.992945,279.938272,24.455679,213.987192
380501.363000,887,45,31.287478,273.765432,23.916414,209.268622
380526.647000,3080,2,108.641975,950.617284,83.046849,726.659926
380647.912000,1547,17,54.567901,477.469136,41.712167,364.981463
380743.864000,3040,12,107.231041,938.271605,81.968318,717.222784
380756.747000,2016,9,71.111111,622.222222,54.357937,475.631951
380761.524000,3892,10,137.283951,1201.234568,104.941018,918.233906
380829.581000,1857,4,65.502646,573.148148,50.070779,438.119312
380832.426000,303,6,10.687831,93.518519,8.169869,71.486350
381009.149000,3890,3,137.213404,1200.617284,104.887091,917.762049
381027.449000,1757,60,61.975309,542.283951,47.374452,414.526458
381080.231000,1689,53,59.576720,521.296296,45.540950,398.483316
381151.728000,11,129,0.388007,3.395062,0.296596,2.595214
381154.535000,7685,14,271.075838,2371.913580,207.212673,1813.110886
381154.768000,1547,12,54.567901,477.469136,41.712167,364.981463
381246.658000,903,9,31.851852,278.703704,24.347826,213.043478
381324.821000,1382,16,48.747795,426.543210,37.263229,326.053252
381494.512000,4505,5,158.906526,1390.432099,121.469498,1062.858106
381507.888000,3890,3,137.213404,1200.617284,104.887091,917.762049
381527.427000,2616,11,92.275132,807.407407,70.535895,617.189080
381529.442000,2238,2,78.941799,690.740741,60.343782,528.008089
381746.527000,3016,3,106.384480,930.864198,81.321200,711.560499
381776.874000,3575,4,126.102293,1103.395062,96.393664,843.444557
381828.972000,2416,4,85.220459,745.679012,65.143242,570.003370
381831.329000,3134,5,110.546737,967.283951,84.502865,739.400067
381831.572000,2671,13,94.215168,824.382716,72.018874,630.165150
381874.909000,532,82,18.765432,164.197531,14.344456,125.513987
382002.546000,906,17,31.957672,279.629630,24.428716,213.751264
382005.496000,2883,55,101.693122,889.814815,77.735086,680.182002
382009.863000,1206,40,42.539683,372.222222,32.517695,284.529828
382010.609000,4904,6,172.980600,1513.580247,132.227840,1156.993596
382257.812000,2598,6,91.640212,801.851852,70.050556,612.942366
382277.105000,2683,3,94.638448,828.086420,72.342433,632.996293
382327.067000,2573,288,90.758377,794.135802,69.376475,607.044152
382396.524000,1084,3,38.236332,334.567901,29.228177,255.746545
382396.960000,6928,3,244.373898,2138.271605,186.801483,1634.512976
382399.407000,462,3,16.296296,142.592593,12.457027,108.998989
382496.644000,906,16,31.957672,279.629630,24.428716,213.751264
382497.827000,2575,3,90.828924,794.753086,69.430401,607.516009
382508.439000,6576,9,231.957672,2029.629630,177.310415,1551.466127
382584.161000,2675,21,94.356261,825.617284,72.126727,631.108864
382746.506000,7686,10,271.111111,2372.222222,207.239636,1813.346815
382828.548000,2997,4,105.714286,925.000000,80.808898,707.077856
382831.045000,1397,52,49.276896,431.172840,37.667678,329.592181
382872.479000,3965,18,139.858907,1223.765432,106.909336,935.456690
382902.935000,514,17,18.130511,158.641975,13.859117,121.267273
383001.283000,956,7,33.721340,295.061728,25.776879,225.547691
383007.667000,2953,2,104.162257,911.419753,79.622514,696.697000
383012.964000,2599,2,91.675485,802.160494,70.077519,613.178295
383013.452000,116,2,4.091711,35.802469,3.127738,27.367711
383152.117000,12,92,0.423280,3.703704,0.323559,2.831143
383276.961000,2338,44,82.469136,721.604938,63.040108,551.600944
383329.222000,65,12,2.292769,20.061728,1.752612,15.335356
383331.339000,1397,76,49.276896,431.172840,37.667678,329.592181
383527.355000,7195,14,253.791887,2220.679012,194.000674,1697.505898
383620.972000,4202,3,148.218695,1296.913580,113.299629,991.371756
383747.975000,957,13,33.756614,295.370370,25.803842,225.783620
383756.766000,2019,4,71.216931,623.148148,54.438827,476.339737
383832.079000,26,14,0.917108,8.024691,0.701045,6.134142
383832.348000,7120,24,251.146384,2197.530864,191.978429,1679.811257
383832.827000,61,15,2.151675,18.827160,1.644759,14.391641
383901.938000,517,14,18.236332,159.567901,13.940007,121.975059
383903.350000,12,112,0.423280,3.703704,0.323559,2.831143
384029.205000,2362,16,83.315697,729.012346,63.687226,557.263229
384077.927000,2676,25,94.391534,825.925926,72.153691,631.344793
384152.453000,1974,88,69.629630,609.259259,53.225480,465.722952
384244.825000,167,2,5.890653,51.543210,4.502865,39.400067
384248.185000,3043,13,107.336861,939.197531,82.049208,717.930570
384278.910000,6352,23,224.056437,1960.493827,171.270644,1498.618133
384327.077000,61,14,2.151675,18.827160,1.644759,14.391641
384397.853000,11,65,0.388007,3.395062,0.296596,2.595214
384493.172000,901,203,31.781305,278.086420,24.293900,212.571621
384495.186000,911,64,32.134039,281.172840,24.563532,214.930907
384507.340000,1292,102,45.573192,398.765432,34.836535,304.819683
384527.293000,2363,16,83.350970,729.320988,63.714189,557.499157
384582.301000,4431,13,156.296296,1367.592593,119.474216,1045.399393
384647.156000,161,9,5.679012,49.691358,4.341085,37.984496
384743.839000,1346,1,47.477954,415.432099,36.292551,317.559825
384830.879000,62,20,2.186949,19.135802,1.671722,14.627570
384834.263000,2062,1,72.733686,636.419753,55.598247,486.484665
384904.919000,462,3,16.296296,142.592593,12.457027,108.998989
384904.990000,1255,17,44.268078,387.345679,33.838895,296.090327
384905.217000,1242,18,43.809524,383.333333,33.488372,293.023256
384992.970000,1346,5,47.477954,415.432099,36.292551,317.559825
385019.514000,2019,23,71.216931,623.148148,54.438827,476.339737
385020.151000,1211,67,42.716049,373.765432,32.652511,285.709471
385021.190000,2952,3,104.126984,911.111111,79.595551,696.461072
385028.009000,3576,8,126.137566,1103.703704,96.420627,843.680485
385029.146000,238,12,8.395062,73.456790,6.417256,56.150994
385075.322000,62,15,2.186949,19.135802,1.671722,14.627570
385146.690000,6549,500,231.005291,2021.296296,176.582406,1545.096057
385276.870000,1431,2,50.476190,441.666667,38.584429,337.613751
385277.119000,3041,2,107.266314,938.580247,81.995281,717.458713
385278.305000,6605,9,232.980600,2038.580247,178.092349,1558.308055
385279.897000,3842,2,135.520282,1185.802469,103.592855,906.437479
385393.905000,1406,8,49.594356,433.950617,37.910347,331.715538
385513.082000,200,17,7.054674,61.728395,5.392653,47.185709
385519.544000,891,119,31.428571,275.000000,24.024267,210.212336
385526.808000,6352,16,224.056437,1960.493827,171.270644,1498.618133
385579.248000,62,22,2.186949,19.135802,1.671722,14.627570
385581.044000,322,12,11.358025,99.382716,8.682171,75.968992
385640.673000,445,1,15.696649,137.345679,11.998652,104.988204
385641.061000,1974,254,69.629630,609.259259,53.225480,465.722952
385642.251000,1406,8,49.594356,433.950617,37.910347,331.715538
385763.854000,2020,7,71.252205,623.456790,54.465790,476.575666
385769.492000,444,16,15.661376,137.037037,11.971689,104.752275
385871.554000,422,5,14.885362,130.246914,11.378497,99.561847
385891.261000,1407,6,49.629630,434.259259,37.937310,331.951466
385893.455000,467,32,16.472663,144.135802,12.591844,110.178632
386027.754000,3041,2,107.266314,938.580247,81.995281,717.458713
386077.660000,2397,3,84.550265,739.814815,64.630940,565.520728
386078.522000,4939,2,174.215168,1524.382716,133.171554,1165.251095
386079.518000,2065,14,72.839506,637.345679,55.679137,487.192450
386142.775000,468,1,16.507937,144.444444,12.618807,110.414560
386243.655000,1107,3,39.047619,341.666667,29.848332,261.172902
386259.678000,2020,9,71.252205,623.456790,54.465790,476.575666
386278.784000,7541,5,265.996473,2327.469136,203.329963,1779.137176
386531.198000,234,27,8.253968,72.222222,6.309403,55.207280
386573.757000,2417,3,85.255732,745.987654,65.170206,570.239299
386582.538000,63,13,2.222222,19.444444,1.698686,14.863498
386641.180000,4284,13,151.111111,1322.222222,115.510617,1010.717897
386642.914000,1242,15,43.809524,383.333333,33.488372,293.023256
386765.117000,2952,3,104.126984,911.111111,79.595551,696.461072
386767.756000,1212,67,42.751323,374.074074,32.679474,285.945399
386767.944000,2020,18,71.252205,623.456790,54.465790,476.575666
386871.575000,423,7,14.920635,130.555556,11.405460,99.797776
387015.247000,7686,6,271.111111,2372.222222,207.239636,1813.346815
387027.987000,2562,4,90.370370,790.740741,69.079879,604.448938
387028.418000,2965,6,104.585538,915.123457,79.946073,699.528143
387029.205000,1875,259,66.137566,578.703704,50.556117,442.366026
387120.947000,1959,4,69.100529,604.629630,52.821031,462.184024
387242.925000,1349,5,47.583774,416.358025,36.373441,318.267610
387261.330000,2954,8,104.197531,911.728395,79.649478,696.932929
387266.096000,3656,1,128.959436,1128.395062,98.577688,862.554769
387277.750000,7138,16,251.781305,2203.086420,192.463768,1684.057971
387323.378000,64,19,2.257496,19.753086,1.725649,15.099427
387391.571000,1975,17,69.664903,609.567901,53.252444,465.958881
387393.529000,469,1,16.543210,144.753086,12.645770,110.650489
387511.947000,201,15,7.089947,62.037037,5.419616,47.421638
387516.271000,2599,27,91.675485,802.160494,70.077519,613.178295
387526.816000,1431,2,50.476190,441.666667,38.584429,337.613751
387528.353000,7542,5,266.031746,2327.777778,203.356926,1779.373104
387572.364000,2400,1,84.656085,740.740741,64.711830,566.228514
387640.556000,6923,14,244.197531,2136.728395,186.666667,1633.333333
387761.605000,3787,2,133.580247,1168.827160,102.109875,893.461409
387890.584000,1976,43,69.700176,609.876543,53.279407,466.194810
388015.475000,2021,1,71.287478,623.765432,54.492754,476.811594
388016.630000,2956,19,104.268078,912.345679,79.703404,697.404786
388024.191000,116,2,4.091711,35.802469,3.127738,27.367711
388027.977000,2562,14,90.370370,790.740741,69.079879,604.448938
388029.065000,3575,7,126.102293,1103.395062,96.393664,843.444557
388029.778000,7543,5,266.067019,2328.086420,203.383889,1779.609033
388076.167000,2677,22,94.426808,826.234568,72.180654,631.580721
388120.803000,525,91,18.518519,162.037037,14.155713,123.862487
388143.798000,6923,13,244.197531,2136.728395,186.666667,1633.333333
388148.281000,470,9,16.578483,145.061728,12.672733,110.886417
388263.565000,200,16,7.054674,61.728395,5.392653,47.185709
388276.951000,1760,7,62.081129,543.209877,47.455342,415.234243
388328.391000,1693,18,59.717813,522.530864,45.648804,399.427031
388330.510000,1413,17,49.841270,436.111111,38.099090,333.367037
388493.525000,167,328,5.890653,51.543210,4.502865,39.400067
388508.823000,2530,1,89.241623,780.864198,68.217054,596.899225
388527.090000,7544,4,266.102293,2328.395062,203.410853,1779.844961
388621.322000,7685,3,271.075838,2371.913580,207.212673,1813.110886
388763.069000,201,15,7.089947,62.037037,5.419616,47.421638
388763.651000,2530,1,89.241623,780.864198,68.217054,596.899225
388895.392000,469,11,16.543210,144.753086,12.645770,110.650489
388993.140000,1347,6,47.513228,415.740741,36.319515,317.795753
389009.877000,747,1,26.349206,230.555556,20.141557,176.238625
389079.541000,2410,37,85.008818,743.827160,64.981463,568.587799
389150.032000,469,36,16.543210,144.753086,12.645770,110.650489
389243.291000,1372,1,48.395062,423.456790,36.993596,323.693967
389264.456000,2530,12,89.241623,780.864198,68.217054,596.899225
389282.476000,1433,117,50.546737,442.283951,38.638355,338.085608
389284.733000,915,3,32.275132,282.407407,24.671385,215.874621
389371.494000,2465,21,86.948854,760.802469,66.464442,581.563869
389372.983000,4293,5,151.428571,1325.000000,115.753286,1012.841254
389395.995000,3478,6,122.680776,1073.456790,93.778227,820.559488
389493.080000,1348,1,47.548501,416.049383,36.346478,318.031682
389493.860000,1372,7,48.395062,423.456790,36.993596,323.693967
389508.567000,200,16,7.054674,61.728395,5.392653,47.185709
389576.153000,2418,3,85.291005,746.296296,65.197169,570.475228
389645.286000,7679,20,270.864198,2370.061728,207.050893,1811.695315
389745.275000,4264,372,150.405644,1316.049383,114.971352,1005.999326
389777.277000,7538,3,265.890653,2326.543210,203.249073,1778.429390
389777.765000,7669,14,270.511464,2366.975309,206.781261,1809.336030
389823.263000,67,13,2.363316,20.679012,1.806539,15.807213
389874.647000,7651,6,269.876543,2361.419753,206.295922,1805.089316
390015.334000,895,7,31.569665,276.234568,24.132120,211.156050
390028.405000,7686,1,271.111111,2372.222222,207.239636,1813.346815
390072.524000,2402,15,84.726631,741.358025,64.765757,566.700371
390072.986000,2419,2,85.326279,746.604938,65.224132,570.711156
390073.628000,265,6,9.347443,81.790123,7.145265,62.521065
390246.301000,962,97,33.932981,296.913580,25.938659,226.963263
390246.438000,4266,5,150.476190,1316.666667,115.025278,1006.471183
390265.620000,202,15,7.125220,62.345679,5.446579,47.657567
390271.486000,7686,14,271.111111,2372.222222,207.239636,1813.346815
390324.700000,2684,14,94.673721,828.395062,72.369397,633.232221
390394.564000,7686,1,271.111111,2372.222222,207.239636,1813.346815
390492.617000,1348,2,47.548501,416.049383,36.346478,318.031682
390492.736000,1375,5,48.500882,424.382716,37.074486,324.401753
390496.177000,7686,1,271.111111,2372.222222,207.239636,1813.346815
390510.561000,2531,1,89.276896,781.172840,68.244018,597.135153
390527.123000,2606,1,91.922399,804.320988,70.266262,614.829794
390529.456000,237,14,8.359788,73.148148,6.390293,55.915066
390573.716000,68,24,2.398589,20.987654,1.833502,16.043141
390760.342000,206,16,7.266314,63.580247,5.554432,48.601281
390822.372000,267,4,9.417989,82.407407,7.199191,62.992922
391013.120000,2532,5,89.312169,781.481481,68.270981,597.371082
391019.302000,1848,3,65.185185,570.370370,49.828109,435.995956
391019.770000,3717,2,131.111111,1147.222222,100.222447,876.946411
391266.697000,3108,9,109.629630,959.259259,83.801820,733.265925
391267.203000,3717,2,131.111111,1147.222222,100.222447,876.946411
391267.781000,1867,3,65.855379,576.234568,50.340411,440.478598
391277.723000,2604,2,91.851852,803.703704,70.212336,614.357937
391279.866000,2364,1,83.386243,729.629630,63.741153,557.735086
391322.398000,268,5,9.453263,82.716049,7.226154,63.228851
391507.837000,2223,1,78.412698,686.111111,59.939333,524.469161
391527.323000,1300,24,45.855379,401.234568,35.052241,306.707112
391527.549000,4584,25,161.693122,1414.814815,123.599596,1081.496461
391529.874000,2364,15,83.386243,729.629630,63.741153,557.735086
391574.165000,2387,8,84.197531,736.728395,64.361308,563.161443
391621.368000,2467,3,87.019400,761.419753,66.518369,582.035726
391641.295000,1976,698,69.700176,609.876543,53.279407,466.194810
391643.044000,725,1,25.573192,223.765432,19.548365,171.048197
391747.128000,1350,5,47.619048,416.666667,36.400404,318.503539
391777.032000,1930,12,68.077601,595.679012,52.039097,455.342096
391822.486000,268,5,9.453263,82.716049,7.226154,63.228851
392009.530000,205,24,7.231041,63.271605,5.527469,48.365352
392032.225000,2909,1,102.610229,897.839506,78.436131,686.316144
392033.206000,1930,13,68.077601,595.679012,52.039097,455.342096
392072.431000,268,5,9.453263,82.716049,7.226154,63.228851
392246.436000,1374,7,48.465608,424.074074,37.047523,324.165824
392277.667000,1299,25,45.820106,400.925926,35.025278,306.471183
392322.237000,269,3,9.488536,83.024691,7.253118,63.464779
392499.605000,1300,24,45.855379,401.234568,35.052241,306.707112
392747.236000,1351,3,47.654321,416.975309,36.427368,318.739467
392822.446000,71,13,2.504409,21.913580,1.914392,16.750927
392871.944000,1895,27,66.843034,584.876543,51.095383,447.084597
392899.317000,20,11,0.705467,6.172840,0.539265,4.718571
392999.668000,3526,2,124.373898,1088.271605,95.072464,831.884058
393032.393000,2135,3,75.308642,658.950617,57.566566,503.707449
393034.070000,7686,18,271.111111,2372.222222,207.239636,1813.346815
393072.655000,3782,8,133.403880,1167.283951,101.975059,892.281766
393151.777000,1706,10,60.176367,526.543210,45.999326,402.494102
393322.875000,2388,40,84.232804,737.037037,64.388271,563.397371
393371.939000,1755,3,61.904762,541.666667,47.320526,414.054601
393507.204000,1216,6,42.892416,375.308642,32.787327,286.889114
393513.085000,6605,10,232.980600,2038.580247,178.092349,1558.308055
393574.448000,3545,11,125.044092,1094.135802,95.584766,836.366700
393621.714000,840,14,29.629630,259.259259,22.649141,198.179980
393624.468000,68,25,2.398589,20.987654,1.833502,16.043141
393760.679000,7671,1,270.582011,2367.592593,206.835187,1809.807887
393762.055000,6605,20,232.980600,2038.580247,178.092349,1558.308055
393762.221000,7672,6,270.617284,2367.901235,206.862150,1810.043815
393778.225000,2605,2,91.887125,804.012346,70.239299,614.593866
393822.908000,2399,9,84.620811,740.432099,64.684867,565.992585
393823.374000,1444,1,50.934744,445.679012,38.934951,340.680822
393825.744000,7245,12,255.555556,2236.111111,195.348837,1709.302326
393826.388000,39,2,1.375661,12.037037,1.051567,9.201213
393901.878000,20,4,0.705467,6.172840,0.539265,4.718571
393903.072000,1976,43,69.700176,609.876543,53.279407,466.194810
393906.014000,374,7,13.192240,115.432099,10.084260,88.237277
394006.958000,1503,9,53.015873,463.888889,40.525784,354.600607
394009.031000,208,27,7.336861,64.197531,5.608359,49.073138
394029.782000,40,4,1.410935,12.345679,1.078531,9.437142
394072.685000,1680,2,59.259259,518.518519,45.298281,396.359960
394148.100000,1708,4,60.246914,527.160494,46.053252,402.965959
394148.477000,1976,2,69.700176,609.876543,53.279407,466.194810
394256.543000,1216,6,42.892416,375.308642,32.787327,286.889114
394322.265000,1445,1,50.970018,445.987654,38.961914,340.916751
394372.230000,7684,17,271.040564,2371.604938,207.185709,1812.874958
394397.628000,7675,18,270.723104,2368.827160,206.943040,1810.751601
394399.128000,1572,20,55.449735,485.185185,42.386249,370.879676
394508.025000,216,21,7.619048,66.666667,5.824065,50.960566
394508.776000,1794,5,63.280423,553.703704,48.372093,423.255814
394509.528000,3528,7,124.444444,1088.888889,95.126390,832.355915
394513.322000,1287,165,45.396825,397.222222,34.701719,303.640040
394529.758000,2908,2,102.574956,897.530864,78.409168,686.080216
394575.368000,71,14,2.504409,21.913580,1.914392,16.750927
394656.733000,3349,11,118.130511,1033.641975,90.299966,790.124705
394658.448000,2218,1000,78.236332,684.567901,59.804516,523.289518
394758.495000,7672,3,270.617284,2367.901235,206.862150,1810.043815
394782.466000,41,16,1.446208,12.654321,1.105494,9.673070
394823.019000,71,18,2.504409,21.913580,1.914392,16.750927
394906.683000,1579,11,55.696649,487.345679,42.574992,372.531176
394995.231000,1623,144,57.248677,500.925926,43.761375,382.912032
395007.154000,2972,5,104.832451,917.283951,80.134816,701.179643
395072.429000,1445,1,50.970018,445.987654,38.961914,340.916751
395073.858000,1446,2,51.005291,446.296296,38.988878,341.152679
395149.949000,1976,214,69.700176,609.876543,53.279407,466.194810
395151.548000,6550,28,231.040564,2021.604938,176.609370,1545.331985
395152.547000,3577,7,126.172840,1104.012346,96.447590,843.916414
395254.068000,1352,3,47.689594,417.283951,36.454331,318.975396
395263.216000,1503,30,53.015873,463.888889,40.525784,354.600607
395265.327000,7672,1,270.617284,2367.901235,206.862150,1810.043815
395285.014000,2602,3,91.781305,803.086420,70.158409,613.886080
395285.700000,42,5,1.481481,12.962963,1.132457,9.908999
395322.508000,1443,6,50.899471,445.370370,38.907988,340.444894
395501.297000,1400,1,49.382716,432.098765,37.748568,330.299966
395501.851000,2514,4,88.677249,775.925926,67.785642,593.124368
395505.109000,1210,9,42.680776,373.456790,32.625548,285.473542
395511.202000,2536,9,89.453263,782.716049,68.378834,598.314796
395529.561000,4753,13,167.654321,1466.975309,128.156387,1121.368386
395573.871000,1446,1,51.005291,446.296296,38.988878,341.152679
395577.767000,630,5,22.222222,194.444444,16.986855,148.634985
395647.183000,3478,1,122.680776,1073.456790,93.778227,820.559488
395649.263000,470,33,16.578483,145.061728,12.672733,110.886417
395761.313000,7672,1,270.617284,2367.901235,206.862150,1810.043815
395781.273000,43,14,1.516755,13.271605,1.159420,10.144928
395826.122000,73,15,2.574956,22.530864,1.968318,17.222784
395827.212000,269,4,9.488536,83.024691,7.253118,63.464779
395827.348000,1441,9,50.828924,444.753086,38.854061,339.973037
395827.732000,2399,14,84.620811,740.432099,64.684867,565.992585
395827.999000,1446,4,51.005291,446.296296,38.988878,341.152679
395828.365000,2184,9,77.037037,674.074074,58.887765,515.267947
395873.467000,1840,2,64.902998,567.901235,49.612403,434.108527
395893.540000,3479,6,122.716049,1073.765432,93.805190,820.795416
395992.657000,1353,1,47.724868,417.592593,36.481294,319.211325
396007.732000,2972,1,104.832451,917.283951,80.134816,701.179643
396007.993000,395,7,13.932981,121.913580,10.650489,93.191776
396013.166000,2595,18,91.534392,800.925926,69.969666,612.234580
396072.151000,2618,50,92.345679,808.024691,70.589821,617.660937
396149.942000,14,3,0.493827,4.320988,0.377486,3.303000
396152.324000,6551,13,231.075838,2021.913580,176.636333,1545.567914
396243.296000,910,10,32.098765,280.864198,24.536569,214.694978
396244.045000,1400,1,49.382716,432.098765,37.748568,330.299966
396257.272000,3666,5,129.312169,1131.481481,98.847321,864.914055
396257.496000,207,1,7.301587,63.888889,5.581395,48.837209
396263.384000,7672,3,270.617284,2367.901235,206.862150,1810.043815
396283.099000,43,15,1.516755,13.271605,1.159420,10.144928
396285.173000,1140,3,40.211640,351.851852,30.738119,268.958544
396378.188000,5299,5,186.913580,1635.493827,142.878328,1250.185372
396398.581000,3810,5,134.391534,1175.925926,102.730030,898.887765
396402.571000,470,26,16.578483,145.061728,12.672733,110.886417
396506.515000,396,6,13.968254,122.222222,10.677452,93.427705
396506.883000,2973,1,104.867725,917.592593,80.161780,701.415571
396579.336000,2183,7,77.001764,673.765432,58.860802,515.032019
396629.788000,429,39,15.132275,132.407407,11.567240,101.213347
396645.503000,1978,106,69.770723,610.493827,53.333333,466.666667
396743.300000,1354,2,47.760141,417.901235,36.508257,319.447253
396757.222000,211,26,7.442681,65.123457,5.689248,49.780923
396828.810000,2400,17,84.656085,740.740741,64.711830,566.228514
396831.117000,2706,3,95.449735,835.185185,72.962588,638.422649
396994.639000,986,1,34.779541,304.320988,26.585777,232.625548
397007.874000,3665,5,129.276896,1131.172840,98.820357,864.678126
397008.371000,2229,32,78.624339,687.962963,60.101112,525.884732
397075.086000,3176,1,112.028219,980.246914,85.635322,749.309066
397076.488000,2622,4,92.486772,809.259259,70.697674,618.604651
397135.794000,1949,28,68.747795,601.543210,52.551399,459.824739
397145.233000,6551,14,231.075838,2021.913580,176.636333,1545.567914
397145.414000,3482,4,122.821869,1074.691358,93.886080,821.503202
397245.168000,986,1,34.779541,304.320988,26.585777,232.625548
397258.639000,5108,1,180.176367,1576.543210,137.728345,1205.123020
397260.581000,1297,61,45.749559,400.308642,34.971352,305.999326
397327.110000,3176,3,112.028219,980.246914,85.635322,749.309066
397327.580000,1444,1,50.934744,445.679012,38.934951,340.680822
397329.263000,2708,1,95.520282,835.802469,73.016515,638.894506
397381.197000,1757,481,61.975309,542.283951,47.374452,414.526458
397399.313000,1708,1,60.246914,527.160494,46.053252,402.965959
397402.998000,2140,54,75.485009,660.493827,57.701382,504.887091
397403.169000,3482,2,122.821869,1074.691358,93.886080,821.503202
397493.269000,2516,2,88.747795,776.543210,67.839569,593.596225
397499.335000,1411,10,49.770723,435.493827,38.045163,332.895180
397506.942000,2974,2,104.902998,917.901235,80.188743,701.651500
397575.265000,3137,3,110.652557,968.209877,84.583755,740.107853
397649.954000,2031,99,71.640212,626.851852,54.762386,479.170880
397653.221000,7682,17,270.970018,2370.987654,207.131783,1812.403101
397747.157000,1025,14,36.155203,316.358025,27.637344,241.826761
397756.569000,397,6,14.003527,122.530864,10.704415,93.663633
397759.265000,5108,1,180.176367,1576.543210,137.728345,1205.123020
397782.517000,2368,1,83.527337,730.864198,63.849006,558.678800
397825.624000,3786,1,133.544974,1168.518519,102.082912,893.225480
397879.961000,3957,18,139.576720,1221.296296,106.693630,933.569262
397883.323000,1839,5,64.867725,567.592593,49.585440,433.872599
397893.354000,14,7,0.493827,4.320988,0.377486,3.303000
397996.791000,1623,81,57.248677,500.925926,43.761375,382.912032
398000.970000,4275,79,150.793651,1319.444444,115.267947,1008.594540
398009.364000,5108,4,180.176367,1576.543210,137.728345,1205.123020
398032.017000,7663,91,270.299824,2365.123457,206.619481,1807.920458
398078.206000,1445,7,50.970018,445.987654,38.961914,340.916751
398144.485000,373,15,13.156966,115.123457,10.057297,88.001348
398340.335000,4430,3,156.261023,1367.283951,119.447253,1045.163465
398340.385000,2221,2,78.342152,685.493827,59.885406,523.997304
398507.445000,212,15,7.477954,65.432099,5.716212,50.016852
398512.395000,2592,8,91.428571,800.000000,69.888777,611.526795
398531.310000,2205,9,77.777778,680.555556,59.453994,520.222447
398578.933000,2400,84,84.656085,740.740741,64.711830,566.228514
398646.824000,15,4,0.529101,4.629630,0.404449,3.538928
398648.814000,6552,48,231.111111,2022.222222,176.663296,1545.803842
398744.893000,3529,2,124.479718,1089.197531,95.153354,832.591844
398783.770000,2206,3,77.813051,680.864198,59.480957,520.458375
398903.936000,15,1,0.529101,4.629630,0.404449,3.538928
398907.860000,7672,14,270.617284,2367.901235,206.862150,1810.043815
398909.127000,1555,12,54.850088,479.938272,41.927873,366.868891
399033.769000,7671,12,270.582011,2367.592593,206.835187,1809.807887
399148.500000,1710,1,60.317460,527.777778,46.107179,403.437816
399150.472000,6719,1,237.001764,2073.765432,181.166161,1585.203910
399150.715000,16,1,0.564374,4.938272,0.431412,3.774857
399244.928000,7681,1,270.934744,2370.679012,207.104820,1812.167172
399327.709000,853,5,30.088183,263.271605,22.999663,201.247051
399328.196000,2400,1,84.656085,740.740741,64.711830,566.228514
399373.019000,913,363,32.204586,281.790123,24.617459,215.402764
399397.583000,16,1,0.564374,4.938272,0.431412,3.774857
399398.145000,1711,6,60.352734,528.086420,46.134142,403.673745
399507.283000,213,13,7.513228,65.740741,5.743175,50.252781
399530.468000,7686,35,271.111111,2372.222222,207.239636,1813.346815
399531.326000,2206,12,77.813051,680.864198,59.480957,520.458375
399576.141000,7681,1,270.934744,2370.679012,207.104820,1812.167172
399650.139000,16,25,0.564374,4.938272,0.431412,3.774857
399653.091000,376,9,13.262787,116.049383,10.138187,88.709134
399653.379000,6552,12,231.111111,2022.222222,176.663296,1545.803842
399653.668000,1555,13,54.850088,479.938272,41.927873,366.868891
399744.080000,2520,4,88.888889,777.777778,67.947422,594.539939
399760.610000,2594,9,91.499118,800.617284,69.942703,611.998652
399760.791000,5108,4,180.176367,1576.543210,137.728345,1205.123020
399822.754000,854,4,30.123457,263.580247,23.026626,201.482979
399823.039000,74,12,2.610229,22.839506,1.995281,17.458713
399824.699000,7245,11,255.555556,2236.111111,195.348837,1709.302326
399825.298000,2224,1,78.447972,686.419753,59.966296,524.705089
399900.124000,3597,2,126.878307,1110.185185,96.986855,848.634985
399900.296000,7681,7,270.934744,2370.679012,207.104820,1812.167172
399904.888000,7682,33,270.970018,2370.987654,207.131783,1812.403101
400008.964000,640,13,22.574956,197.530864,17.256488,150.994270
400152.442000,7675,15,270.723104,2368.827160,206.943040,1810.751601
400244.362000,2545,45,89.770723,785.493827,68.621503,600.438153
400257.395000,214,15,7.548501,66.049383,5.770138,50.488709
400283.211000,4590,20,161.904762,1416.666667,123.761375,1082.912032
400398.102000,17,98,0.599647,5.246914,0.458375,4.010785
400402.429000,376,8,13.262787,116.049383,10.138187,88.709134
400492.666000,1038,1,36.613757,320.370370,27.987867,244.893832
400534.844000,2910,18,102.645503,898.148148,78.463094,686.552073
400535.733000,7686,47,271.111111,2372.222222,207.239636,1813.346815
400646.549000,5267,147,185.784832,1625.617284,142.015504,1242.635659
400646.868000,17,41,0.599647,5.246914,0.458375,4.010785
400744.057000,1409,13,49.700176,434.876543,37.991237,332.423323
400757.280000,1038,7,36.613757,320.370370,27.987867,244.893832
400759.762000,5108,1,180.176367,1576.543210,137.728345,1205.123020
400822.504000,2402,16,84.726631,741.358025,64.765757,566.700371
400823.214000,5674,24,200.141093,1751.234568,152.989552,1338.658578
400871.456000,1950,54,68.783069,601.851852,52.578362,460.060667
400894.083000,6928,1,244.373898,2138.271605,186.801483,1634.512976
401028.558000,2365,23,83.421517,729.938272,63.768116,557.971014
401073.006000,1451,369,51.181658,447.839506,39.123694,342.332322
401074.489000,7247,25,255.626102,2236.728395,195.402764,1709.774183
401121.966000,1338,10,47.195767,412.962963,36.076845,315.672396
401164.680000,2823,2,99.576720,871.296296,76.117290,666.026289
401257.849000,215,16,7.583774,66.358025,5.797101,50.724638
401266.945000,5108,6,180.176367,1576.543210,137.728345,1205.123020
401267.388000,3701,5,130.546737,1142.283951,99.791035,873.171554
401322.659000,3110,9,109.700176,959.876543,83.855747,733.737782
401323.303000,2402,12,84.726631,741.358025,64.765757,566.700371
401398.915000,6723,10,237.142857,2075.000000,181.274014,1586.147624
401399.140000,6932,13,244.514991,2139.506173,186.909336,1635.456690
401399.859000,17,61,0.599647,5.246914,0.458375,4.010785
401402.803000,470,33,16.578483,145.061728,12.672733,110.886417
401506.385000,218,16,7.689594,67.283951,5.877991,51.432423
401507.125000,3298,1,116.331570,1017.901235,88.924840,778.092349
401512.606000,5108,6,180.176367,1576.543210,137.728345,1205.123020
401513.051000,3418,13,120.564374,1054.938272,92.160431,806.403775
401533.595000,44,5,1.552028,13.580247,1.186384,10.380856
401534.165000,2709,4,95.555556,836.111111,73.043478,639.130435
401534.898000,2814,2,99.259259,868.518519,75.874621,663.902932
401572.808000,2623,296,92.522046,809.567901,70.724638,618.840580
401652.094000,4293,142,151.428571,1325.000000,115.753286,1012.841254
401756.722000,1050,1,37.037037,324.074074,28.311426,247.724975
401782.848000,2710,3,95.590829,836.419753,73.070442,639.366363
401823.961000,2146,39,75.696649,662.345679,57.863161,506.302663
401826.682000,2225,103,78.483245,686.728395,59.993259,524.941018
401827.700000,2625,10,92.592593,810.185185,70.778564,619.312437
401906.260000,19,5,0.670194,5.864198,0.512302,4.482642
401910.475000,2824,61,99.611993,871.604938,76.144253,666.262218
401993.071000,4929,3,173.862434,1521.296296,132.901921,1162.891810
402036.327000,7673,17,270.652557,2368.209877,206.889114,1810.279744
402071.827000,1454,1,51.287478,448.765432,39.204584,343.040108
402072.343000,3490,3,123.104056,1077.160494,94.101786,823.390630
402074.798000,7248,13,255.661376,2237.037037,195.429727,1710.010111
402121.134000,1176,3,41.481481,362.962963,31.708797,277.451972
402121.907000,7685,1,271.075838,2371.913580,207.212673,1813.110886
402151.555000,20,29,0.705467,6.172840,0.539265,4.718571
402154.784000,7678,21,270.828924,2369.753086,207.023930,1811.459387
402154.935000,6556,100,231.252205,2023.456790,176.771149,1546.747556
402243.881000,1412,649,49.805996,435.802469,38.072127,333.131109
402286.703000,47,17,1.657848,14.506173,1.267273,11.088642
402290.185000,2194,22,77.389771,677.160494,59.157398,517.627233
402322.572000,1454,11,51.287478,448.765432,39.204584,343.040108
402323.604000,5224,306,184.268078,1612.345679,140.856084,1232.490731
402378.047000,2270,6,80.070547,700.617284,61.206606,535.557802
402400.278000,7684,1,271.040564,2371.604938,207.185709,1812.874958
402495.612000,3590,1,126.631393,1108.024691,96.798113,846.983485
402533.625000,2712,2,95.661376,837.037037,73.124368,639.838220
402534.300000,3299,3,116.366843,1018.209877,88.951803,778.328278
402536.859000,7686,12,271.111111,2372.222222,207.239636,1813.346815
402578.012000,480,2,16.931217,148.148148,12.942366,113.245703
402649.232000,20,1,0.705467,6.172840,0.539265,4.718571
402649.492000,1944,3,68.571429,600.000000,52.416582,458.645096
402649.694000,1710,6,60.317460,527.777778,46.107179,403.437816
402652.848000,470,5,16.578483,145.061728,12.672733,110.886417
402757.433000,220,15,7.760141,67.901235,5.931918,51.904280
402823.652000,2688,3,94.814815,829.629630,72.477250,634.175935
402824.101000,710,1,25.044092,219.135802,19.143916,167.509269
402899.177000,21,25,0.740741,6.481481,0.566229,4.954499
402903.685000,382,1,13.474427,117.901235,10.299966,90.124705
403010.844000,3705,9,130.687831,1143.518519,99.898888,874.115268
403036.517000,2712,3,95.661376,837.037037,73.124368,639.838220
403037.096000,2816,3,99.329806,869.135802,75.928547,664.374789
403040.048000,2803,2,98.871252,865.123457,75.578025,661.307718
403041.340000,244,20,8.606702,75.308642,6.579036,57.566566
403150.971000,6725,2,237.213404,2075.617284,181.327941,1586.619481
403153.705000,470,6,16.578483,145.061728,12.672733,110.886417
403250.329000,1410,7,49.735450,435.185185,38.018200,332.659252
403259.702000,2106,4,74.285714,650.000000,56.784631,496.865521
403280.281000,3298,1,116.331570,1017.901235,88.924840,778.092349
403280.413000,2712,2,95.661376,837.037037,73.124368,639.838220
403280.758000,6355,8,224.162257,1961.419753,171.351534,1499.325918
403326.498000,2623,117,92.522046,809.567901,70.724638,618.840580
403396.690000,6923,3,244.197531,2136.728395,186.666667,1633.333333
403398.350000,470,6,16.578483,145.061728,12.672733,110.886417
403495.497000,1414,1,49.876543,436.419753,38.126053,333.602966
403510.515000,218,7,7.689594,67.283951,5.877991,51.432423
403515.266000,2595,2,91.534392,800.925926,69.969666,612.234580
403533.931000,2694,4,95.026455,831.481481,72.639029,635.591507
403534.314000,3299,2,116.366843,1018.209877,88.951803,778.328278
403535.125000,50,16,1.763668,15.432099,1.348163,11.796427
403573.260000,5677,19,200.246914,1752.160494,153.070442,1339.366363
403656.798000,470,29,16.578483,145.061728,12.672733,110.886417
403760.425000,416,32,14.673721,128.395062,11.216717,98.146276
403781.391000,2710,2,95.590829,836.419753,73.070442,639.366363
403782.867000,7648,8,269.770723,2360.493827,206.215032,1804.381530
403822.874000,3113,78,109.805996,960.802469,83.936636,734.445568
403823.071000,1457,29,51.393298,449.691358,39.285474,343.747893
403895.032000,5270,1,185.890653,1626.543210,142.096394,1243.343445
404013.639000,217,20,7.654321,66.975309,5.851028,51.196495
404020.223000,2597,13,91.604938,801.543210,70.023593,612.706437
404020.518000,1308,5,46.137566,403.703704,35.267947,308.594540
404073.096000,3115,7,109.876543,961.419753,83.990563,734.917425
404260.923000,1218,8,42.962963,375.925926,32.841254,287.360971
404322.505000,1457,8,51.393298,449.691358,39.285474,343.747893
404514.245000,2372,9,83.668430,732.098765,63.956859,559.622514
404528.350000,2711,3,95.626102,836.728395,73.097405,639.602292
404529.814000,1154,25,40.705467,356.172840,31.115605,272.261544
404645.729000,23,8,0.811287,7.098765,0.620155,5.426357
404646.611000,7680,31,270.899471,2370.370370,207.077856,1811.931244
404758.792000,5541,12,195.449735,1710.185185,149.403438,1307.280081
404822.776000,4422,3,155.978836,1364.814815,119.231547,1043.276036
404993.976000,1414,349,49.876543,436.419753,38.126053,333.602966
405012.043000,2541,2,89.629630,784.259259,68.513650,599.494439
405018.118000,2374,3,83.738977,732.716049,64.010785,560.094371
405029.115000,1157,9,40.811287,357.098765,31.196495,272.969329
405146.287000,4392,9,154.920635,1355.555556,118.422649,1036.198180
405267.170000,2374,1,83.738977,732.716049,64.010785,560.094371
405277.694000,4607,3,162.504409,1421.913580,124.219751,1086.922818
405322.962000,1464,47,51.640212,451.851852,39.474216,345.399393
405375.530000,496,1,17.495591,153.086420,13.373778,117.020559
405395.560000,7684,18,271.040564,2371.604938,207.185709,1812.874958
405514.961000,2542,6,89.664903,784.567901,68.540613,599.730367
405519.104000,3420,6,120.634921,1055.555556,92.214358,806.875632
405575.263000,1465,78,51.675485,452.160494,39.501180,345.635322
405645.804000,1452,1500,51.216931,448.148148,39.150657,342.568251
405761.249000,2543,5,89.700176,784.876543,68.567577,599.966296
405764.937000,2374,9,83.738977,732.716049,64.010785,560.094371
405831.077000,4432,1,156.331570,1367.901235,119.501180,1045.635322
405900.215000,1713,1,60.423280,528.703704,46.188069,404.145602
405901.427000,1713,1,60.423280,528.703704,46.188069,404.145602
405905.091000,7677,10,270.793651,2369.444444,206.996967,1811.223458
406028.849000,2202,5,77.671958,679.629630,59.373104,519.514661
406029.092000,7664,38,270.335097,2365.432099,206.646444,1808.156387
406029.329000,1158,8,40.846561,357.407407,31.223458,273.205258
406149.238000,471,24,16.613757,145.370370,12.699697,111.122346
406259.229000,4448,1,156.895944,1372.839506,119.932592,1049.410179
406277.542000,6356,14,224.197531,1961.728395,171.378497,1499.561847
406322.361000,3119,60,110.017637,962.654321,84.098416,735.861139
406509.673000,2544,2,89.735450,785.185185,68.594540,600.202224
406510.184000,4448,1,156.895944,1372.839506,119.932592,1049.410179
406526.472000,2203,13,77.707231,679.938272,59.400067,519.750590
406573.880000,549,247,19.365079,169.444444,14.802831,129.524772
406646.212000,1940,4,68.430335,598.765432,52.308729,457.701382
406646.711000,5272,94,185.961199,1627.160494,142.150320,1243.815302
406743.847000,2285,7,80.599647,705.246914,61.611055,539.096731
406757.954000,4447,3,156.860670,1372.530864,119.905629,1049.174250
406777.063000,7654,3,269.982363,2362.345679,206.376812,1805.797101
406824.981000,712,1,25.114638,219.753086,19.197843,167.981126
406825.685000,430,3,15.167549,132.716049,11.594203,101.449275
406897.171000,2538,712,89.523810,783.333333,68.432760,598.786653
406897.290000,4317,3,152.275132,1332.407407,116.400404,1018.503539
407027.892000,3048,2,107.513228,940.740741,82.184024,719.110212
407029.381000,7686,6,271.111111,2372.222222,207.239636,1813.346815
407076.140000,2406,12,84.867725,742.592593,64.873610,567.644085
407147.758000,4394,14,154.991182,1356.172840,118.476576,1036.670037
407151.979000,1155,2,40.740741,356.481481,31.142568,272.497472
407264.072000,2375,63,83.774250,733.024691,64.037749,560.330300
407277.269000,7654,3,269.982363,2362.345679,206.376812,1805.797101
407324.660000,712,3,25.114638,219.753086,19.197843,167.981126
407396.456000,2537,1500,89.488536,783.024691,68.405797,598.550725
407493.124000,1409,11,49.700176,434.876543,37.991237,332.423323
407509.602000,1216,5,42.892416,375.308642,32.787327,286.889114
407531.366000,1161,5,40.952381,358.333333,31.304348,273.913043
407576.486000,1488,9,52.486772,459.259259,40.121335,351.061678
407577.518000,712,3,25.114638,219.753086,19.197843,167.981126
407656.916000,886,12,31.252205,273.456790,23.889451,209.032693
407656.976000,1155,2,40.740741,356.481481,31.142568,272.497472
407743.337000,4039,2,142.469136,1246.604938,108.904617,952.915403
407777.174000,1702,100,60.035273,525.308642,45.891473,401.550388
407778.308000,7677,4,270.793651,2369.444444,206.996967,1811.223458
407828.551000,3136,9,110.617284,967.901235,84.556791,739.871925
407830.745000,714,22,25.185185,220.370370,19.251769,168.452983
407906.801000,1715,82,60.493827,529.320988,46.241995,404.617459
407910.446000,470,23,16.578483,145.061728,12.672733,110.886417
408009.793000,214,14,7.548501,66.049383,5.770138,50.488709
408153.611000,374,10,13.192240,115.432099,10.084260,88.237277
408277.203000,93,95,3.280423,28.703704,2.507583,21.941355
408325.673000,715,22,25.220459,220.679012,19.278733,168.688911
408399.424000,24,11,0.846561,7.407407,0.647118,5.662285
408400.332000,1717,19,60.564374,529.938272,46.295922,405.089316
408404.487000,6557,96,231.287478,2023.765432,176.798113,1546.983485
408506.448000,754,12,26.596120,232.716049,20.330300,177.890125
408506.747000,1217,52,42.927690,375.617284,32.814291,287.125042
408513.301000,7603,12,268.183422,2346.604938,205.001685,1793.764746
408513.979000,5490,5,193.650794,1694.444444,148.028311,1295.247725
408645.934000,6919,3,244.056437,2135.493827,186.558814,1632.389619
408646.888000,1718,7,60.599647,530.246914,46.322885,405.325244
408647.313000,24,6,0.846561,7.407407,0.647118,5.662285
408757.633000,3097,9,109.241623,955.864198,83.505224,730.670711
408777.496000,244,11,8.606702,75.308642,6.579036,57.566566
408827.560000,1488,9,52.486772,459.259259,40.121335,351.061678
408829.813000,716,21,25.255732,220.987654,19.305696,168.924840
409007.547000,2543,1,89.700176,784.876543,68.567577,599.966296
409029.664000,244,13,8.606702,75.308642,6.579036,57.566566
409133.415000,1955,31,68.959436,603.395062,52.713178,461.240310
409134.999000,5462,4,192.663139,1685.802469,147.273340,1288.641726
409145.300000,1717,11,60.564374,529.938272,46.295922,405.089316
409257.822000,3421,9,120.670194,1055.864198,92.241321,807.111560
409377.482000,3003,27,105.925926,926.851852,80.970677,708.493428
409493.083000,318,6,11.216931,98.148148,8.574317,75.025278
409495.945000,4318,9,152.310406,1332.716049,116.427368,1018.739467
409506.767000,2543,4,89.700176,784.876543,68.567577,599.966296
409528.885000,1556,43,54.885362,480.246914,41.954837,367.104820
409575.534000,3136,9,110.617284,967.901235,84.556791,739.871925
409643.844000,1719,6,60.634921,530.555556,46.349848,405.561173
409746.884000,88,67,3.104056,27.160494,2.372767,20.761712
409758.411000,807,57,28.465608,249.074074,21.759353,190.394338
409778.818000,4973,10,175.414462,1534.876543,134.088305,1173.272666
409823.013000,716,21,25.255732,220.987654,19.305696,168.924840
409874.445000,1954,6,68.924162,603.086420,52.686215,461.004382
409892.345000,1719,1,60.634921,530.555556,46.349848,405.561173
409992.862000,321,4,11.322751,99.074074,8.655207,75.733064
409994.970000,3529,29,124.479718,1089.197531,95.153354,832.591844
410027.723000,7659,5,270.158730,2363.888889,206.511628,1806.976744
410146.331000,1720,1,60.670194,530.864198,46.376812,405.797101
410148.265000,3486,10,122.962963,1075.925926,93.993933,822.446916
410261.235000,3472,9,122.469136,1071.604938,93.616448,819.143916
410324.136000,5228,246,184.409171,1613.580247,140.963937,1233.434446
410377.222000,3964,1,139.823633,1223.456790,106.882373,935.220762
410392.304000,26,1,0.917108,8.024691,0.701045,6.134142
410514.523000,5452,1,192.310406,1682.716049,147.003707,1286.282440
410515.943000,658,13,23.209877,203.086420,17.741827,155.240984
410528.716000,7678,9,270.828924,2369.753086,207.023930,1811.459387
410572.081000,1444,2,50.934744,445.679012,38.934951,340.680822
410574.784000,1835,3,64.726631,566.358025,49.477587,432.928884
410574.852000,2223,24,78.412698,686.111111,59.939333,524.469161
410626.879000,886,12,31.252205,273.456790,23.889451,209.032693
410644.389000,1720,5,60.670194,530.864198,46.376812,405.797101
410644.885000,26,3,0.917108,8.024691,0.701045,6.134142
410776.075000,3565,6,125.749559,1100.308642,96.124031,841.085271
410777.172000,5451,21,192.275132,1682.407407,146.976744,1286.046512
410777.265000,84,55,2.962963,25.925926,2.264914,19.817998
410777.837000,2367,3,83.492063,730.555556,63.822042,558.442872
410822.156000,3137,9,110.652557,968.209877,84.583755,740.107853
410822.293000,1443,9,50.899471,445.370370,38.907988,340.444894
410824.013000,2224,3,78.447972,686.419753,59.966296,524.705089
410877.040000,3965,14,139.858907,1223.765432,106.909336,935.456690
410893.181000,3487,9,122.998236,1076.234568,94.020897,822.682845
410993.017000,1370,8,48.324515,422.839506,36.939670,323.222110
411012.535000,5612,15,197.954145,1732.098765,151.317829,1324.031008
411074.176000,2408,33,84.938272,743.209877,64.927536,568.115942
411133.000000,1526,38,53.827160,470.987654,41.145939,360.026963
411138.514000,1836,18,64.761905,566.666667,49.504550,433.164813
411259.236000,1220,139,43.033510,376.543210,32.895180,287.832828
411278.476000,7638,77,269.417989,2357.407407,205.945399,1802.022245
411322.349000,2408,1,84.938272,743.209877,64.927536,568.115942
411323.423000,2224,3,78.447972,686.419753,59.966296,524.705089
411393.433000,1721,3,60.705467,531.172840,46.403775,406.033030
411394.436000,386,2,13.615520,119.135802,10.407819,91.068419
411493.533000,325,2,11.463845,100.308642,8.763060,76.676778
411528.327000,2949,3,104.021164,910.185185,79.514661,695.753286
411573.668000,431,2,15.202822,133.024691,11.621166,101.685204
411627.801000,3965,6,139.858907,1223.765432,106.909336,935.456690
411642.838000,385,3,13.580247,118.827160,10.380856,90.832491
411777.677000,3007,14,106.067019,928.086420,81.078531,709.437142
411780.279000,2949,3,104.021164,910.185185,79.514661,695.753286
411780.329000,306,2,10.793651,94.444444,8.250758,72.194135
411874.300000,3966,1,139.894180,1224.074074,106.936299,935.692619
411897.880000,1722,3,60.740741,531.481481,46.430738,406.268959
411899.653000,7682,9,270.970018,2370.987654,207.131783,1812.403101
411993.445000,4058,3,143.139330,1252.469136,109.416919,957.398045
412015.319000,912,2,32.169312,281.481481,24.590495,215.166835
412038.345000,85,8,2.998236,26.234568,2.291877,20.053927
412072.875000,2408,15,84.938272,743.209877,64.927536,568.115942
412130.649000,5469,1,192.910053,1687.962963,147.462083,1290.293225
412132.446000,3967,30,139.929453,1224.382716,106.963263,935.928547
412136.699000,7677,4,270.793651,2369.444444,206.996967,1811.223458
412137.255000,1836,12,64.761905,566.666667,49.504550,433.164813
412146.675000,44,7,1.552028,13.580247,1.186384,10.380856
412148.622000,385,3,13.580247,118.827160,10.380856,90.832491
412148.692000,7684,6,271.040564,2371.604938,207.185709,1812.874958
412270.657000,913,12,32.204586,281.790123,24.617459,215.402764
412281.657000,7678,25,270.828924,2369.753086,207.023930,1811.459387
412373.345000,1529,5,53.932981,471.913580,41.226828,360.734749
412398.898000,1722,1,60.740741,531.481481,46.430738,406.268959
412403.819000,385,3,13.580247,118.827160,10.380856,90.832491
412404.081000,7686,5,271.111111,2372.222222,207.239636,1813.346815
412511.997000,765,31,26.984127,236.111111,20.626896,180.485339
412632.872000,7677,4,270.793651,2369.444444,206.996967,1811.223458
412645.295000,1723,4,60.776014,531.790123,46.457701,406.504887
412743.757000,4059,3,143.174603,1252.777778,109.443883,957.633974
412767.091000,765,15,26.984127,236.111111,20.626896,180.485339
412777.166000,298,127,10.511464,91.975309,8.035052,70.306707
412779.984000,1908,30,67.301587,588.888889,51.445905,450.151668
412780.528000,86,15,3.033510,26.543210,2.318841,20.289855
412822.149000,3212,181,113.298060,991.358025,86.605999,757.802494
412880.040000,3966,4,139.894180,1224.074074,106.936299,935.692619
412880.417000,1529,1,53.932981,471.913580,41.226828,360.734749
412892.853000,3966,1,139.894180,1224.074074,106.936299,935.692619
413028.599000,1702,46,60.035273,525.308642,45.891473,401.550388
413031.737000,2369,7,83.562610,731.172840,63.875969,558.914729
413044.343000,3297,3,116.296296,1017.592593,88.897877,777.856421
413146.581000,1723,2,60.776014,531.790123,46.457701,406.504887
413147.001000,7601,92,268.112875,2345.987654,204.947759,1793.292888
413248.581000,7601,92,268.112875,2345.987654,204.947759,1793.292888
413264.669000,5492,22,193.721340,1695.061728,148.082238,1295.719582
413278.054000,86,13,3.033510,26.543210,2.318841,20.289855
413278.193000,7661,14,270.229277,2364.506173,206.565554,1807.448601
413278.379000,2051,1,72.345679,633.024691,55.301651,483.889451
413323.057000,2409,43,84.973545,743.518519,64.954499,568.351871
413378.673000,3966,12,139.894180,1224.074074,106.936299,935.692619
413379.120000,5471,4,192.980600,1688.580247,147.516009,1290.765083
413380.114000,890,9,31.393298,274.691358,23.997304,209.976407
413395.251000,1580,19,55.731922,487.654321,42.601955,372.767105
413493.408000,3418,78,120.564374,1054.938272,92.160431,806.403775
413512.520000,2544,4,89.735450,785.185185,68.594540,600.202224
413517.288000,913,133,32.204586,281.790123,24.617459,215.402764
413627.282000,3966,21,139.894180,1224.074074,106.936299,935.692619
413628.781000,5487,2,193.544974,1693.518519,147.947422,1294.539939
413645.409000,7678,9,270.828924,2369.753086,207.023930,1811.459387
413743.655000,2545,2,89.770723,785.493827,68.621503,600.438153
413778.669000,7637,234,269.382716,2357.098765,205.918436,1801.786316
413822.046000,283,28,9.982363,87.345679,7.630603,66.767779
414014.922000,4545,3,160.317460,1402.777778,122.548028,1072.295248
414021.249000,5030,9,177.425044,1552.469136,135.625211,1186.720593
414021.736000,809,19,28.536155,249.691358,21.813279,190.866195
414027.904000,302,4,10.652557,93.209877,8.142905,71.250421
414030.849000,86,55,3.033510,26.543210,2.318841,20.289855
414072.351000,738,5,26.031746,227.777778,19.898888,174.115268
414073.455000,738,1,26.031746,227.777778,19.898888,174.115268
414142.402000,7596,13,267.936508,2344.444444,204.812942,1792.113246
414242.979000,1417,1,49.982363,437.345679,38.206943,334.310752
414244.014000,3588,14,126.560847,1107.407407,96.744186,846.511628
414244.578000,4320,7,152.380952,1333.333333,116.481294,1019.211325
414262.765000,2544,6,89.735450,785.185185,68.594540,600.202224
414268.324000,7419,14,261.693122,2289.814815,200.040445,1750.353893
414529.469000,5470,5,192.945326,1688.271605,147.489046,1290.529154
414574.792000,4939,3,174.215168,1524.382716,133.171554,1165.251095
414629.456000,283,2,9.982363,87.345679,7.630603,66.767779
414640.646000,7685,3,271.075838,2371.913580,207.212673,1813.110886
414743.388000,150,7,5.291005,46.296296,4.044489,35.389282
414767.691000,748,63,26.384480,230.864198,20.168520,176.474553
414775.609000,810,28,28.571429,250.000000,21.840243,191.102123
414777.766000,303,16,10.687831,93.518519,8.169869,71.486350
414779.976000,2375,85,83.774250,733.024691,64.037749,560.330300
414822.507000,738,6,26.031746,227.777778,19.898888,174.115268
414998.928000,3498,16,123.386243,1079.629630,94.317492,825.278059
415002.371000,3591,4,126.666667,1108.333333,96.825076,847.219414
415003.190000,1417,19,49.982363,437.345679,38.206943,334.310752
415014.075000,4547,99,160.388007,1403.395062,122.601955,1072.767105
415015.405000,748,16,26.384480,230.864198,20.168520,176.474553
415029.738000,85,58,2.998236,26.234568,2.291877,20.053927
415147.980000,27,2,0.952381,8.333333,0.728008,6.370071
415149.469000,3348,1,118.095238,1033.333333,90.273003,789.888777
415243.231000,1415,15,49.911817,436.728395,38.153017,333.838895
415245.207000,4938,4,174.179894,1524.074074,133.144590,1165.015167
415270.685000,1784,39,62.927690,550.617284,48.102460,420.896528
415277.499000,7596,13,267.936508,2344.444444,204.812942,1792.113246
415322.684000,739,15,26.067019,228.086420,19.925851,174.351196
415401.358000,27,3,0.952381,8.333333,0.728008,6.370071
415405.372000,3348,2,118.095238,1033.333333,90.273003,789.888777
415494.174000,1419,79,50.052910,437.962963,38.260870,334.782609
415519.067000,4446,22,156.825397,1372.222222,119.878665,1048.938322
415528.644000,811,55,28.606702,250.308642,21.867206,191.338052
415529.195000,4664,25,164.514991,1439.506173,125.756657,1100.370745
415530.442000,5513,17,194.462081,1701.543210,148.648466,1300.674082
415574.048000,740,14,26.102293,228.395062,19.952814,174.587125
415653.264000,491,24,17.319224,151.543210,13.238962,115.840917
415745.425000,4365,22,153.968254,1347.222222,117.694641,1029.828109
415762.160000,2544,7,89.735450,785.185185,68.594540,600.202224
415870.785000,2269,9,80.035273,700.308642,61.179643,535.321874
415893.269000,1587,95,55.978836,489.814815,42.790698,374.418605
415994.740000,1421,27,50.123457,438.580247,38.314796,335.254466
416021.958000,4666,4,164.585538,1440.123457,125.810583,1100.842602
416072.303000,720,2,25.396825,222.222222,19.413549,169.868554
416123.003000,3014,3,106.313933,930.246914,81.267273,711.088642
416142.651000,28,1,0.987654,8.641975,0.754971,6.605999
416242.352000,64,2,2.257496,19.753086,1.725649,15.099427
416243.983000,1378,54,48.606702,425.308642,37.155376,325.109538
416262.666000,5622,15,198.306878,1735.185185,151.587462,1326.390293
416282.454000,304,18,10.723104,93.827160,8.196832,71.722278
416284.763000,2623,6,92.522046,809.567901,70.724638,618.840580
416511.108000,2377,7,83.844797,733.641975,64.091675,560.802157
416533.948000,4936,14,174.109347,1523.456790,133.090664,1164.543310
416536.267000,7685,6,271.075838,2371.913580,207.212673,1813.110886
416648.955000,29,2,1.022928,8.950617,0.781935,6.841928
416649.013000,1797,9,63.386243,554.629630,48.452983,423.963600
416650.736000,472,14,16.649030,145.679012,12.726660,111.358274
416898.133000,493,4,17.389771,152.160494,13.292888,116.312774
417072.417000,3779,6,133.298060,1166.358025,101.894169,891.573980
417121.204000,2275,4,80.246914,702.160494,61.341422,536.737445
417145.988000,1567,58,55.273369,483.641975,42.251432,369.700034
417146.820000,1587,188,55.978836,489.814815,42.790698,374.418605
417243.583000,1434,16,50.582011,442.592593,38.665319,338.321537
417244.244000,64,2,2.257496,19.753086,1.725649,15.099427
417259.042000,2378,3,83.880071,733.950617,64.118638,561.038086
417322.671000,3779,3,133.298060,1166.358025,101.894169,891.573980
417371.918000,5490,1,193.650794,1694.444444,148.028311,1295.247725
417510.059000,722,1,25.467372,222.839506,19.467476,170.340411
417744.044000,3569,6,125.890653,1101.543210,96.231884,842.028986
417745.079000,7686,3,271.111111,2372.222222,207.239636,1813.346815
417745.217000,1418,8,50.017637,437.654321,38.233906,334.546680
417745.967000,7585,14,267.548501,2341.049383,204.516346,1789.518032
417746.211000,4323,1,152.486772,1334.259259,116.562184,1019.919110
417746.587000,1420,5,50.088183,438.271605,38.287833,335.018537
417761.564000,811,34,28.606702,250.308642,21.867206,191.338052
417784.041000,2984,17,105.255732,920.987654,80.458375,704.010785
417785.494000,2393,40,84.409171,738.580247,64.523087,564.577014
417895.044000,1658,15,58.483245,511.728395,44.705089,391.169532
417993.720000,1034,14,36.472663,319.135802,27.880013,243.950118
417993.839000,4324,4,152.522046,1334.567901,116.589147,1020.155039
417994.594000,3483,26,122.857143,1075.000000,93.913043,821.739130
418009.656000,2545,5,89.770723,785.493827,68.621503,600.438153
418153.092000,3496,5,123.315697,1079.012346,94.263566,824.806202
418243.845000,1420,1,50.088183,438.271605,38.287833,335.018537
418260.798000,4550,4,160.493827,1404.320988,122.682845,1073.474890
418264.808000,657,14,23.174603,202.777778,17.714863,155.005056
418394.544000,30,45,1.058201,9.259259,0.808898,7.077856
418394.965000,494,34,17.425044,152.469136,13.319852,116.548702
418492.818000,1420,1,50.088183,438.271605,38.287833,335.018537
418494.137000,4324,1,152.522046,1334.567901,116.589147,1020.155039
418529.464000,2268,3,80.000000,700.000000,61.152679,535.085945
418573.717000,90,11,3.174603,27.777778,2.426694,21.233569
418621.472000,2384,8,84.091711,735.802469,64.280418,562.453657
418744.022000,3081,129,108.677249,950.925926,83.073812,726.895854
418744.619000,3596,4,126.843034,1109.876543,96.959892,848.399056
418872.228000,4025,18,141.975309,1242.283951,108.527132,949.612403
418896.174000,494,29,17.425044,152.469136,13.319852,116.548702
418896.527000,31,38,1.093474,9.567901,0.835861,7.313785
418897.142000,3986,2,140.599647,1230.246914,107.475565,940.411190
419012.851000,4550,5,160.493827,1404.320988,122.682845,1073.474890
419017.589000,3481,2,122.786596,1074.382716,93.859117,821.267273
419074.742000,90,11,3.174603,27.777778,2.426694,21.233569
419156.555000,30,1,1.058201,9.259259,0.808898,7.077856
419156.668000,6923,5,244.197531,2136.728395,186.666667,1633.333333
419159.337000,1412,22,49.805996,435.802469,38.072127,333.131109
419160.399000,1412,21,49.805996,435.802469,38.072127,333.131109
419161.165000,1412,7,49.805996,435.802469,38.072127,333.131109
419243.213000,153,17,5.396825,47.222222,4.125379,36.097068
419244.861000,1420,16,50.088183,438.271605,38.287833,335.018537
419263.348000,938,1,33.086420,289.506173,25.291540,221.300977
419267.473000,2380,56,83.950617,734.567901,64.172565,561.509943
419282.654000,2270,6,80.070547,700.617284,61.206606,535.557802
419322.173000,2532,9,89.312169,781.481481,68.270981,597.371082
419323.965000,741,13,26.137566,228.703704,19.979778,174.823054
419371.707000,5691,3,200.740741,1756.481481,153.447927,1342.669363
419408.946000,1412,17,49.805996,435.802469,38.072127,333.131109
419410.067000,1412,20,49.805996,435.802469,38.072127,333.131109
419493.758000,3597,9,126.878307,1110.185185,96.986855,848.634985
419512.133000,4666,4,164.585538,1440.123457,125.810583,1100.842602
419573.389000,3047,3,107.477954,940.432099,82.157061,718.874284
419649.435000,30,42,1.058201,9.259259,0.808898,7.077856
419650.162000,518,12,18.271605,159.876543,13.966970,122.210988
419651.030000,30,1,1.058201,9.259259,0.808898,7.077856
419654.936000,1413,18,49.841270,436.111111,38.099090,333.367037
419743.844000,1421,51,50.123457,438.580247,38.314796,335.254466
419778.892000,2270,1,80.070547,700.617284,61.206606,535.557802
419821.959000,91,8,3.209877,28.086420,2.453657,21.469498
419822.631000,2219,9,78.271605,684.876543,59.831480,523.525447
419897.330000,494,96,17.425044,152.469136,13.319852,116.548702
419993.489000,2449,10,86.384480,755.864198,66.033030,577.789012
420013.882000,4551,4,160.529101,1404.629630,122.709808,1073.710819
420019.589000,3480,14,122.751323,1074.074074,93.832154,821.031345
420020.095000,722,3,25.467372,222.839506,19.467476,170.340411
420031.731000,2271,5,80.105820,700.925926,61.233569,535.793731
420126.882000,4027,1,142.045855,1242.901235,108.581058,950.084260
420127.210000,2389,5,84.268078,737.345679,64.415234,563.633300
420131.103000,775,16,27.336861,239.197531,20.896528,182.844624
420145.389000,31,43,1.093474,9.567901,0.835861,7.313785
420145.706000,6935,2,244.620811,2140.432099,186.990226,1636.164476
420146.367000,2482,1,87.548501,766.049383,66.922818,585.574655
420146.614000,31,3,1.093474,9.567901,0.835861,7.313785
420258.585000,940,2,33.156966,290.123457,25.345467,221.772835
420276.872000,2626,6,92.627866,810.493827,70.805527,619.548365
420322.232000,2221,12,78.342152,685.493827,59.885406,523.997304
420372.534000,4028,7,142.081129,1243.209877,108.608022,950.320189
420372.806000,269,67,9.488536,83.024691,7.253118,63.464779
420492.792000,1395,1,49.206349,430.555556,37.613751,329.120324
420494.128000,4326,2,152.592593,1335.185185,116.643074,1020.626896
420512.210000,3480,14,122.751323,1074.074074,93.832154,821.031345
420574.513000,3052,18,107.654321,941.975309,82.291877,720.053927
420649.889000,4395,61,155.026455,1356.481481,118.503539,1036.905966
420653.060000,7686,1,271.111111,2372.222222,207.239636,1813.346815
420823.198000,856,48,30.194004,264.197531,23.080553,201.954837
420871.854000,3457,3,121.940035,1066.975309,93.211999,815.604988
420874.370000,1839,4,64.867725,567.592593,49.585440,433.872599
420904.172000,7686,14,271.111111,2372.222222,207.239636,1813.346815
420992.713000,1394,3,49.171076,430.246914,37.586788,328.884395
420994.143000,1034,28,36.472663,319.135802,27.880013,243.950118
421014.938000,4754,14,167.689594,1467.283951,128.183350,1121.604314
421032.166000,2271,4,80.105820,700.925926,61.233569,535.793731
421032.516000,4517,14,159.329806,1394.135802,121.793057,1065.689248
421034.191000,7674,14,270.687831,2368.518519,206.916077,1810.515672
421071.960000,5682,11,200.423280,1753.703704,153.205258,1340.546006
421148.778000,32,3,1.128748,9.876543,0.862824,7.549714
421149.243000,2970,124,104.761905,916.666667,80.080890,700.707786
421150.077000,4398,8,155.132275,1357.407407,118.584429,1037.613751
421263.263000,722,1,25.467372,222.839506,19.467476,170.340411
421263.394000,5323,21,187.760141,1642.901235,143.525447,1255.847658
421264.296000,4667,3,164.620811,1440.432099,125.837546,1101.078531
421281.261000,2271,4,80.105820,700.925926,61.233569,535.793731
421282.865000,2396,8,84.514991,739.506173,64.603977,565.284799
421322.590000,235,13,8.289242,72.530864,6.336367,55.443209
421396.118000,4399,1,155.167549,1357.716049,118.611392,1037.849680
421397.937000,2556,3,90.158730,788.888889,68.918099,603.033367
421512.206000,2548,11,89.876543,786.419753,68.702393,601.145939
421573.763000,3053,5,107.689594,942.283951,82.318841,720.289855
421574.020000,859,10,30.299824,265.123457,23.161443,202.662622
421625.430000,1840,11,64.902998,567.901235,49.612403,434.108527
421646.580000,4399,9,155.167549,1357.716049,118.611392,1037.849680
421648.558000,2156,3,76.049383,665.432099,58.132794,508.661948
421743.317000,263,4,9.276896,81.172840,7.091338,62.049208
421745.209000,2451,23,86.455026,756.481481,66.086957,578.260870
421761.564000,943,2,33.262787,291.049383,25.426357,222.480620
421762.260000,1496,20,52.768959,461.728395,40.337041,352.949107
421870.890000,269,112,9.488536,83.024691,7.253118,63.464779
421872.273000,7686,4,271.111111,2372.222222,207.239636,1813.346815
421898.525000,4399,12,155.167549,1357.716049,118.611392,1037.849680
421900.343000,7684,13,271.040564,2371.604938,207.185709,1812.874958
422032.693000,2271,4,80.105820,700.925926,61.233569,535.793731
422072.225000,3054,1,107.724868,942.592593,82.345804,720.525784
422146.643000,673,17,23.738977,207.716049,18.146276,158.779912
422242.921000,156,10,5.502646,48.148148,4.206269,36.804853
422260.760000,944,1,33.298060,291.358025,25.453320,222.716549
422265.674000,722,2,25.467372,222.839506,19.467476,170.340411
422278.242000,2271,4,80.105820,700.925926,61.233569,535.793731
422372.030000,269,100,9.488536,83.024691,7.253118,63.464779
422576.362000,3056,1,107.795414,943.209877,82.399730,720.997641
422579.177000,2225,10,78.483245,686.728395,59.993259,524.941018
422643.913000,7685,13,271.075838,2371.913580,207.212673,1813.110886
422649.189000,7686,1,271.111111,2372.222222,207.239636,1813.346815
422768.439000,1649,19,58.165785,508.950617,44.462420,389.046175
422769.019000,722,2,25.467372,222.839506,19.467476,170.340411
422822.876000,7381,6,260.352734,2278.086420,199.015841,1741.388608
422823.525000,3056,1,107.795414,943.209877,82.399730,720.997641
422895.509000,7686,41,271.111111,2372.222222,207.239636,1813.346815
423009.527000,2550,19,89.947090,787.037037,68.756320,601.617796
423028.614000,7674,7,270.687831,2368.518519,206.916077,1810.515672
423073.521000,3056,8,107.795414,943.209877,82.399730,720.997641
423122.172000,268,88,9.453263,82.716049,7.226154,63.228851
423124.605000,1840,4,64.902998,567.901235,49.612403,434.108527
423244.413000,157,154,5.537919,48.456790,4.233232,37.040782
423277.129000,2271,4,80.105820,700.925926,61.233569,535.793731
423397.537000,4400,6,155.202822,1358.024691,118.638355,1038.085608
423397.648000,59,4,2.081129,18.209877,1.590832,13.919784
423398.080000,2481,34,87.513228,765.740741,66.895854,585.338726
423493.526000,1420,31,50.088183,438.271605,38.287833,335.018537
423527.198000,4518,9,159.365079,1394.444444,121.820020,1065.925177
423528.872000,2261,3,79.753086,697.839506,60.963937,533.434446
423573.173000,2223,1,78.412698,686.111111,59.939333,524.469161
423644.711000,7681,39,270.934744,2370.679012,207.104820,1812.167172
423743.336000,264,2,9.312169,81.481481,7.118301,62.285137
423771.041000,3480,78,122.751323,1074.074074,93.832154,821.031345
423822.249000,1489,9,52.522046,459.567901,40.148298,351.297607
423896.690000,7682,25,270.970018,2370.987654,207.131783,1812.403101
423896.859000,59,3,2.081129,18.209877,1.590832,13.919784
423897.627000,34,33,1.199295,10.493827,0.916751,8.021571
423898.171000,2481,1,87.513228,765.740741,66.895854,585.338726
423898.575000,7681,1,270.934744,2370.679012,207.104820,1812.167172
424015.562000,2551,345,89.982363,787.345679,68.783283,601.853724
424023.707000,2132,8,75.202822,658.024691,57.485676,502.999663
424028.001000,5473,4,193.051146,1689.197531,147.569936,1291.236940
424146.538000,58,4,2.045855,17.901235,1.563869,13.683856
424245.033000,180,7,6.349206,55.555556,4.853387,42.467139
424262.630000,666,12,23.492063,205.555556,17.957533,157.128413
424372.742000,1158,3,40.846561,357.407407,31.223458,273.205258
424373.815000,1600,2,56.437390,493.827160,43.141220,377.485676
424503.294000,2455,19,86.596120,757.716049,66.194810,579.204584
424503.975000,1420,238,50.088183,438.271605,38.287833,335.018537
424527.171000,7675,16,270.723104,2368.827160,206.943040,1810.751601
424528.160000,21,3,0.740741,6.481481,0.566229,4.954499
424528.322000,2397,4,84.550265,739.814815,64.630940,565.520728
424528.985000,2626,1,92.627866,810.493827,70.805527,619.548365
424573.500000,412,3,14.532628,127.160494,11.108864,97.202562
424646.066000,34,15,1.199295,10.493827,0.916751,8.021571
424743.004000,264,3,9.312169,81.481481,7.118301,62.285137
424776.490000,1335,1,47.089947,412.037037,35.995956,314.964611
424778.337000,7330,31,258.553792,2262.345679,197.640715,1729.356252
424779.355000,2397,6,84.550265,739.814815,64.630940,565.520728
424822.087000,483,3,17.037037,149.074074,13.023256,113.953488
424870.860000,2393,1,84.409171,738.580247,64.523087,564.577014
424872.262000,1841,3,64.938272,568.209877,49.639366,434.344456
424993.971000,158,393,5.573192,48.765432,4.260195,37.276710
425014.850000,4552,3,160.564374,1404.938272,122.736771,1073.946748
425019.471000,758,62,26.737213,233.950617,20.438153,178.833839
425020.968000,2386,38,84.162257,736.419753,64.334344,562.925514
425021.543000,2597,3,91.604938,801.543210,70.023593,612.706437
425027.785000,2626,9,92.627866,810.493827,70.805527,619.548365
425072.498000,3059,3,107.901235,944.135802,82.480620,721.705426
425120.851000,1598,7,56.366843,493.209877,43.087294,377.013819
425243.144000,265,3,9.347443,81.790123,7.145265,62.521065
425244.150000,2476,20,87.336861,764.197531,66.761038,584.159083
425246.152000,4945,2,174.426808,1526.234568,133.333333,1166.666667
425265.418000,552,1,19.470899,170.370370,14.883721,130.232558
425277.945000,23,1,0.811287,7.098765,0.620155,5.426357
425398.259000,34,6,1.199295,10.493827,0.916751,8.021571
425401.501000,241,1,8.500882,74.382716,6.498146,56.858780
425521.821000,2260,6,79.717813,697.530864,60.936973,533.198517
425527.897000,552,9,19.470899,170.370370,14.883721,130.232558
425529.527000,7664,3,270.335097,2365.432099,206.646444,1808.156387
425530.013000,2096,24,73.932981,646.913580,56.514998,494.506235
425530.212000,7332,1,258.624339,2262.962963,197.694641,1729.828109
425620.932000,260,78,9.171076,80.246914,7.010448,61.341422
425622.752000,3017,49,106.419753,931.172840,81.348163,711.796427
425623.167000,1952,2,68.853616,602.469136,52.632289,460.532524
425652.247000,3496,9,123.315697,1079.012346,94.263566,824.806202
425743.823000,266,1,9.382716,82.098765,7.172228,62.756994
425773.146000,1333,85,47.019400,411.419753,35.942029,314.492754
425777.382000,4520,22,159.435626,1395.061728,121.873947,1066.397034
425779.337000,7332,1,258.624339,2262.962963,197.694641,1729.828109
425779.528000,2261,3,79.753086,697.839506,60.963937,533.434446
425826.737000,212,9,7.477954,65.432099,5.716212,50.016852
425874.308000,5807,88,204.832451,1792.283951,156.575666,1370.037074
425900.789000,1796,79,63.350970,554.320988,48.426020,423.727671
425904.030000,1899,20,66.984127,586.111111,51.203236,448.028311
425905.404000,1901,20,67.054674,586.728395,51.257162,448.500169
426014.438000,7679,26,270.864198,2370.061728,207.050893,1811.695315
426020.258000,6618,49,233.439153,2042.592593,178.442872,1561.375126
426028.651000,1241,7,43.774250,383.024691,33.461409,292.787327
426030.915000,7332,6,258.624339,2262.962963,197.694641,1729.828109
426031.963000,2627,8,92.663139,810.802469,70.832491,619.784294
426072.350000,2039,3,71.922399,629.320988,54.978092,481.058308
426121.088000,260,63,9.171076,80.246914,7.010448,61.341422
426122.655000,1602,1,56.507937,494.444444,43.195147,377.957533
426264.744000,7,3,0.246914,2.160494,0.188743,1.651500
426270.596000,1334,58,47.054674,411.728395,35.968992,314.728682
426277.882000,52,16,1.834215,16.049383,1.402090,12.268284
426278.134000,554,9,19.541446,170.987654,14.937647,130.704415
426281.135000,7333,1,258.659612,2263.271605,197.721604,1730.064038
426374.252000,260,68,9.171076,80.246914,7.010448,61.341422
426377.755000,2703,11,95.343915,834.259259,72.881699,637.714863
426515.331000,1502,14,52.980600,463.580247,40.498820,354.364678
426521.071000,6618,73,233.439153,2042.592593,178.442872,1561.375126
426526.940000,555,3,19.576720,171.296296,14.964611,130.940344
426621.118000,4937,5,174.144621,1523.765432,133.117627,1164.779238
426621.741000,2391,3,84.338624,737.962963,64.469161,564.105157
426624.368000,6,20,0.211640,1.851852,0.161780,1.415571
426624.961000,3106,1,109.559083,958.641975,83.747893,732.794068
426647.099000,1726,2,60.881834,532.716049,46.538591,407.212673
426648.373000,35,14,1.234568,10.802469,0.943714,8.257499
426650.040000,3498,5,123.386243,1079.629630,94.317492,825.278059
426742.948000,1053,9,37.142857,325.000000,28.392315,248.432760
426743.296000,1408,3,49.664903,434.567901,37.964274,332.187395
426777.960000,2626,9,92.627866,810.493827,70.805527,619.548365
426778.334000,7620,129,268.783069,2351.851852,205.460061,1797.775531
426823.187000,486,46,17.142857,150.000000,13.104146,114.661274
426900.595000,1903,3,67.125220,587.345679,51.311089,448.972026
427014.284000,4554,15,160.634921,1405.555556,122.790698,1074.418605
427015.711000,1503,1,53.015873,463.888889,40.525784,354.600607
427015.791000,5636,13,198.800705,1739.506173,151.964948,1329.693293
427027.770000,555,5,19.576720,171.296296,14.964611,130.940344
427029.881000,7333,6,258.659612,2263.271605,197.721604,1730.064038
427030.494000,2261,3,79.753086,697.839506,60.963937,533.434446
427121.034000,2391,3,84.338624,737.962963,64.469161,564.105157
427122.846000,1602,4,56.507937,494.444444,43.195147,377.957533
427123.284000,1904,2,67.160494,587.654321,51.338052,449.207954
427147.970000,6917,3,243.985891,2134.876543,186.504887,1631.917762
427149.159000,36,1,1.269841,11.111111,0.970677,8.493428
427151.453000,3349,9,118.130511,1033.641975,90.299966,790.124705
427276.874000,2246,12,79.223986,693.209877,60.559488,529.895517
427277.004000,556,8,19.611993,171.604938,14.991574,131.176272
427278.233000,7334,5,258.694885,2263.580247,197.748568,1730.299966
427397.311000,36,1,1.269841,11.111111,0.970677,8.493428
427511.356000,1506,10,53.121693,464.814815,40.606673,355.308392
427573.899000,1133,8,39.964727,349.691358,30.549376,267.307044
427574.829000,6,20,0.211640,1.851852,0.161780,1.415571
427652.470000,2481,31,87.513228,765.740741,66.895854,585.338726
427653.333000,36,1,1.269841,11.111111,0.970677,8.493428
427657.108000,3352,2,118.236332,1034.567901,90.380856,790.832491
427658.426000,7681,9,270.934744,2370.679012,207.104820,1812.167172
427743.530000,162,43,5.714286,50.000000,4.368049,38.220425
427822.492000,488,3,17.213404,150.617284,13.158072,115.133131
427872.240000,3969,19,140.000000,1225.000000,107.017189,936.400404
427902.299000,3352,2,118.236332,1034.567901,90.380856,790.832491
427902.405000,4939,3,174.215168,1524.382716,133.171554,1165.251095
428029.971000,4529,39,159.753086,1397.839506,122.116616,1068.520391
428032.760000,2096,9,73.932981,646.913580,56.514998,494.506235
428033.457000,7334,1,258.694885,2263.580247,197.748568,1730.299966
428121.161000,5845,2,206.172840,1804.012346,157.600270,1379.002359
428123.781000,1906,2,67.231041,588.271605,51.391978,449.679811
428148.398000,2481,2,87.513228,765.740741,66.895854,585.338726
428151.820000,1413,7,49.841270,436.111111,38.099090,333.367037
428277.225000,7664,3,270.335097,2365.432099,206.646444,1808.156387
428277.716000,7334,8,258.694885,2263.580247,197.748568,1730.299966
428371.582000,3460,21,122.045855,1067.901235,93.292888,816.312774
428407.608000,37,4,1.305115,11.419753,0.997641,8.729356
428408.085000,2030,79,71.604938,626.543210,54.735423,478.934951
428413.373000,1413,18,49.841270,436.111111,38.099090,333.367037
428414.245000,1414,18,49.876543,436.419753,38.126053,333.602966
428492.760000,2485,5,87.654321,766.975309,67.003707,586.282440
428526.707000,1058,16,37.319224,326.543210,28.527132,249.612403
428528.265000,7674,14,270.687831,2368.518519,206.916077,1810.515672
428572.440000,164,2,5.784832,50.617284,4.421975,38.692282
428573.926000,1133,14,39.964727,349.691358,30.549376,267.307044
428621.924000,6,20,0.211640,1.851852,0.161780,1.415571
428648.055000,38,1,1.340388,11.728395,1.024604,8.965285
428648.764000,7681,512,270.934744,2370.679012,207.104820,1812.167172
428648.978000,38,1,1.340388,11.728395,1.024604,8.965285
428651.378000,3501,9,123.492063,1080.555556,94.398382,825.985844
428743.696000,2486,6,87.689594,767.283951,67.030671,586.518369
428748.872000,771,19,27.195767,237.962963,20.788675,181.900910
428776.503000,7619,89,268.747795,2351.543210,205.433097,1797.539602
428822.308000,2412,1,85.079365,744.444444,65.035389,569.059656
428900.316000,38,1,1.340388,11.728395,1.024604,8.965285
428901.332000,519,15,18.306878,160.185185,13.993933,122.446916
428903.597000,1414,18,49.876543,436.419753,38.126053,333.602966
428904.446000,1414,15,49.876543,436.419753,38.126053,333.602966
428993.150000,2487,5,87.724868,767.592593,67.057634,586.754297
429008.172000,4697,9,165.679012,1449.691358,126.646444,1108.156387
429027.205000,7664,5,270.335097,2365.432099,206.646444,1808.156387
429121.382000,2391,5,84.338624,737.962963,64.469161,564.105157
429121.566000,5652,3,199.365079,1744.444444,152.396360,1333.468150
429150.800000,38,32,1.340388,11.728395,1.024604,8.965285
429152.907000,3501,9,123.492063,1080.555556,94.398382,825.985844
429153.873000,1414,18,49.876543,436.419753,38.126053,333.602966
429257.305000,5639,4,198.906526,1740.432099,152.045838,1330.401079
429258.582000,7,20,0.246914,2.160494,0.188743,1.651500
429282.494000,2241,13,79.047619,691.666667,60.424671,528.715875
429322.199000,487,1,17.178131,150.308642,13.131109,114.897203
429323.481000,2413,1,85.114638,744.753086,65.062353,569.295585
429395.554000,1779,1,62.751323,549.074074,47.967644,419.716886
429397.605000,1414,16,49.876543,436.419753,38.126053,333.602966
429493.581000,186,1,6.560847,57.407407,5.015167,43.882710
429506.847000,2551,71,89.982363,787.345679,68.783283,601.853724
429526.843000,292,3,10.299824,90.123457,7.873273,68.891136
429574.295000,4550,1,160.493827,1404.320988,122.682845,1073.474890
429621.781000,5652,3,199.365079,1744.444444,152.396360,1333.468150
429748.752000,3585,6,126.455026,1106.481481,96.663296,845.803842
429776.856000,24,1,0.846561,7.407407,0.647118,5.662285
429777.336000,1058,12,37.319224,326.543210,28.527132,249.612403
429778.089000,7686,41,271.111111,2372.222222,207.239636,1813.346815
429822.181000,271,3,9.559083,83.641975,7.307044,63.936636
429871.196000,2391,3,84.338624,737.962963,64.469161,564.105157
429899.074000,6913,3,243.844797,2133.641975,186.397034,1630.974048
429901.592000,3445,13,121.516755,1063.271605,92.888440,812.773846
429902.441000,1415,14,49.911817,436.728395,38.153017,333.838895
429997.145000,3487,16,122.998236,1076.234568,94.020897,822.682845
430028.371000,24,6,0.846561,7.407407,0.647118,5.662285
430072.425000,487,3,17.178131,150.308642,13.131109,114.897203
430073.599000,5281,11,186.278660,1629.938272,142.392990,1245.938659
430150.808000,1415,9,49.911817,436.728395,38.153017,333.838895
430151.838000,1415,11,49.911817,436.728395,38.153017,333.838895
430263.493000,2552,232,90.017637,787.654321,68.810246,602.089653
430276.605000,2010,1,70.899471,620.370370,54.196158,474.216380
430323.280000,6,20,0.211640,1.851852,0.161780,1.415571
430323.876000,869,1,30.652557,268.209877,23.431075,205.021908
430326.240000,2414,1,85.149912,745.061728,65.089316,569.531513
430397.435000,6913,3,243.844797,2133.641975,186.397034,1630.974048
430399.044000,1415,7,49.911817,436.728395,38.153017,333.838895
430399.997000,1415,14,49.911817,436.728395,38.153017,333.838895
430400.787000,1415,14,49.911817,436.728395,38.153017,333.838895
430494.581000,163,606,5.749559,50.308642,4.395012,38.456353
430494.691000,186,19,6.560847,57.407407,5.015167,43.882710
430497.069000,4945,1,174.426808,1526.234568,133.333333,1166.666667
430497.391000,405,9,14.285714,125.000000,10.920121,95.551062
430507.342000,9,1,0.317460,2.777778,0.242669,2.123357
430573.195000,869,2,30.652557,268.209877,23.431075,205.021908
430646.387000,1327,23,46.807760,409.567901,35.780249,313.077182
430647.721000,1415,14,49.911817,436.728395,38.153017,333.838895
430648.496000,1415,14,49.911817,436.728395,38.153017,333.838895
430748.147000,188,9,6.631393,58.024691,5.069093,44.354567
430757.833000,2552,122,90.017637,787.654321,68.810246,602.089653
430764.985000,3493,5,123.209877,1078.086420,94.182676,824.098416
430766.673000,2633,14,92.874780,812.654321,70.994270,621.199865
430822.206000,869,2,30.652557,268.209877,23.431075,205.021908
430823.459000,95,2,3.350970,29.320988,2.561510,22.413212
430871.971000,7657,30,270.088183,2363.271605,206.457701,1806.504887
430894.137000,2483,1,87.583774,766.358025,66.949781,585.810583
430993.327000,1061,8,37.425044,327.469136,28.608022,250.320189
431014.909000,5323,11,187.760141,1642.901235,143.525447,1255.847658
431015.772000,3494,4,123.245150,1078.395062,94.209639,824.334344
431028.364000,25,1,0.881834,7.716049,0.674082,5.898214
431029.873000,25,5,0.881834,7.716049,0.674082,5.898214
431147.132000,40,3,1.410935,12.345679,1.078531,9.437142
431147.614000,2483,1,87.583774,766.358025,66.949781,585.810583
431149.027000,376,2,13.262787,116.049383,10.138187,88.709134
431149.212000,1416,12,49.947090,437.037037,38.179980,334.074823
431149.924000,1416,12,49.947090,437.037037,38.179980,334.074823
431242.863000,3890,2,137.213404,1200.617284,104.887091,917.762049
431262.723000,9,18,0.317460,2.777778,0.242669,2.123357
431263.086000,2553,106,90.052910,787.962963,68.837209,602.325581
431277.666000,2817,9,99.365079,869.444444,75.955511,664.610718
431279.802000,2242,20,79.082892,691.975309,60.451635,528.951803
431322.618000,870,1,30.687831,268.518519,23.458038,205.257836
431323.954000,4551,5,160.529101,1404.629630,122.709808,1073.710819
431378.800000,2501,10,88.218695,771.913580,67.435120,590.057297
431379.434000,7675,3,270.723104,2368.827160,206.943040,1810.751601
431393.088000,1417,10,49.982363,437.345679,38.206943,334.310752
431493.035000,3588,9,126.560847,1107.407407,96.744186,846.511628
431512.736000,943,2,33.262787,291.049383,25.426357,222.480620
431518.238000,5339,12,188.324515,1647.839506,143.956859,1259.622514
431527.333000,2818,8,99.400353,869.753086,75.982474,664.846646
431529.531000,7667,1,270.440917,2366.358025,206.727334,1808.864173
431529.656000,7686,29,271.111111,2372.222222,207.239636,1813.346815
431620.988000,3018,4,106.455026,931.481481,81.375126,712.032356
431744.183000,773,19,27.266314,238.580247,20.842602,182.372767
431770.501000,4808,12,169.594356,1483.950617,129.639366,1134.344456
431870.921000,2391,2,84.338624,737.962963,64.469161,564.105157
431992.506000,1398,6,49.312169,431.481481,37.694641,329.828109
431993.842000,1061,8,37.425044,327.469136,28.608022,250.320189
432008.903000,2553,106,90.052910,787.962963,68.837209,602.325581
432030.620000,25,1,0.881834,7.716049,0.674082,5.898214
432031.201000,7668,4,270.476190,2366.666667,206.754297,1809.100101
432072.453000,871,6,30.723104,268.827160,23.485002,205.493765
432074.422000,1134,5,40.000000,350.000000,30.576340,267.542973
432121.321000,3462,1,122.116402,1068.518519,93.346815,816.784631
432123.800000,3018,2,106.455026,931.481481,81.375126,712.032356
432149.808000,3504,204,123.597884,1081.481481,94.479272,826.693630
432264.017000,2553,16,90.052910,787.962963,68.837209,602.325581
432271.567000,663,14,23.386243,204.629630,17.876643,156.420627
432278.483000,23,21,0.811287,7.098765,0.620155,5.426357
432322.279000,2416,20,85.220459,745.679012,65.143242,570.003370
432395.759000,531,14,18.730159,163.888889,14.317492,125.278059
432509.380000,944,3,33.298060,291.358025,25.453320,222.716549
432509.789000,2553,1,90.052910,787.962963,68.837209,602.325581
432627.875000,2503,15,88.289242,772.530864,67.489046,590.529154
432644.055000,1726,9,60.881834,532.716049,46.538591,407.212673
432744.201000,3978,8,140.317460,1227.777778,107.259858,938.523761
432744.836000,1399,5,49.347443,431.790123,37.721604,330.064038
432746.782000,1061,8,37.425044,327.469136,28.608022,250.320189
432747.068000,2458,7,86.701940,758.641975,66.275699,579.912369
432764.748000,945,2,33.333333,291.666667,25.480283,222.952477
432765.060000,4705,3,165.961199,1452.160494,126.862150,1110.043815
432773.826000,3494,4,123.245150,1078.395062,94.209639,824.334344
432824.508000,3542,8,124.938272,1093.209877,95.503876,835.658915
432872.391000,3463,8,122.151675,1068.827160,93.373778,817.020559
432875.647000,3018,2,106.455026,931.481481,81.375126,712.032356
432895.411000,73,3,2.574956,22.530864,1.968318,17.222784
432895.772000,2483,1,87.583774,766.358025,66.949781,585.810583
432897.501000,1903,1,67.125220,587.345679,51.311089,448.972026
433008.982000,2553,65,90.052910,787.962963,68.837209,602.325581
433028.840000,7667,33,270.440917,2366.358025,206.727334,1808.864173
433124.414000,3018,2,106.455026,931.481481,81.375126,712.032356
433262.044000,2554,1,90.088183,788.271605,68.864173,602.561510
433262.961000,216,14,7.619048,66.666667,5.824065,50.960566
433278.902000,24,1,0.846561,7.407407,0.647118,5.662285
433323.370000,3544,5,125.008818,1093.827160,95.557802,836.130772
433324.833000,3544,14,125.008818,1093.827160,95.557802,836.130772
433372.863000,4003,20,141.199295,1235.493827,107.933940,944.421975
433376.807000,353,2,12.451499,108.950617,9.518032,83.282777
433377.170000,3018,2,106.455026,931.481481,81.375126,712.032356
433401.472000,74,16,2.610229,22.839506,1.995281,17.458713
433404.330000,1903,1,67.125220,587.345679,51.311089,448.972026
433406.129000,1904,5,67.160494,587.654321,51.338052,449.207954
433494.093000,1068,62,37.671958,329.629630,28.796764,251.971689
433511.573000,2553,44,90.052910,787.962963,68.837209,602.325581
433528.645000,25,1,0.881834,7.716049,0.674082,5.898214
433620.693000,3479,5,122.716049,1073.765432,93.805190,820.795416
433625.609000,3018,2,106.455026,931.481481,81.375126,712.032356
433650.751000,74,29,2.610229,22.839506,1.995281,17.458713
433653.702000,3504,76,123.597884,1081.481481,94.479272,826.693630
433654.449000,1904,1,67.160494,587.654321,51.338052,449.207954
433825.469000,3545,13,125.044092,1094.135802,95.584766,836.366700
433872.785000,1370,474,48.324515,422.839506,36.939670,323.222110
433875.321000,3018,1,106.455026,931.481481,81.375126,712.032356
433875.852000,3018,2,106.455026,931.481481,81.375126,712.032356
433899.578000,74,1,2.610229,22.839506,1.995281,17.458713
433899.843000,1729,210,60.987654,533.641975,46.619481,407.920458
433993.372000,2386,28,84.162257,736.419753,64.334344,562.925514
434121.667000,3018,1,106.455026,931.481481,81.375126,712.032356
434122.214000,2983,8,105.220459,920.679012,80.431412,703.774857
434143.812000,1905,4,67.195767,587.962963,51.365015,449.443883
434264.351000,2495,13,88.007055,770.061728,67.273340,588.641726
434278.282000,2627,9,92.663139,810.802469,70.832491,619.784294
434326.965000,872,8,30.758377,269.135802,23.511965,205.729693
434328.904000,2416,47,85.220459,745.679012,65.143242,570.003370
434373.141000,3482,4,122.821869,1074.691358,93.886080,821.503202
434375.745000,3019,2,106.490300,931.790123,81.402090,712.268284
434493.028000,1400,3,49.382716,432.098765,37.748568,330.299966
434493.310000,1523,3,53.721340,470.061728,41.065049,359.319178
434513.000000,2554,223,90.088183,788.271605,68.864173,602.561510
434517.810000,2634,20,92.910053,812.962963,71.021234,621.435794
434518.984000,1079,11,38.059965,333.024691,29.093360,254.566903
434532.822000,2989,8,105.432099,922.530864,80.593192,705.190428
434534.443000,2627,1,92.663139,810.802469,70.832491,619.784294
434534.575000,26,4,0.917108,8.024691,0.701045,6.134142
434573.860000,96,2,3.386243,29.629630,2.588473,22.649141
434770.585000,1079,11,38.059965,333.024691,29.093360,254.566903
434824.453000,406,6,14.320988,125.308642,10.947085,95.786990
434825.167000,3019,2,106.490300,931.790123,81.402090,712.268284
434825.811000,872,3,30.758377,269.135802,23.511965,205.729693
434875.403000,3019,2,106.490300,931.790123,81.402090,712.268284
434875.882000,3019,2,106.490300,931.790123,81.402090,712.268284
434876.343000,3019,2,106.490300,931.790123,81.402090,712.268284
434999.617000,1400,3,49.382716,432.098765,37.748568,330.299966
435000.169000,598,1,21.093474,184.567901,16.124031,141.085271
435001.401000,1523,55,53.721340,470.061728,41.065049,359.319178
435004.940000,617,11,21.763668,190.432099,16.636333,145.567914
435015.144000,217,5,7.654321,66.975309,5.851028,51.196495
435031.316000,2627,1,92.663139,810.802469,70.832491,619.784294
435032.127000,26,4,0.917108,8.024691,0.701045,6.134142
435126.197000,3019,2,106.490300,931.790123,81.402090,712.268284
435146.060000,2979,67,105.079365,919.444444,80.323559,702.831143
435243.797000,2527,1,89.135802,779.938272,68.136164,596.191439
435246.005000,617,8,21.763668,190.432099,16.636333,145.567914
435277.245000,665,13,23.456790,205.246914,17.930570,156.892484
435279.355000,2247,1,79.259259,693.518519,60.586451,530.131446
435324.430000,872,7,30.758377,269.135802,23.511965,205.729693
435372.432000,5850,19,206.349206,1805.555556,157.735086,1380.182002
435373.725000,1998,27,70.476190,616.666667,53.872599,471.385238
435398.341000,1676,38,59.118166,517.283951,45.190428,395.416245
435399.047000,534,15,18.835979,164.814815,14.398382,125.985844
435492.580000,2284,1,80.564374,704.938272,61.584092,538.860802
435492.770000,189,16,6.666667,58.333333,5.096057,44.590495
435518.601000,217,11,7.654321,66.975309,5.851028,51.196495
435519.143000,2555,340,90.123457,788.580247,68.891136,602.797438
435530.980000,2817,1,99.365079,869.444444,75.955511,664.610718
435532.940000,7661,4,270.229277,2364.506173,206.565554,1807.448601
435532.980000,2627,9,92.663139,810.802469,70.832491,619.784294
435577.417000,96,2,3.386243,29.629630,2.588473,22.649141
435643.803000,3540,11,124.867725,1092.592593,95.449949,835.187058
435743.670000,2285,6,80.599647,705.246914,61.611055,539.096731
435763.720000,2497,8,88.077601,770.679012,67.327267,589.113583
435769.595000,2642,9,93.192240,815.432099,71.236940,623.323222
435779.827000,191,1,6.737213,58.950617,5.149983,45.062353
435780.569000,1062,3,37.460317,327.777778,28.634985,250.556117
435892.489000,369,9,13.015873,113.888889,9.949444,87.057634
436014.116000,217,1,7.654321,66.975309,5.851028,51.196495
436020.183000,1076,26,37.954145,332.098765,29.012471,253.859117
436034.558000,2271,12,80.105820,700.925926,61.233569,535.793731
436243.148000,2526,1,89.100529,779.629630,68.109201,595.955511
436244.410000,2389,5,84.268078,737.345679,64.415234,563.633300
436245.283000,618,13,21.798942,190.740741,16.663296,145.803842
436245.548000,1080,45,38.095238,333.333333,29.120324,254.802831
436268.607000,2555,85,90.123457,788.580247,68.891136,602.797438
436277.758000,1077,12,37.989418,332.407407,29.039434,254.095046
436279.373000,2816,2,99.329806,869.135802,75.928547,664.374789
436280.493000,1167,10,41.164021,360.185185,31.466127,275.328615
436395.530000,190,20,6.701940,58.641975,5.123020,44.826424
436492.725000,1878,1,66.243386,579.629630,50.637007,443.073812
436495.511000,2389,24,84.268078,737.345679,64.415234,563.633300
436513.843000,217,11,7.654321,66.975309,5.851028,51.196495
436518.462000,1077,1,37.989418,332.407407,29.039434,254.095046
436530.974000,7666,4,270.405644,2366.049383,206.700371,1808.628244
436577.612000,96,3,3.386243,29.629630,2.588473,22.649141
436622.463000,3483,2,122.857143,1075.000000,93.913043,821.739130
436648.664000,2983,58,105.220459,920.679012,80.431412,703.774857
436650.592000,189,19,6.666667,58.333333,5.096057,44.590495
436651.121000,535,28,18.871252,165.123457,14.425345,126.221773
436744.082000,1080,8,38.095238,333.333333,29.120324,254.802831
436767.173000,2497,8,88.077601,770.679012,67.327267,589.113583
436767.412000,12,3,0.423280,3.703704,0.323559,2.831143
436775.048000,1077,5,37.989418,332.407407,29.039434,254.095046
436775.839000,665,33,23.456790,205.246914,17.930570,156.892484
436776.899000,1077,1,37.989418,332.407407,29.039434,254.095046
436783.110000,2251,21,79.400353,694.753086,60.694304,531.075160
436822.461000,491,6,17.319224,151.543210,13.238962,115.840917
436871.226000,5868,22,206.984127,1811.111111,158.220425,1384.428716
436876.859000,2048,14,72.239859,632.098765,55.220762,483.181665
436897.873000,41,46,1.446208,12.654321,1.105494,9.673070
436900.990000,1632,21,57.566138,503.703704,44.004044,385.035389
437014.311000,469,19,16.543210,144.753086,12.645770,110.650489
437015.115000,1077,13,37.989418,332.407407,29.039434,254.095046
437029.873000,7338,3,258.835979,2264.814815,197.856421,1731.243680
437077.728000,595,42,20.987654,183.641975,16.043141,140.377486
437143.472000,4352,6,153.509700,1343.209877,117.344119,1026.761038
437242.762000,1878,2,66.243386,579.629630,50.637007,443.073812
437243.618000,1080,6,38.095238,333.333333,29.120324,254.802831
437244.137000,2391,1,84.338624,737.962963,64.469161,564.105157
437262.708000,931,20,32.839506,287.345679,25.102797,219.649478
437324.086000,3545,5,125.044092,1094.135802,95.584766,836.366700
437395.155000,7582,3,267.442681,2340.123457,204.435457,1788.810246
437396.120000,58,7,2.045855,17.901235,1.563869,13.683856
437396.853000,2984,9,105.255732,920.987654,80.458375,704.010785
437512.768000,2497,1,88.077601,770.679012,67.327267,589.113583
437518.432000,723,21,25.502646,223.148148,19.494439,170.576340
437527.952000,448,6,15.802469,138.271605,12.079542,105.695989
437576.480000,491,6,17.319224,151.543210,13.238962,115.840917
437622.057000,1370,520,48.324515,422.839506,36.939670,323.222110
437744.056000,989,34,34.885362,305.246914,26.666667,233.333333
437746.040000,3094,1,109.135802,954.938272,83.424334,729.962926
437772.427000,6806,13,240.070547,2100.617284,183.511965,1605.729693
437779.611000,7340,9,258.906526,2265.432099,197.910347,1731.715538
437822.751000,6355,10,224.162257,1961.419753,171.351534,1499.325918
437896.520000,2033,66,71.710758,627.469136,54.816313,479.642737
437896.686000,1734,109,61.164021,535.185185,46.754297,409.100101
437896.926000,193,14,6.807760,59.567901,5.203910,45.534210
437993.447000,1430,8,50.440917,441.358025,38.557465,337.377823
437995.212000,2391,19,84.338624,737.962963,64.469161,564.105157
438019.596000,2641,15,93.156966,815.123457,71.209976,623.087294
438242.892000,2509,14,88.500882,774.382716,67.650826,591.944725
438244.329000,1082,67,38.165785,333.950617,29.174250,255.274688
438264.015000,2555,295,90.123457,788.580247,68.891136,602.797438
438372.159000,1878,1,66.243386,579.629630,50.637007,443.073812
438395.978000,5015,46,176.895944,1547.839506,135.220762,1183.181665
438398.082000,3507,165,123.703704,1082.407407,94.560162,827.401416
438494.389000,1082,64,38.165785,333.950617,29.174250,255.274688
438514.077000,216,11,7.619048,66.666667,5.824065,50.960566
438520.012000,3599,12,126.948854,1110.802469,97.040782,849.106842
438649.679000,59,3,2.081129,18.209877,1.590832,13.919784
438649.976000,534,14,18.835979,164.814815,14.398382,125.985844
438771.364000,764,47,26.948854,235.802469,20.599933,180.249410
439014.889000,2497,11,88.077601,770.679012,67.327267,589.113583
439015.037000,933,39,32.910053,287.962963,25.156724,220.121335
439021.120000,726,1,25.608466,224.074074,19.575329,171.284125
439021.639000,7587,8,267.619048,2341.666667,204.570273,1789.989889
439031.885000,2256,12,79.576720,696.296296,60.829120,532.254803
439121.625000,918,11,32.380952,283.333333,24.752275,216.582406
439145.212000,6673,3,235.379189,2059.567901,179.925851,1574.351196
439244.334000,1084,108,38.236332,334.567901,29.228177,255.746545
439371.991000,3483,1,122.857143,1075.000000,93.913043,821.739130
439397.339000,3519,274,124.126984,1086.111111,94.883721,830.232558
439493.590000,1083,34,38.201058,334.259259,29.201213,255.510617
439509.944000,2497,11,88.077601,770.679012,67.327267,589.113583
439620.878000,1880,8,66.313933,580.246914,50.690934,443.545669
439744.041000,2399,14,84.620811,740.432099,64.684867,565.992585
439760.648000,933,7,32.910053,287.962963,25.156724,220.121335
439871.617000,3483,3,122.857143,1075.000000,93.913043,821.739130
439871.873000,5525,7,194.885362,1705.246914,148.972026,1303.505224
439874.902000,816,50,28.783069,251.851852,22.002022,192.517695
440011.784000,5017,7,176.966490,1548.456790,135.274688,1183.653522
440012.761000,13,6,0.458554,4.012346,0.350522,3.067071
440013.464000,395,17,13.932981,121.913580,10.650489,93.191776
440030.475000,27,3,0.952381,8.333333,0.728008,6.370071
440030.640000,1169,8,41.234568,360.802469,31.520054,275.800472
440077.246000,1724,17,60.811287,532.098765,46.484665,406.740816
440078.763000,97,1,3.421517,29.938272,2.615436,22.885069
440124.915000,2504,1,88.324515,772.839506,67.516009,590.765083
440242.770000,638,8,22.504409,196.913580,17.202562,150.522413
440373.094000,1878,15,66.243386,579.629630,50.637007,443.073812
440374.946000,2504,10,88.324515,772.839506,67.516009,590.765083
440375.319000,307,7,10.828924,94.753086,8.277722,72.430064
440400.982000,2825,7,99.647266,871.913580,76.171217,666.498146
440401.467000,7686,15,271.111111,2372.222222,207.239636,1813.346815
440511.325000,665,20,23.456790,205.246914,17.930570,156.892484
440646.123000,1724,17,60.811287,532.098765,46.484665,406.740816
440647.030000,43,45,1.516755,13.271605,1.159420,10.144928
440746.029000,1084,178,38.236332,334.567901,29.228177,255.746545
440762.333000,216,13,7.619048,66.666667,5.824065,50.960566
440897.577000,535,21,18.871252,165.123457,14.425345,126.221773
440899.386000,2825,15,99.647266,871.913580,76.171217,666.498146
441017.627000,444,16,15.661376,137.037037,11.971689,104.752275
441030.372000,2635,219,92.945326,813.271605,71.048197,621.671722
441121.157000,1370,3,48.324515,422.839506,36.939670,323.222110
441123.680000,1725,4,60.846561,532.407407,46.511628,406.976744
441146.956000,7687,1,271.146384,2372.530864,207.266599,1813.582744
441250.769000,1085,23,38.271605,334.876543,29.255140,255.982474
441371.678000,3000,9,105.820106,925.925926,80.889788,707.785642
441372.200000,2504,1,88.324515,772.839506,67.516009,590.765083
441405.371000,7677,1,270.793651,2369.444444,206.996967,1811.223458
441500.689000,2399,19,84.620811,740.432099,64.684867,565.992585
441501.067000,1085,250,38.271605,334.876543,29.255140,255.982474
441501.309000,1088,1,38.377425,335.802469,29.336030,256.690260
441510.181000,935,60,32.980600,288.580247,25.210650,220.593192
441621.244000,1879,1,66.278660,579.938272,50.663970,443.309740
441646.157000,2985,1,105.291005,921.296296,80.485339,704.246714
441646.709000,1734,165,61.164021,535.185185,46.754297,409.100101
441648.754000,1503,12,53.015873,463.888889,40.525784,354.600607
441870.960000,2504,14,88.324515,772.839506,67.516009,590.765083
441902.995000,2985,6,105.291005,921.296296,80.485339,704.246714
442120.880000,1289,1,45.467372,397.839506,34.755645,304.111898
442150.574000,915,6,32.275132,282.407407,24.671385,215.874621
442156.131000,2826,48,99.682540,872.222222,76.198180,666.734075
442249.894000,1088,133,38.377425,335.802469,29.336030,256.690260
442251.775000,19,20,0.670194,5.864198,0.512302,4.482642
442263.518000,443,13,15.626102,136.728395,11.944725,104.516346
442371.835000,5889,9,207.724868,1817.592593,158.786653,1389.383215
442373.273000,287,16,10.123457,88.580247,7.738456,67.711493
442397.723000,547,14,19.294533,168.827160,14.748905,129.052915
442402.351000,1504,9,53.051146,464.197531,40.552747,354.836535
442496.331000,1089,31,38.412698,336.111111,29.362993,256.926188
442509.931000,937,7,33.051146,289.197531,25.264577,221.065049
442745.680000,1089,1,38.412698,336.111111,29.362993,256.926188
442871.281000,919,1,32.416226,283.641975,24.779238,216.818335
442873.456000,2504,5,88.324515,772.839506,67.516009,590.765083
442901.186000,915,6,32.275132,282.407407,24.671385,215.874621
442904.537000,7678,4,270.828924,2369.753086,207.023930,1811.459387
443010.162000,20,28,0.705467,6.172840,0.539265,4.718571
443011.314000,3007,3,106.067019,928.086420,81.078531,709.437142
443121.387000,816,3,28.783069,251.851852,22.002022,192.517695
443121.959000,2504,1,88.324515,772.839506,67.516009,590.765083
443158.554000,1504,9,53.051146,464.197531,40.552747,354.836535
443252.782000,2491,70,87.865961,768.827160,67.165487,587.698011
443252.969000,376,3,13.262787,116.049383,10.138187,88.709134
443253.866000,910,18,32.098765,280.864198,24.536569,214.694978
443263.783000,3485,2,122.927690,1075.617284,93.966970,822.210988
443264.587000,3371,9,118.906526,1040.432099,90.893158,795.315133
443264.650000,617,11,21.763668,190.432099,16.636333,145.567914
443371.928000,920,1,32.451499,283.950617,24.806202,217.054264
443374.424000,284,73,10.017637,87.654321,7.657567,67.003707
443401.051000,551,14,19.435626,170.061728,14.856758,129.996630
443403.725000,2827,1,99.717813,872.530864,76.225143,666.970003
443404.123000,3521,217,124.197531,1086.728395,94.937647,830.704415
443495.578000,1500,3,52.910053,462.962963,40.444894,353.892821
443513.838000,7686,2,271.111111,2372.222222,207.239636,1813.346815
443514.872000,939,14,33.121693,289.814815,25.318504,221.536906
443521.987000,1077,3,37.989418,332.407407,29.039434,254.095046
443624.107000,286,1,10.088183,88.271605,7.711493,67.475565
443624.389000,2504,10,88.324515,772.839506,67.516009,590.765083
443647.337000,1725,313,60.846561,532.407407,46.511628,406.976744
443756.366000,1092,63,38.518519,337.037037,29.443883,257.633974
443760.461000,197,3,6.948854,60.802469,5.311763,46.477924
443764.696000,1077,7,37.989418,332.407407,29.039434,254.095046
443780.369000,29,2,1.022928,8.950617,0.781935,6.841928
443872.119000,5897,99,208.007055,1820.061728,159.002359,1391.270644
443906.351000,2370,5,83.597884,731.481481,63.902932,559.150657
443906.655000,2828,17,99.753086,872.839506,76.252107,667.205932
444005.191000,3376,25,119.082892,1041.975309,91.027974,796.494776
444016.153000,2501,16,88.218695,771.913580,67.435120,590.057297
444022.174000,1077,1,37.989418,332.407407,29.039434,254.095046
444023.292000,2389,5,84.268078,737.345679,64.415234,563.633300
444029.321000,5081,1,179.223986,1568.209877,137.000337,1198.752949
444080.447000,2314,1,81.622575,714.197531,62.392990,545.938659
444121.605000,286,130,10.088183,88.271605,7.711493,67.475565
444153.725000,2984,5,105.255732,920.987654,80.458375,704.010785
444154.104000,1735,461,61.199295,535.493827,46.781261,409.336030
444156.217000,889,1,31.358025,274.382716,23.970340,209.740479
444250.358000,1502,1,52.980600,463.580247,40.498820,354.364678
444329.180000,2001,17,70.582011,617.592593,53.953488,472.093023
444330.241000,113,8,3.985891,34.876543,3.046849,26.659926
444332.277000,832,71,29.347443,256.790123,22.433434,196.292551
444374.545000,819,4,28.888889,252.777778,22.082912,193.225480
444398.239000,4394,1,154.991182,1356.172840,118.476576,1036.670037
444398.436000,1734,16,61.164021,535.185185,46.754297,409.100101
444402.266000,1503,12,53.015873,463.888889,40.525784,354.600607
444497.935000,1740,271,61.375661,537.037037,46.916077,410.515672
444499.510000,1356,21,47.830688,418.518519,36.562184,319.919110
444621.873000,3473,15,122.504409,1071.913580,93.643411,819.379845
444651.293000,918,3,32.380952,283.333333,24.752275,216.582406
444652.126000,1735,2,61.199295,535.493827,46.781261,409.336030
444655.266000,1502,15,52.980600,463.580247,40.498820,354.364678
444655.828000,7677,1,270.793651,2369.444444,206.996967,1811.223458
444750.919000,3377,4,119.118166,1042.283951,91.054938,796.730704
444772.681000,3588,14,126.560847,1107.407407,96.744186,846.511628
444772.741000,2748,15,96.931217,848.148148,74.095046,648.331648
444870.954000,922,4,32.522046,284.567901,24.860128,217.526121
444875.294000,1785,18,62.962963,550.925926,48.129424,421.132457
444897.870000,4395,1,155.026455,1356.481481,118.503539,1036.905966
444898.630000,1736,1,61.234568,535.802469,46.808224,409.571958
444900.499000,1500,9,52.910053,462.962963,40.444894,353.892821
444998.975000,913,19,32.204586,281.790123,24.617459,215.402764
445002.157000,19,7,0.670194,5.864198,0.512302,4.482642
445076.675000,114,49,4.021164,35.185185,3.073812,26.895854
445120.721000,3089,11,108.959436,953.395062,83.289518,728.783283
445121.536000,1713,14,60.423280,528.703704,46.188069,404.145602
445126.390000,287,256,10.123457,88.580247,7.738456,67.711493
445145.981000,7677,3,270.793651,2369.444444,206.996967,1811.223458
445262.048000,787,196,27.760141,242.901235,21.220088,185.675767
445264.338000,2748,33,96.931217,848.148148,74.095046,648.331648
445278.446000,1434,2,50.582011,442.592593,38.665319,338.321537
445392.446000,1740,325,61.375661,537.037037,46.916077,410.515672
445394.879000,370,9,13.051146,114.197531,9.976407,87.293563
445497.829000,1429,66,50.405644,441.049383,38.530502,337.141894
445498.129000,1504,1,53.051146,464.197531,40.552747,354.836535
445516.401000,6489,3,228.888889,2002.777778,174.964611,1530.940344
445575.405000,2570,9,90.652557,793.209877,69.295585,606.336367
445621.343000,2747,9,96.895944,847.839506,74.068082,648.095720
445641.737000,2987,17,105.361552,921.913580,80.539265,704.718571
445643.853000,7678,4,270.828924,2369.753086,207.023930,1811.459387
445748.752000,19,6,0.670194,5.864198,0.512302,4.482642
445756.664000,594,22,20.952381,183.333333,16.016178,140.141557
445757.694000,612,7,21.587302,188.888889,16.501517,144.388271
445763.732000,1328,2,46.843034,409.876543,35.807213,313.313111
445765.183000,6,20,0.211640,1.851852,0.161780,1.415571
445829.471000,1134,14,40.000000,350.000000,30.576340,267.542973
445871.463000,1742,12,61.446208,537.654321,46.970003,410.987529
446008.614000,6489,9,228.888889,2002.777778,174.964611,1530.940344
446074.753000,116,7,4.091711,35.802469,3.127738,27.367711
446121.087000,256,13,9.029982,79.012346,6.902595,60.397708
446122.418000,287,243,10.123457,88.580247,7.738456,67.711493
446141.850000,2484,4,87.619048,766.666667,66.976744,586.046512
446145.329000,976,10,34.426808,301.234568,26.316144,230.266262
446256.999000,1850,7,65.255732,570.987654,49.882036,436.467813
446278.808000,450,18,15.873016,138.888889,12.133468,106.167846
446372.711000,351,13,12.380952,108.333333,9.464105,82.810920
446392.361000,6,20,0.211640,1.851852,0.161780,1.415571
446507.713000,2401,1,84.691358,741.049383,64.738793,566.464442
446507.823000,1104,241,38.941799,340.740741,29.767442,260.465116
446508.300000,3379,2,119.188713,1042.901235,91.108864,797.202562
446511.203000,3601,3,127.019400,1111.419753,97.094708,849.578699
446526.826000,5081,11,179.223986,1568.209877,137.000337,1198.752949
446575.497000,1134,5,40.000000,350.000000,30.576340,267.542973
446575.605000,2317,8,81.728395,715.123457,62.473879,546.646444
446621.821000,2511,21,88.571429,775.000000,67.704752,592.416582
446644.878000,1851,6,65.291005,571.296296,49.908999,436.703741
446751.725000,912,28,32.169312,281.481481,24.590495,215.166835
446752.526000,1505,11,53.086420,464.506173,40.579710,355.072464
446754.511000,2401,1,84.691358,741.049383,64.738793,566.464442
446755.394000,1104,13,38.941799,340.740741,29.767442,260.465116
446825.640000,2546,1,89.805996,785.802469,68.648466,600.674082
446872.057000,902,13,31.816578,278.395062,24.320863,212.807550
446872.664000,2749,11,96.966490,848.456790,74.122009,648.567577
446875.916000,572,31,20.176367,176.543210,15.422986,134.951129
446891.448000,4399,39,155.167549,1357.716049,118.611392,1037.849680
446894.358000,2379,2,83.915344,734.259259,64.145602,561.274014
447008.027000,6,20,0.211640,1.851852,0.161780,1.415571
447011.560000,2391,20,84.338624,737.962963,64.469161,564.105157
447028.063000,1437,33,50.687831,443.518519,38.746208,339.029323
447029.163000,1436,163,50.652557,443.209877,38.719245,338.793394
447120.956000,2393,1,84.409171,738.580247,64.523087,564.577014
447143.161000,60,1,2.116402,18.518519,1.617796,14.155713
447147.105000,6,20,0.211640,1.851852,0.161780,1.415571
447247.788000,2496,247,88.042328,770.370370,67.300303,588.877654
447323.678000,2317,8,81.728395,715.123457,62.473879,546.646444
447390.870000,1738,437,61.305115,536.419753,46.862150,410.043815
447497.733000,2402,11,84.726631,741.358025,64.765757,566.700371
447499.437000,1105,176,38.977072,341.049383,29.794405,260.701045
447527.017000,1437,29,50.687831,443.518519,38.746208,339.029323
447641.267000,2089,1,73.686067,644.753086,56.326255,492.854735
447642.773000,1851,4,65.291005,571.296296,49.908999,436.703741
447643.349000,1503,12,53.015873,463.888889,40.525784,354.600607
447756.863000,2969,1,104.726631,916.358025,80.053927,700.471857
447891.070000,2488,8,87.760141,767.901235,67.084597,586.990226
448000.863000,2562,4,90.370370,790.740741,69.079879,604.448938
448001.313000,2475,3,87.301587,763.888889,66.734075,583.923155
448003.460000,7590,11,267.724868,2342.592593,204.651163,1790.697674
448008.285000,2498,11,88.112875,770.987654,67.354230,589.349511
448073.932000,116,1,4.091711,35.802469,3.127738,27.367711
448121.095000,568,8,20.035273,175.308642,15.315133,134.007415
448121.406000,7670,154,270.546737,2367.283951,206.808224,1809.571958
448247.977000,1107,7,39.047619,341.666667,29.848332,261.172902
448248.278000,2405,10,84.832451,742.283951,64.846646,567.408156
448256.643000,1742,442,61.446208,537.654321,46.970003,410.987529
448327.876000,1834,22,64.691358,566.049383,49.450624,432.692956
448390.692000,2989,4,105.432099,922.530864,80.593192,705.190428
448391.450000,1852,4,65.326279,571.604938,49.935962,436.939670
448392.055000,375,5,13.227513,115.740741,10.111223,88.473205
448513.466000,1077,13,37.989418,332.407407,29.039434,254.095046
448580.774000,1137,3,40.105820,350.925926,30.657230,268.250758
448622.215000,2749,11,96.966490,848.456790,74.122009,648.567577
448623.395000,2392,2,84.373898,738.271605,64.496124,564.341085
448640.619000,979,1,34.532628,302.160494,26.397034,230.974048
448756.599000,2499,11,88.148148,771.296296,67.381193,589.585440
448756.838000,1742,73,61.446208,537.654321,46.970003,410.987529
448757.742000,2970,2,104.761905,916.666667,80.080890,700.707786
448831.061000,116,2,4.091711,35.802469,3.127738,27.367711
448872.249000,2750,11,97.001764,848.765432,74.148972,648.803505
448890.412000,2380,103,83.950617,734.567901,64.172565,561.509943
449027.618000,1340,2,47.266314,413.580247,36.130772,316.144253
449083.250000,2319,12,81.798942,715.740741,62.527806,547.118301
449147.333000,2088,3,73.650794,644.444444,56.299292,492.618807
449149.089000,2380,1,83.950617,734.567901,64.172565,561.509943
449246.577000,1108,31,39.082892,341.975309,29.875295,261.408830
449259.456000,2393,15,84.409171,738.580247,64.523087,564.577014
449324.337000,1836,28,64.761905,566.666667,49.504550,433.164813
449376.777000,566,142,19.964727,174.691358,15.261207,133.535558
449390.853000,2496,3,88.042328,770.370370,67.300303,588.877654
449392.316000,1854,5,65.396825,572.222222,49.989889,437.411527
449392.745000,981,2,34.603175,302.777778,26.450961,231.445905
449575.052000,2320,11,81.834215,716.049383,62.554769,547.354230
449621.226000,2749,18,96.966490,848.456790,74.122009,648.567577
449641.500000,1502,15,52.980600,463.580247,40.498820,354.364678
449749.280000,1109,19,39.118166,342.283951,29.902258,261.644759
449890.536000,2991,2,105.502646,923.148148,80.647118,705.662285
449891.419000,2380,76,83.950617,734.567901,64.172565,561.509943
449892.246000,1500,9,52.910053,462.962963,40.444894,353.892821
449997.666000,3588,5,126.560847,1107.407407,96.744186,846.511628
449998.414000,1111,1,39.188713,342.901235,29.956185,262.116616
450012.678000,1077,1,37.989418,332.407407,29.039434,254.095046
450013.382000,2394,1,84.444444,738.888889,64.550051,564.812942
450013.687000,1077,1,37.989418,332.407407,29.039434,254.095046
450072.149000,2855,9,100.705467,881.172840,76.980115,673.576003
450127.766000,1786,9,62.998236,551.234568,48.156387,421.368386
450248.262000,1667,7,58.800705,514.506173,44.947759,393.292888
450250.509000,1753,46,61.834215,541.049383,47.266599,413.582744
450257.587000,2498,16,88.112875,770.987654,67.354230,589.349511
450257.809000,942,15,33.227513,290.740741,25.399393,222.244692
450267.731000,1077,7,37.989418,332.407407,29.039434,254.095046
450268.622000,1314,10,46.349206,405.555556,35.429727,310.010111
450269.637000,2394,14,84.444444,738.888889,64.550051,564.812942
450322.184000,492,6,17.354497,151.851852,13.265925,116.076845
450323.647000,2321,12,81.869489,716.358025,62.581732,547.590158
450371.608000,2764,18,97.495591,853.086420,74.526458,652.106505
450372.325000,5914,51,208.606702,1825.308642,159.460735,1395.281429
450390.935000,7686,6,271.111111,2372.222222,207.239636,1813.346815
450392.302000,370,1,13.051146,114.197531,9.976407,87.293563
450501.202000,599,34,21.128748,184.876543,16.150994,141.321200
450508.992000,1077,13,37.989418,332.407407,29.039434,254.095046
450622.274000,2764,1,97.495591,853.086420,74.526458,652.106505
450640.527000,920,2,32.451499,283.950617,24.806202,217.054264
450641.497000,2828,20,99.753086,872.839506,76.252107,667.205932
450758.380000,6492,2,228.994709,2003.703704,175.045501,1531.648129
450875.785000,1786,9,62.998236,551.234568,48.156387,421.368386
450891.407000,2499,9,88.148148,771.296296,67.381193,589.585440
450893.644000,1500,9,52.910053,462.962963,40.444894,353.892821
450893.867000,2828,22,99.753086,872.839506,76.252107,667.205932
451242.971000,599,153,21.128748,184.876543,16.150994,141.321200
451248.118000,1112,304,39.223986,343.209877,29.983148,262.352545
451261.953000,6492,4,228.994709,2003.703704,175.045501,1531.648129
451262.617000,1077,8,37.989418,332.407407,29.039434,254.095046
451390.576000,2088,3,73.650794,644.444444,56.299292,492.618807
451394.806000,1500,9,52.910053,462.962963,40.444894,353.892821
451492.491000,918,24,32.380952,283.333333,24.752275,216.582406
451493.790000,1963,1,69.241623,605.864198,52.928884,463.127738
451494.503000,1111,22,39.188713,342.901235,29.956185,262.116616
451507.336000,2497,11,88.077601,770.679012,67.327267,589.113583
451514.119000,2542,7,89.664903,784.567901,68.540613,599.730367
451514.405000,248,21,8.747795,76.543210,6.686889,58.510280
451515.296000,6490,10,228.924162,2003.086420,174.991574,1531.176272
451573.810000,1872,7,66.031746,577.777778,50.475228,441.658241
451574.458000,1836,13,64.761905,566.666667,49.504550,433.164813
451576.946000,5285,6,186.419753,1631.172840,142.500843,1246.882373
451621.818000,2310,14,81.481481,712.962963,62.285137,544.994944
451625.350000,291,166,10.264550,89.814815,7.846309,68.655207
451640.589000,2088,3,73.650794,644.444444,56.299292,492.618807
451642.064000,2655,1,93.650794,819.444444,71.587462,626.390293
451743.732000,1112,1,39.223986,343.209877,29.983148,262.352545
451822.167000,2858,1,100.811287,882.098765,77.061004,674.283788
451894.379000,1984,11,69.982363,612.345679,53.495113,468.082238
451896.849000,2828,97,99.753086,872.839506,76.252107,667.205932
451897.319000,2829,17,99.788360,873.148148,76.279070,667.441860
451992.926000,1112,1,39.223986,343.209877,29.983148,262.352545
452008.478000,942,22,33.227513,290.740741,25.399393,222.244692
452016.214000,248,15,8.747795,76.543210,6.686889,58.510280
452016.954000,1077,6,37.989418,332.407407,29.039434,254.095046
452034.692000,2253,17,79.470899,695.370370,60.748231,531.547017
452141.123000,2088,3,73.650794,644.444444,56.299292,492.618807
452141.353000,553,12,19.506173,170.679012,14.910684,130.468487
452256.981000,7675,3,270.723104,2368.827160,206.943040,1810.751601
452382.519000,2770,10,97.707231,854.938272,74.688237,653.522076
452382.927000,4354,17,153.580247,1343.827160,117.398045,1027.232895
452390.710000,2090,1,73.721340,645.061728,56.353219,493.090664
452390.956000,919,3,32.416226,283.641975,24.779238,216.818335
452494.253000,1113,79,39.259259,343.518519,30.010111,262.588473
452509.690000,1510,3,53.262787,466.049383,40.714526,356.252107
452510.517000,6491,8,228.959436,2003.395062,175.018537,1531.412201
452575.904000,2858,1,100.811287,882.098765,77.061004,674.283788
452642.881000,2830,26,99.823633,873.456790,76.306033,667.677789
452743.214000,1439,4,50.758377,444.135802,38.800135,339.501180
452758.969000,1512,1,53.333333,466.666667,40.768453,356.723964
452759.695000,538,3,18.977072,166.049383,14.506235,126.929558
452823.113000,3060,11,107.936508,944.444444,82.507583,721.941355
452892.193000,2650,276,93.474427,817.901235,71.452646,625.210650
452892.464000,1631,21,57.530864,503.395062,43.977081,384.799461
453000.229000,4476,3,157.883598,1381.481481,120.687563,1056.016178
453008.748000,6491,19,228.959436,2003.395062,175.018537,1531.412201
453030.850000,2909,1,102.610229,897.839506,78.436131,686.316144
453072.048000,1452,16,51.216931,448.148148,39.150657,342.568251
453073.341000,493,3,17.389771,152.160494,13.292888,116.312774
453142.599000,4328,1,152.663139,1335.802469,116.697000,1021.098753
453144.876000,2657,1,93.721340,820.061728,71.641389,626.862150
453248.744000,1113,118,39.259259,343.518519,30.010111,262.588473
453257.927000,7686,43,271.111111,2372.222222,207.239636,1813.346815
453262.741000,1512,1,53.333333,466.666667,40.768453,356.723964
453279.736000,1972,3,69.559083,608.641975,53.171554,465.251095
453280.158000,2254,11,79.506173,695.679012,60.775194,531.782946
453322.240000,3061,10,107.971781,944.753086,82.534547,722.177283
453322.658000,1451,35,51.181658,447.839506,39.123694,342.332322
453323.154000,1872,12,66.031746,577.777778,50.475228,441.658241
453375.293000,292,270,10.299824,90.123457,7.873273,68.891136
453391.269000,3540,1,124.867725,1092.592593,95.449949,835.187058
453391.594000,918,3,32.380952,283.333333,24.752275,216.582406
453508.136000,945,18,33.333333,291.666667,25.480283,222.952477
453516.271000,6492,4,228.994709,2003.703704,175.045501,1531.648129
453516.945000,1513,5,53.368607,466.975309,40.795416,356.959892
453517.780000,6492,8,228.994709,2003.703704,175.045501,1531.648129
453744.164000,2234,122,78.800705,689.506173,60.235929,527.064375
453747.083000,1114,51,39.294533,343.827160,30.037074,262.824402
453822.065000,495,1,17.460317,152.777778,13.346815,116.784631
453892.131000,2833,25,99.929453,874.382716,76.386923,668.385575
454141.530000,3540,14,124.867725,1092.592593,95.449949,835.187058
454242.611000,4479,29,157.989418,1382.407407,120.768453,1056.723964
454257.556000,538,3,18.977072,166.049383,14.506235,126.929558
454390.876000,1500,9,52.910053,462.962963,40.444894,353.892821
454573.388000,2871,6,101.269841,886.111111,77.411527,677.350859
454744.171000,1115,46,39.329806,344.135802,30.064038,263.060330
454761.135000,6493,3,229.029982,2004.012346,175.072464,1531.884058
454761.194000,2408,2,84.938272,743.209877,64.927536,568.115942
454792.737000,2894,4,102.081129,893.209877,78.031682,682.777216
454891.080000,1500,9,52.910053,462.962963,40.444894,353.892821
455000.641000,920,18,32.451499,283.950617,24.806202,217.054264
455005.489000,1115,28,39.329806,344.135802,30.064038,263.060330
455013.615000,1512,148,53.333333,466.666667,40.768453,356.723964
455014.437000,6493,6,229.029982,2004.012346,175.072464,1531.884058
455034.035000,5082,24,179.259259,1568.518519,137.027300,1198.988878
455073.828000,495,67,17.460317,152.777778,13.346815,116.784631
455077.830000,5288,13,186.525573,1632.098765,142.581732,1247.590158
455242.908000,1439,17,50.758377,444.135802,38.800135,339.501180
455262.673000,792,70,27.936508,244.444444,21.354904,186.855410
455290.185000,2895,3,102.116402,893.518519,78.058645,683.013145
455290.236000,31,1,1.093474,9.567901,0.835861,7.313785
455393.726000,4374,6,154.285714,1350.000000,117.937310,1031.951466
455492.962000,2498,4,88.112875,770.987654,67.354230,589.349511
455493.790000,178,1,6.278660,54.938272,4.799461,41.995281
455494.415000,1444,15,50.934744,445.679012,38.934951,340.680822
455498.752000,2403,18,84.761905,741.666667,64.792720,566.936299
455513.600000,2407,2,84.902998,742.901235,64.900573,567.880013
455573.280000,3070,3,108.289242,947.530864,82.777216,724.300640
455644.181000,2594,2,91.499118,800.617284,69.942703,611.998652
455645.551000,1500,9,52.910053,462.962963,40.444894,353.892821
455744.172000,2236,55,78.871252,690.123457,60.289855,527.536232
455744.777000,4478,58,157.954145,1382.098765,120.741490,1056.488035
455748.800000,1115,22,39.329806,344.135802,30.064038,263.060330
455749.493000,32,1,1.128748,9.876543,0.862824,7.549714
455786.425000,54,17,1.904762,16.666667,1.456016,12.740142
455786.761000,1171,15,41.305115,361.419753,31.573980,276.272329
455791.740000,1719,31,60.634921,530.555556,46.349848,405.561173
455883.257000,2774,11,97.848325,856.172840,74.796090,654.465790
455892.253000,1500,9,52.910053,462.962963,40.444894,353.892821
455995.081000,993,17,35.026455,306.481481,26.774520,234.277048
456008.834000,792,97,27.936508,244.444444,21.354904,186.855410
456028.115000,336,261,11.851852,103.703704,9.059656,79.271992
456129.867000,2539,2,89.559083,783.641975,68.459724,599.022582
456144.744000,1499,12,52.874780,462.654321,40.417931,353.656892
456242.793000,2499,1,88.148148,771.296296,67.381193,589.585440
456244.974000,1436,599,50.652557,443.209877,38.719245,338.793394
456259.019000,7668,13,270.476190,2366.666667,206.754297,1809.100101
456276.734000,1719,13,60.634921,530.555556,46.349848,405.561173
456322.978000,115,47,4.056437,35.493827,3.100775,27.131783
456394.578000,4374,6,154.285714,1350.000000,117.937310,1031.951466
456494.028000,1118,48,39.435626,345.061728,30.144928,263.768116
456507.325000,2500,9,88.183422,771.604938,67.408156,589.821368
456644.730000,6731,11,237.425044,2077.469136,181.489720,1588.035052
456749.409000,2500,2,88.183422,771.604938,67.408156,589.821368
456750.027000,31,16,1.093474,9.567901,0.835861,7.313785
456752.170000,2403,17,84.761905,741.666667,64.792720,566.936299
456874.219000,2389,6,84.268078,737.345679,64.415234,563.633300
456995.437000,4481,1,158.059965,1383.024691,120.822380,1057.195821
457007.875000,793,85,27.971781,244.753086,21.381867,187.091338
457008.307000,2478,10,87.407407,764.814815,66.814965,584.630940
457008.357000,191,8,6.737213,58.950617,5.149983,45.062353
457028.017000,662,3,23.350970,204.320988,17.849680,156.184698
457071.955000,115,3,4.056437,35.493827,3.100775,27.131783
457259.731000,1513,267,53.368607,466.975309,40.795416,356.959892
457277.408000,53,10,1.869489,16.358025,1.429053,12.504213
457322.235000,116,3,4.091711,35.802469,3.127738,27.367711
457323.283000,7599,3,268.042328,2345.370370,204.893832,1792.821031
457372.938000,7682,9,270.970018,2370.987654,207.131783,1812.403101
457393.725000,6732,8,237.460317,2077.777778,181.516684,1588.270981
457508.859000,2478,10,87.407407,764.814815,66.814965,584.630940
457509.168000,793,82,27.971781,244.753086,21.381867,187.091338
457528.363000,54,21,1.904762,16.666667,1.456016,12.740142
457572.161000,115,3,4.056437,35.493827,3.100775,27.131783
457748.824000,31,1,1.093474,9.567901,0.835861,7.313785
457876.296000,2542,3,89.664903,784.567901,68.540613,599.730367
457878.035000,4112,45,145.044092,1269.135802,110.872936,970.138187
458004.550000,864,8,30.476190,266.666667,23.296259,203.842265
458006.249000,1449,7,51.111111,447.222222,39.069767,341.860465
458013.224000,461,3,16.261023,142.283951,12.430064,108.763060
458019.301000,1076,40,37.954145,332.098765,29.012471,253.859117
458029.092000,54,1,1.904762,16.666667,1.456016,12.740142
458044.844000,2361,11,83.280423,728.703704,63.660263,557.027300
458143.196000,981,22,34.603175,302.777778,26.450961,231.445905
458143.988000,1906,1,67.231041,588.271605,51.391978,449.679811
458252.365000,2874,8,101.375661,887.037037,77.492417,678.058645
458255.690000,32,19,1.128748,9.876543,0.862824,7.549714
458256.261000,1123,1,39.611993,346.604938,30.279744,264.947759
458258.590000,461,3,16.261023,142.283951,12.430064,108.763060
458277.547000,1058,35,37.319224,326.543210,28.527132,249.612403
458280.158000,251,6,8.853616,77.469136,6.767779,59.218065
458281.245000,30,2,1.058201,9.259259,0.808898,7.077856
458322.337000,116,9,4.091711,35.802469,3.127738,27.367711
458378.772000,7598,25,268.007055,2345.061728,204.866869,1792.585103
458390.504000,3335,13,117.636684,1029.320988,89.922481,786.821705
458390.922000,6666,23,235.132275,2057.407407,179.737108,1572.699697
458495.769000,642,72,22.645503,198.148148,17.310415,151.466127
458496.922000,1123,1,39.611993,346.604938,30.279744,264.947759
458514.973000,2482,9,87.548501,766.049383,66.922818,585.574655
458515.336000,85,6,2.998236,26.234568,2.291877,20.053927
458522.150000,1077,13,37.989418,332.407407,29.039434,254.095046
458528.310000,1058,15,37.319224,326.543210,28.527132,249.612403
458530.114000,2923,126,103.104056,902.160494,78.813616,689.619144
458574.385000,2861,52,100.917108,883.024691,77.141894,674.991574
458574.626000,116,34,4.091711,35.802469,3.127738,27.367711
458640.406000,1907,1,67.266314,588.580247,51.418942,449.915740
458641.048000,1907,1,67.266314,588.580247,51.418942,449.915740
458749.806000,1449,3,51.111111,447.222222,39.069767,341.860465
458759.748000,461,3,16.261023,142.283951,12.430064,108.763060
458763.281000,1077,7,37.989418,332.407407,29.039434,254.095046
458822.862000,3072,16,108.359788,948.148148,82.831143,724.772497
458999.167000,3591,9,126.666667,1108.333333,96.825076,847.219414
459027.357000,56,7,1.975309,17.283951,1.509943,13.211999
459072.205000,2863,15,100.987654,883.641975,77.195821,675.463431
459125.545000,59,16,2.081129,18.209877,1.590832,13.919784
459146.598000,1908,1,67.301587,588.888889,51.445905,450.151668
459253.888000,2501,30,88.218695,771.913580,67.435120,590.057297
459254.470000,4484,6,158.165785,1383.950617,120.903269,1057.903606
459256.808000,2403,65,84.761905,741.666667,64.792720,566.936299
459257.227000,31,15,1.093474,9.567901,0.835861,7.313785
459375.450000,59,9,2.081129,18.209877,1.590832,13.919784
459390.501000,1908,2,67.301587,588.888889,51.445905,450.151668
459503.437000,3592,29,126.701940,1108.641975,96.852039,847.455342
459508.075000,398,2,14.038801,122.839506,10.731378,93.899562
459527.834000,56,19,1.975309,17.283951,1.509943,13.211999
459573.245000,2310,4,81.481481,712.962963,62.285137,544.994944
459573.563000,3074,6,108.430335,948.765432,82.885069,725.244355
459640.658000,60,3,2.116402,18.518519,1.617796,14.155713
459748.993000,593,20,20.917108,183.024691,15.989215,139.905629
459751.391000,4881,9,172.169312,1506.481481,131.607685,1151.567240
459777.091000,54,15,1.904762,16.666667,1.456016,12.740142
459777.424000,1346,1,47.477954,415.432099,36.292551,317.559825
459780.113000,2384,72,84.091711,735.802469,64.280418,562.453657
459780.977000,2924,73,103.139330,902.469136,78.840580,689.855072
459822.662000,1429,8,50.405644,441.049383,38.530502,337.141894
459995.697000,2501,30,88.218695,771.913580,67.435120,590.057297
460028.235000,56,5,1.975309,17.283951,1.509943,13.211999
460029.882000,466,2,16.437390,143.827160,12.564880,109.942703
460073.407000,1429,16,50.405644,441.049383,38.530502,337.141894
460142.713000,6732,1,237.460317,2077.777778,181.516684,1588.270981
460250.579000,593,26,20.917108,183.024691,15.989215,139.905629
460252.848000,32,3,1.128748,9.876543,0.862824,7.549714
460278.243000,57,22,2.010582,17.592593,1.536906,13.447927
460280.608000,2924,1,103.139330,902.469136,78.840580,689.855072
460322.430000,118,1,4.162257,36.419753,3.181665,27.839569
460323.299000,2026,15,71.463845,625.308642,54.627570,477.991237
460378.415000,2392,3,84.373898,738.271605,64.496124,564.341085
460390.518000,1028,3,36.261023,317.283951,27.718234,242.534547
460391.207000,1335,19,47.089947,412.037037,35.995956,314.964611
460529.282000,1970,1,69.488536,608.024691,53.117627,464.779238
460529.902000,2635,1,92.945326,813.271605,71.048197,621.671722
460573.968000,2313,42,81.587302,713.888889,62.366026,545.702730
460743.854000,885,1,31.216931,273.148148,23.862487,208.796764
460758.322000,397,2,14.003527,122.530864,10.704415,93.663633
460776.958000,1344,22,47.407407,414.814815,36.238625,317.087968
460890.962000,1030,4,36.331570,317.901235,27.772160,243.006404
460993.156000,2504,8,88.324515,772.839506,67.516009,590.765083
460995.444000,1129,43,39.823633,348.456790,30.441523,266.363330
461072.591000,89,2,3.139330,27.469136,2.399730,20.997641
461074.358000,1430,4,50.440917,441.358025,38.557465,337.377823
461141.758000,7656,3,270.052910,2362.962963,206.430738,1806.268959
461245.070000,33,17,1.164021,10.185185,0.889788,7.785642
461245.863000,3590,5,126.631393,1108.024691,96.798113,846.983485
461277.253000,1913,30,67.477954,590.432099,51.580721,451.331311
461375.412000,2393,2,84.409171,738.580247,64.523087,564.577014
461376.496000,484,3,17.072310,149.382716,13.050219,114.189417
461390.539000,913,72,32.204586,281.790123,24.617459,215.402764
461493.039000,1425,20,50.264550,439.814815,38.422649,336.198180
461493.902000,2503,6,88.289242,772.530864,67.489046,590.529154
461515.637000,947,30,33.403880,292.283951,25.534210,223.424334
461527.786000,80,15,2.821869,24.691358,2.157061,18.874284
461531.220000,2927,97,103.245150,903.395062,78.921469,690.562858
461641.206000,6732,10,237.460317,2077.777778,181.516684,1588.270981
461822.425000,3016,3,106.384480,930.864198,81.321200,711.560499
461895.572000,1040,16,36.684303,320.987654,28.041793,245.365689
461897.534000,2653,34,93.580247,818.827160,71.533536,625.918436
461897.686000,2514,183,88.677249,775.925926,67.785642,593.124368
462017.691000,948,9,33.439153,292.592593,25.561173,223.660263
462073.031000,89,2,3.139330,27.469136,2.399730,20.997641
462141.612000,2409,16,84.973545,743.518519,64.954499,568.351871
462247.326000,3591,3,126.666667,1108.333333,96.825076,847.219414
462267.409000,193,11,6.807760,59.567901,5.203910,45.534210
462267.601000,947,7,33.403880,292.283951,25.534210,223.424334
462268.460000,193,1,6.807760,59.567901,5.203910,45.534210
462376.281000,5923,12,208.924162,1828.086420,159.703404,1397.404786
462493.513000,596,57,21.022928,183.950617,16.070104,140.613414
462520.316000,947,57,33.403880,292.283951,25.534210,223.424334
462530.117000,1516,158,53.474427,467.901235,40.876306,357.667678
462577.384000,297,13,10.476190,91.666667,8.008089,70.070779
462628.153000,484,6,17.072310,149.382716,13.050219,114.189417
462744.264000,1129,58,39.823633,348.456790,30.441523,266.363330
462758.437000,193,12,6.807760,59.567901,5.203910,45.534210
462758.924000,5794,4,204.373898,1788.271605,156.225143,1366.970003
462822.201000,2870,7,101.234568,885.802469,77.384564,677.114931
462998.640000,1230,2,43.386243,379.629630,33.164813,290.192113
463072.909000,3490,45,123.104056,1077.160494,94.101786,823.390630
463261.354000,948,43,33.439153,292.592593,25.561173,223.660263
463322.358000,1728,5,60.952381,533.333333,46.592518,407.684530
463391.743000,1229,275,43.350970,379.320988,33.137850,289.956185
463394.715000,2121,2,74.814815,654.629630,57.189080,500.404449
463529.510000,253,24,8.924162,78.086420,6.821705,59.689922
463642.271000,1230,112,43.386243,379.629630,33.164813,290.192113
463644.883000,2122,1,74.850088,654.938272,57.216043,500.640377
463744.348000,4487,41,158.271605,1384.876543,120.984159,1058.611392
463744.522000,1428,11,50.370370,440.740741,38.503539,336.905966
463759.126000,2481,5,87.513228,765.740741,66.895854,585.338726
463777.836000,4929,37,173.862434,1521.296296,132.901921,1162.891810
463822.771000,2025,6,71.428571,625.000000,54.600607,477.755308
463874.519000,2393,2,84.409171,738.580247,64.523087,564.577014
463893.067000,2122,1,74.850088,654.938272,57.216043,500.640377
463992.858000,1131,6,39.894180,349.074074,30.495450,266.835187
464017.319000,1077,1,37.989418,332.407407,29.039434,254.095046
464018.701000,1077,13,37.989418,332.407407,29.039434,254.095046
464027.666000,2423,40,85.467372,747.839506,65.331985,571.654870
464123.049000,7685,3,271.075838,2371.913580,207.212673,1813.110886
464141.816000,6735,7,237.566138,2078.703704,181.597573,1588.978766
464142.168000,3000,1,105.820106,925.925926,80.889788,707.785642
464142.409000,1230,1,43.386243,379.629630,33.164813,290.192113
464143.296000,53,22,1.869489,16.358025,1.429053,12.504213
464147.040000,2122,1,74.850088,654.938272,57.216043,500.640377
464243.489000,1455,14,51.322751,449.074074,39.231547,343.276036
464272.829000,2408,2,84.938272,743.209877,64.927536,568.115942
464273.113000,1077,2,37.989418,332.407407,29.039434,254.095046
464273.433000,6489,4,228.888889,2002.777778,174.964611,1530.940344
464278.602000,2423,12,85.467372,747.839506,65.331985,571.654870
464322.762000,2025,6,71.428571,625.000000,54.600607,477.755308
464390.743000,1302,2,45.925926,401.851852,35.106168,307.178969
464391.378000,2999,5,105.784832,925.617284,80.862824,707.549714
464391.747000,1303,1,45.961199,402.160494,35.133131,307.414897
464513.942000,193,13,6.807760,59.567901,5.203910,45.534210
464527.824000,1529,22,53.932981,471.913580,41.226828,360.734749
464574.637000,1433,4,50.546737,442.283951,38.638355,338.085608
464574.808000,3546,13,125.079365,1094.444444,95.611729,836.602629
464641.163000,55,18,1.940035,16.975309,1.482979,12.976070
464642.103000,4375,1,154.320988,1350.308642,117.964274,1032.187395
464744.242000,1131,8,39.894180,349.074074,30.495450,266.835187
464762.170000,4929,223,173.862434,1521.296296,132.901921,1162.891810
464822.372000,2867,13,101.128748,884.876543,77.303674,676.407145
464875.183000,3237,76,114.179894,999.074074,87.280081,763.700708
464891.551000,920,3,32.451499,283.950617,24.806202,217.054264
464893.738000,2505,118,88.359788,773.148148,67.542973,591.001011
464992.713000,886,1,31.252205,273.456790,23.889451,209.032693
465009.453000,2482,4,87.548501,766.049383,66.922818,585.574655
465012.167000,6491,3,228.959436,2003.395062,175.018537,1531.412201
465072.578000,2314,9,81.622575,714.197531,62.392990,545.938659
465074.194000,3546,18,125.079365,1094.444444,95.611729,836.602629
465125.436000,5924,12,208.959436,1828.395062,159.730367,1397.640715
465267.507000,949,2,33.474427,292.901235,25.588136,223.896191
465268.323000,949,50,33.474427,292.901235,25.588136,223.896191
465276.484000,6491,6,228.959436,2003.395062,175.018537,1531.412201
465322.380000,2026,5,71.463845,625.308642,54.627570,477.991237
465573.482000,299,18,10.546737,92.283951,8.062016,70.542636
465744.626000,643,1,22.680776,198.456790,17.337378,151.702056
465744.755000,2517,9,88.783069,776.851852,67.866532,593.832154
465765.198000,950,4,33.509700,293.209877,25.615099,224.132120
465898.702000,3003,2,105.925926,926.851852,80.970677,708.493428
465901.976000,2833,11,99.929453,874.382716,76.386923,668.385575
465993.104000,1126,4,39.717813,347.530864,30.360634,265.655544
465993.236000,653,3,23.033510,201.543210,17.607010,154.061341
466015.883000,950,1,33.509700,293.209877,25.615099,224.132120
466027.187000,466,8,16.437390,143.827160,12.564880,109.942703
466073.521000,3491,16,123.139330,1077.469136,94.128750,823.626559
466076.459000,3546,2,125.079365,1094.444444,95.611729,836.602629
466076.668000,1128,6,39.788360,348.148148,30.414560,266.127401
466146.279000,4303,15,151.781305,1328.086420,116.022919,1015.200539
466278.015000,466,3,16.437390,143.827160,12.564880,109.942703
466322.251000,3422,4,120.705467,1056.172840,92.268284,807.347489
466323.658000,3545,5,125.044092,1094.135802,95.584766,836.366700
466402.318000,1498,9,52.839506,462.345679,40.390967,353.420964
466492.859000,1126,1,39.717813,347.530864,30.360634,265.655544
466512.744000,951,17,33.544974,293.518519,25.642063,224.368049
466516.812000,1516,316,53.474427,467.901235,40.876306,357.667678
466529.207000,563,8,19.858907,173.765432,15.180317,132.827772
466574.164000,3546,5,125.079365,1094.444444,95.611729,836.602629
466822.182000,2881,1,101.622575,889.197531,77.681159,679.710145
466900.903000,7539,23,265.925926,2326.851852,203.276036,1778.665319
466993.099000,4523,11,159.541446,1395.987654,121.954837,1067.104820
467027.493000,2734,64,96.437390,843.827160,73.717560,645.028648
467072.640000,2881,3,101.622575,889.197531,77.681159,679.710145
467073.132000,3493,1,123.209877,1078.086420,94.182676,824.098416
467128.424000,315,322,11.111111,97.222222,8.493428,74.317492
467148.780000,2503,2,88.289242,772.530864,67.489046,590.529154
467243.708000,1127,12,39.753086,347.839506,30.387597,265.891473
467244.254000,636,13,22.433862,196.296296,17.148635,150.050556
467246.879000,3294,3,116.190476,1016.666667,88.816987,777.148635
467260.175000,2482,3,87.548501,766.049383,66.922818,585.574655
467261.173000,952,16,33.580247,293.827160,25.669026,224.603977
467277.020000,2736,2,96.507937,844.444444,73.771486,645.500506
467322.583000,3493,4,123.209877,1078.086420,94.182676,824.098416
467371.836000,4020,6,141.798942,1240.740741,108.392315,948.432760
467396.037000,7001,14,246.948854,2160.802469,188.769801,1651.735760
467493.148000,1139,18,40.176367,351.543210,30.711156,268.722615
467494.139000,3522,9,124.232804,1087.037037,94.964611,830.940344
467511.129000,6493,5,229.029982,2004.012346,175.072464,1531.884058
467572.198000,1883,3,66.419753,581.172840,50.771823,444.253455
467573.752000,3493,18,123.209877,1078.086420,94.182676,824.098416
467577.159000,3546,2,125.079365,1094.444444,95.611729,836.602629
467824.453000,1269,32,44.761905,391.666667,34.216380,299.393327
467872.769000,7686,3,271.111111,2372.222222,207.239636,1813.346815
467898.556000,1303,1072,45.961199,402.160494,35.133131,307.414897
467901.105000,982,4,34.638448,303.086420,26.477924,231.681834
467994.208000,1457,18,51.393298,449.691358,39.285474,343.747893
468009.152000,954,11,33.650794,294.444444,25.722952,225.075834
468012.535000,6493,10,229.029982,2004.012346,175.072464,1531.884058
468029.394000,2734,21,96.437390,843.827160,73.717560,645.028648
468038.566000,2033,2,71.710758,627.469136,54.816313,479.642737
468258.072000,3007,3,106.067019,928.086420,81.078531,709.437142
468277.244000,2736,4,96.507937,844.444444,73.771486,645.500506
468377.738000,492,45,17.354497,151.851852,13.265925,116.076845
468494.214000,4943,145,174.356261,1525.617284,133.279407,1166.194810
468508.528000,6493,1,229.029982,2004.012346,175.072464,1531.884058
468573.007000,3283,12,115.802469,1013.271605,88.520391,774.553421
468760.199000,6493,3,229.029982,2004.012346,175.072464,1531.884058
468777.006000,536,3,18.906526,165.432099,14.452309,126.457701
468779.265000,2330,12,82.186949,719.135802,62.824402,549.713515
468822.273000,1885,1,66.490300,581.790123,50.825750,444.725312
468873.705000,7685,6,271.075838,2371.913580,207.212673,1813.110886
468903.508000,2500,1,88.183422,771.604938,67.408156,589.821368
468905.755000,982,1,34.638448,303.086420,26.477924,231.681834
468906.665000,3022,14,106.596120,932.716049,81.482979,712.976070
468995.744000,3288,3,115.978836,1014.814815,88.655207,775.733064
468996.032000,3036,23,107.089947,937.037037,81.860465,716.279070
469011.066000,6493,6,229.029982,2004.012346,175.072464,1531.884058
469027.661000,679,1,23.950617,209.567901,18.308055,160.195484
469073.311000,1886,8,66.525573,582.098765,50.852713,444.961240
469125.472000,542,9,19.118166,167.283951,14.614088,127.873273
469153.557000,982,1,34.638448,303.086420,26.477924,231.681834
469243.083000,1463,17,51.604938,451.543210,39.447253,345.163465
469263.879000,951,1,33.544974,293.518519,25.642063,224.368049
469265.460000,198,13,6.984127,61.111111,5.338726,46.713852
469280.596000,680,9,23.985891,209.876543,18.335019,160.431412
469282.748000,2330,12,82.186949,719.135802,62.824402,549.713515
469379.798000,1681,28,59.294533,518.827160,45.325244,396.595888
469403.382000,983,1,34.673721,303.395062,26.504887,231.917762
469404.164000,3022,18,106.596120,932.716049,81.482979,712.976070
469494.475000,887,1,31.287478,273.765432,23.916414,209.268622
469513.066000,951,13,33.544974,293.518519,25.642063,224.368049
469519.058000,2405,103,84.832451,742.283951,64.846646,567.408156
469526.738000,810,65,28.571429,250.000000,21.840243,191.102123
469532.568000,1916,7,67.583774,591.358025,51.661611,452.039097
469624.055000,544,7,19.188713,167.901235,14.668015,128.345130
469652.877000,1887,1,66.560847,582.407407,50.879676,445.197169
469653.293000,984,1,34.708995,303.703704,26.531850,232.153691
469743.881000,887,2,31.287478,273.765432,23.916414,209.268622
469744.314000,1126,1,39.717813,347.530864,30.360634,265.655544
469762.607000,951,31,33.544974,293.518519,25.642063,224.368049
469767.906000,2407,5,84.902998,742.901235,64.900573,567.880013
469776.559000,5061,28,178.518519,1562.037037,136.461072,1194.034378
469777.975000,810,28,28.571429,250.000000,21.840243,191.102123
469822.420000,1087,6,38.342152,335.493827,29.309066,256.454331
469900.973000,1887,1,66.560847,582.407407,50.879676,445.197169
470028.982000,1350,2,47.619048,416.666667,36.400404,318.503539
470072.455000,1439,9,50.758377,444.135802,38.800135,339.501180
470073.555000,1274,13,44.938272,393.209877,34.351196,300.572969
470131.731000,537,10,18.941799,165.740741,14.479272,126.693630
470242.824000,1469,17,51.816578,453.395062,39.609033,346.579036
470243.147000,1126,1,39.717813,347.530864,30.360634,265.655544
470260.798000,951,40,33.544974,293.518519,25.642063,224.368049
470264.470000,462,1,16.296296,142.592593,12.457027,108.998989
470265.037000,2407,5,84.902998,742.901235,64.900573,567.880013
470276.469000,680,7,23.985891,209.876543,18.335019,160.431412
470278.622000,810,97,28.571429,250.000000,21.840243,191.102123
470322.860000,3493,28,123.209877,1078.086420,94.182676,824.098416
470493.581000,1126,15,39.717813,347.530864,30.360634,265.655544
470528.002000,680,7,23.985891,209.876543,18.335019,160.431412
470573.326000,3100,3,109.347443,956.790123,83.586114,731.378497
470573.953000,303,3,10.687831,93.518519,8.169869,71.486350
470579.231000,5572,119,196.543210,1719.753086,150.239299,1314.593866
470645.777000,7005,204,247.089947,2162.037037,188.877654,1652.679474
470646.921000,1037,24,36.578483,320.061728,27.960903,244.657904
470745.976000,3489,12,123.068783,1076.851852,94.074823,823.154702
470764.444000,952,23,33.580247,293.827160,25.669026,224.603977
470771.151000,2407,5,84.902998,742.901235,64.900573,567.880013
470822.044000,3492,24,123.174603,1077.777778,94.155713,823.862487
470823.081000,1443,10,50.899471,445.370370,38.907988,340.444894
470823.299000,303,14,10.687831,93.518519,8.169869,71.486350
470876.345000,3587,15,126.525573,1107.098765,96.717223,846.275699
470894.299000,2016,6,71.111111,622.222222,54.357937,475.631951
471016.461000,460,12,16.225750,141.975309,12.403101,108.527132
471029.940000,2896,4,102.151675,893.827160,78.085608,683.249073
471142.680000,4306,4,151.887125,1329.012346,116.103809,1015.908325
471250.607000,1476,10,52.063492,455.555556,39.797776,348.230536
471252.550000,3301,3,116.437390,1018.827160,89.005730,778.800135
471264.941000,952,7,33.580247,293.827160,25.669026,224.603977
471269.079000,2407,5,84.902998,742.901235,64.900573,567.880013
471381.726000,4025,6,141.975309,1242.283951,108.527132,949.612403
471527.665000,447,17,15.767196,137.962963,12.052578,105.460061
471529.485000,563,1,19.858907,173.765432,15.180317,132.827772
471529.995000,2896,4,102.151675,893.827160,78.085608,683.249073
471751.054000,2068,190,72.945326,638.271605,55.760027,487.900236
471766.060000,4673,139,164.832451,1442.283951,125.999326,1102.494102
471777.754000,261,7,9.206349,80.555556,7.037412,61.577351
471822.062000,303,1,10.687831,93.518519,8.169869,71.486350
471873.764000,542,139,19.118166,167.283951,14.614088,127.873273
471901.173000,2017,89,71.146384,622.530864,54.384901,475.867880
472009.918000,2246,1,79.223986,693.209877,60.559488,529.895517
472030.183000,2334,1,82.328042,720.370370,62.932255,550.657230
472030.736000,2937,2,103.597884,906.481481,79.191102,692.922144
472072.982000,2320,2,81.834215,716.049383,62.554769,547.354230
472073.899000,302,1,10.652557,93.209877,8.142905,71.250421
472078.185000,3547,1,125.114638,1094.753086,95.638692,836.838557
472124.656000,4025,7,141.975309,1242.283951,108.527132,949.612403
472125.852000,544,1,19.188713,167.901235,14.668015,128.345130
472125.983000,7685,5,271.075838,2371.913580,207.212673,1813.110886
472244.153000,1127,1,39.753086,347.839506,30.387597,265.891473
472278.446000,2739,33,96.613757,845.370370,73.852376,646.208291
472323.363000,302,8,10.652557,93.209877,8.142905,71.250421
472391.181000,7007,115,247.160494,2162.654321,188.931581,1653.151331
472392.423000,165,7,5.820106,50.925926,4.448938,38.928210
472395.119000,7681,9,270.934744,2370.679012,207.104820,1812.167172
472499.227000,1483,3,52.310406,457.716049,39.986518,349.882036
472499.709000,636,3,22.433862,196.296296,17.148635,150.050556
472502.437000,75,6,2.645503,23.148148,2.022245,17.694641
472513.951000,400,2,14.109347,123.456790,10.785305,94.371419
472515.631000,4675,1,164.902998,1442.901235,126.053252,1102.965959
472528.019000,2336,34,82.398589,720.987654,62.986181,551.129087
472528.867000,2896,11,102.151675,893.827160,78.085608,683.249073
472577.894000,1441,199,50.828924,444.753086,38.854061,339.973037
472578.538000,514,41,18.130511,158.641975,13.859117,121.267273
472580.120000,302,14,10.652557,93.209877,8.142905,71.250421
472583.190000,3546,6,125.079365,1094.444444,95.611729,836.602629
472641.344000,2034,106,71.746032,627.777778,54.843276,479.878665
472644.883000,3021,1,106.560847,932.407407,81.456016,712.740142
472644.952000,2512,123,88.606702,775.308642,67.731716,592.652511
472766.358000,685,6,24.162257,211.419753,18.469835,161.611055
472767.736000,953,31,33.615520,294.135802,25.695989,224.839906
472775.239000,4675,5,164.902998,1442.901235,126.053252,1102.965959
472777.234000,5063,3,178.589065,1562.654321,136.514998,1194.506235
472822.472000,2028,3,71.534392,625.925926,54.681496,478.463094
472823.219000,2886,21,101.798942,890.740741,77.815976,680.889788
472825.960000,3546,8,125.079365,1094.444444,95.611729,836.602629
472892.596000,3022,3,106.596120,932.716049,81.482979,712.976070
473004.854000,1128,12,39.788360,348.148148,30.414560,266.127401
473007.619000,20,25,0.705467,6.172840,0.539265,4.718571
473018.884000,7679,47,270.864198,2370.061728,207.050893,1811.695315
473025.119000,2135,3,75.308642,658.950617,57.566566,503.707449
473028.050000,2896,11,102.151675,893.827160,78.085608,683.249073
473028.662000,1211,30,42.716049,373.765432,32.652511,285.709471
473073.544000,3545,5,125.044092,1094.135802,95.584766,836.366700
473129.652000,550,37,19.400353,169.753086,14.829794,129.760701
473131.378000,534,38,18.835979,164.814815,14.398382,125.985844
473146.444000,7668,3,270.476190,2366.666667,206.754297,1809.100101
473249.046000,639,1,22.539683,197.222222,17.229525,150.758342
473249.172000,988,5,34.850088,304.938272,26.639703,233.097405
473262.668000,953,54,33.615520,294.135802,25.695989,224.839906
473267.140000,2411,315,85.044092,744.135802,65.008426,568.823728
473277.332000,2288,5,80.705467,706.172840,61.691945,539.804516
473326.296000,1442,23,50.864198,445.061728,38.881025,340.208965
473327.827000,2315,6,81.657848,714.506173,62.419953,546.174587
473381.170000,505,8,17.813051,155.864198,13.616448,119.143916
473383.271000,534,148,18.835979,164.814815,14.398382,125.985844
473391.432000,2017,7,71.146384,622.530864,54.384901,475.867880
473506.343000,3483,14,122.857143,1075.000000,93.913043,821.739130
473507.420000,7076,21,249.594356,2183.950617,190.792046,1669.430401
473508.371000,21,28,0.740741,6.481481,0.566229,4.954499
473576.897000,516,8,18.201058,159.259259,13.913043,121.739130
473577.185000,1443,7,50.899471,445.370370,38.907988,340.444894
473629.996000,546,5,19.259259,168.518519,14.721941,128.816987
473644.475000,2545,1,89.770723,785.493827,68.621503,600.438153
473753.146000,988,12,34.850088,304.938272,26.639703,233.097405
473757.408000,3483,9,122.857143,1075.000000,93.913043,821.739130
473758.369000,3592,6,126.701940,1108.641975,96.852039,847.455342
473777.018000,2939,84,103.668430,907.098765,79.245029,693.394001
473825.610000,3029,4,106.843034,934.876543,81.671722,714.627570
473826.159000,2028,3,71.534392,625.925926,54.681496,478.463094
473892.530000,7008,109,247.195767,2162.962963,188.958544,1653.387260
474002.181000,639,4,22.539683,197.222222,17.229525,150.758342
474006.456000,4885,60,172.310406,1507.716049,131.715538,1152.510954
474010.820000,4991,1,176.049383,1540.432099,134.573643,1177.519380
474080.582000,304,15,10.723104,93.827160,8.196832,71.722278
474083.164000,2364,15,83.386243,729.629630,63.741153,557.735086
474134.733000,3590,17,126.631393,1108.024691,96.798113,846.983485
474141.043000,534,214,18.835979,164.814815,14.398382,125.985844
474141.844000,548,2,19.329806,169.135802,14.775868,129.288844
474256.787000,220,40,7.760141,67.901235,5.931918,51.904280
474277.899000,2895,9,102.116402,893.518519,78.058645,683.013145
474326.659000,304,7,10.723104,93.827160,8.196832,71.722278
474328.299000,2317,4,81.728395,715.123457,62.473879,546.646444
474387.733000,535,11,18.871252,165.123457,14.425345,126.221773
474391.463000,553,14,19.506173,170.679012,14.910684,130.468487
474501.885000,2070,365,73.015873,638.888889,55.813953,488.372093
474504.168000,2788,9,98.342152,860.493827,75.173576,657.768790
474510.142000,953,32,33.615520,294.135802,25.695989,224.839906
474526.976000,680,13,23.985891,209.876543,18.335019,160.431412
474577.464000,2319,2,81.798942,715.740741,62.527806,547.118301
474629.893000,553,3,19.506173,170.679012,14.910684,130.468487
474634.142000,535,11,18.871252,165.123457,14.425345,126.221773
474634.909000,508,6,17.918871,156.790123,13.697337,119.851702
474749.230000,647,3,22.821869,199.691358,17.445231,152.645770
474750.160000,75,3,2.645503,23.148148,2.022245,17.694641
474762.346000,198,13,6.984127,61.111111,5.338726,46.713852
474831.571000,304,20,10.723104,93.827160,8.196832,71.722278
474835.724000,1583,7,55.837743,488.580247,42.682845,373.474890
474835.956000,2365,7,83.421517,729.938272,63.768116,557.971014
474890.633000,553,14,19.506173,170.679012,14.910684,130.468487
475000.599000,987,6,34.814815,304.629630,26.612740,232.861476
475002.321000,2790,11,98.412698,861.111111,75.227503,658.240647
475009.888000,955,53,33.686067,294.753086,25.749916,225.311763
475084.641000,2319,5,81.798942,715.740741,62.527806,547.118301
475132.844000,59,8,2.081129,18.209877,1.590832,13.919784
475138.428000,326,46,11.499118,100.617284,8.790024,76.912706
475149.035000,1638,3,57.777778,505.555556,44.165824,386.450961
475152.781000,163,9,5.749559,50.308642,4.395012,38.456353
475256.407000,986,7,34.779541,304.320988,26.585777,232.625548
475259.522000,75,1,2.645503,23.148148,2.022245,17.694641
475268.857000,1340,22,47.266314,413.580247,36.130772,316.144253
475338.357000,2365,26,83.421517,729.938272,63.768116,557.971014
475338.931000,3547,9,125.114638,1094.753086,95.638692,836.838557
475377.253000,508,1,17.918871,156.790123,13.697337,119.851702
475395.341000,1369,31,48.289242,422.530864,36.912706,322.986181
475400.778000,3002,1,105.890653,926.543210,80.943714,708.257499
475501.079000,986,14,34.779541,304.320988,26.585777,232.625548
475503.880000,75,3,2.645503,23.148148,2.022245,17.694641
475511.956000,198,1,6.984127,61.111111,5.338726,46.713852
475512.576000,7685,19,271.075838,2371.913580,207.212673,1813.110886
475532.253000,451,19,15.908289,139.197531,12.160431,106.403775
475587.627000,1583,5,55.837743,488.580247,42.682845,373.474890
475588.208000,3546,5,125.079365,1094.444444,95.611729,836.602629
475623.845000,59,19,2.081129,18.209877,1.590832,13.919784
475647.876000,1323,9,46.666667,408.333333,35.672396,312.133468
475648.045000,1043,16,36.790123,321.913580,28.122683,246.073475
475651.856000,2508,40,88.465608,774.074074,67.623862,591.708797
475744.827000,220,363,7.760141,67.901235,5.931918,51.904280
475756.487000,955,58,33.686067,294.753086,25.749916,225.311763
475757.164000,198,1,6.984127,61.111111,5.338726,46.713852
475761.633000,2654,135,93.615520,819.135802,71.560499,626.154365
475781.722000,31,3,1.093474,9.567901,0.835861,7.313785
475783.147000,2942,66,103.774250,908.024691,79.325918,694.101786
475836.604000,1446,339,51.005291,446.296296,38.988878,341.152679
475836.969000,1446,6,51.005291,446.296296,38.988878,341.152679
475837.507000,3147,3,111.005291,971.296296,84.853387,742.467139
475840.879000,2370,27,83.597884,731.481481,63.902932,559.150657
475841.517000,1584,8,55.873016,488.888889,42.709808,373.710819
475871.586000,85,6,2.998236,26.234568,2.291877,20.053927
475875.337000,509,1,17.954145,157.098765,13.724301,120.087631
475875.466000,2086,2,73.580247,643.827160,56.245366,492.146950
475899.672000,4242,16,149.629630,1309.259259,114.378160,1000.808898
475899.741000,7008,98,247.195767,2162.962963,188.958544,1653.387260
475900.106000,2411,16,85.044092,744.135802,65.008426,568.823728
476120.731000,1720,1,60.670194,530.864198,46.376812,405.797101
476123.908000,509,2,17.954145,157.098765,13.724301,120.087631
476151.874000,552,15,19.470899,170.370370,14.883721,130.232558
476154.027000,6749,24,238.059965,2083.024691,181.975059,1592.281766
476256.446000,198,1,6.984127,61.111111,5.338726,46.713852
476282.065000,680,1,23.985891,209.876543,18.335019,160.431412
476284.525000,2898,19,102.222222,894.444444,78.139535,683.720930
476395.444000,7009,1,247.231041,2163.271605,188.985507,1653.623188
476398.237000,2366,9,83.456790,730.246914,63.795079,558.206943
476497.857000,221,61,7.795414,68.209877,5.958881,52.140209
476506.944000,198,8,6.984127,61.111111,5.338726,46.713852
476530.712000,680,12,23.985891,209.876543,18.335019,160.431412
476575.119000,1446,173,51.005291,446.296296,38.988878,341.152679
476577.676000,2305,1,81.305115,711.419753,62.150320,543.815302
476629.363000,1720,2,60.670194,530.864198,46.376812,405.797101
476629.514000,86,1,3.033510,26.543210,2.318841,20.289855
476648.914000,1039,7,36.649030,320.679012,28.014830,245.129761
476649.498000,170,1,5.996473,52.469136,4.583755,40.107853
476654.001000,2369,25,83.562610,731.172840,63.875969,558.914729
476757.011000,199,15,7.019400,61.419753,5.365689,46.949781
476824.273000,3635,5,128.218695,1121.913580,98.011459,857.600270
476824.656000,2306,3,81.340388,711.728395,62.177283,544.051230
476881.997000,1371,4,48.359788,423.148148,36.966633,323.458038
476898.341000,1039,9,36.649030,320.679012,28.014830,245.129761
476898.623000,1323,9,46.666667,408.333333,35.672396,312.133468
476899.141000,169,2,5.961199,52.160494,4.556791,39.871925
476899.319000,4335,5,152.910053,1337.962963,116.885743,1022.750253
476997.117000,2070,64,73.015873,638.888889,55.813953,488.372093
477009.929000,1340,23,47.266314,413.580247,36.130772,316.144253
477037.452000,680,19,23.985891,209.876543,18.335019,160.431412
477039.662000,33,33,1.164021,10.185185,0.889788,7.785642
477041.179000,1209,14,42.645503,373.148148,32.598584,285.237614
477073.031000,1947,20,68.677249,600.925926,52.497472,459.352882
477073.495000,1447,7,51.040564,446.604938,39.015841,341.388608
477076.138000,3547,6,125.114638,1094.753086,95.638692,836.838557
477125.961000,87,11,3.068783,26.851852,2.345804,20.525784
477148.876000,1039,17,36.649030,320.679012,28.014830,245.129761
477152.511000,1691,18,59.647266,521.913580,45.594877,398.955174
477244.503000,3600,2,126.984127,1111.111111,97.067745,849.342770
477279.206000,2952,3,104.126984,911.111111,79.595551,696.461072
477322.120000,2028,3,71.534392,625.925926,54.681496,478.463094
477323.763000,2372,26,83.668430,732.098765,63.956859,559.622514
477494.208000,3700,2,130.511464,1141.975309,99.764071,872.935625
477576.552000,3546,8,125.079365,1094.444444,95.611729,836.602629
477626.097000,87,12,3.068783,26.851852,2.345804,20.525784
477647.094000,1621,14,57.178131,500.308642,43.707449,382.440175
477648.551000,2501,4,88.218695,771.913580,67.435120,590.057297
477757.938000,594,20,20.952381,183.333333,16.016178,140.141557
477762.677000,2612,1,92.134039,806.172840,70.428042,616.245366
477783.287000,2899,4,102.257496,894.753086,78.166498,683.956859
477783.733000,2641,1,93.156966,815.123457,71.209976,623.087294
477897.824000,167,9,5.890653,51.543210,4.502865,39.400067
478003.363000,926,17,32.663139,285.802469,24.967981,218.469835
478005.730000,3701,1,130.546737,1142.283951,99.791035,873.171554
478008.354000,593,12,20.917108,183.024691,15.989215,139.905629
478030.436000,4817,9,169.911817,1486.728395,129.882036,1136.467813
478031.047000,2952,3,104.126984,911.111111,79.595551,696.461072
478076.025000,2371,27,83.633157,731.790123,63.929896,559.386586
478148.340000,2516,7,88.747795,776.543210,67.839569,593.596225
478278.165000,2902,1,102.363316,895.679012,78.247388,684.664644
478322.581000,1446,296,51.005291,446.296296,38.988878,341.152679
478325.365000,1585,69,55.908289,489.197531,42.736771,373.946748
478400.113000,167,9,5.890653,51.543210,4.502865,39.400067
478403.520000,2371,10,83.633157,731.790123,63.929896,559.386586
478499.006000,285,40,10.052910,87.962963,7.684530,67.239636
478500.764000,2233,69,78.765432,689.197531,60.208965,526.828446
478572.429000,3179,3,112.134039,981.172840,85.716212,750.016852
478644.891000,4244,3,149.700176,1309.876543,114.432086,1001.280755
478645.103000,7009,136,247.231041,2163.271605,188.985507,1653.623188
478893.663000,2501,5,88.218695,771.913580,67.435120,590.057297
479075.735000,2725,110,96.119929,841.049383,73.474890,642.905292
479076.295000,1586,1,55.943563,489.506173,42.763734,374.182676
479088.596000,3179,19,112.134039,981.172840,85.716212,750.016852
479140.399000,203,39,7.160494,62.654321,5.473542,47.893495
479142.692000,534,265,18.835979,164.814815,14.398382,125.985844
479144.067000,534,14,18.835979,164.814815,14.398382,125.985844
479156.547000,2018,57,71.181658,622.839506,54.411864,476.103809
479159.514000,2371,17,83.633157,731.790123,63.929896,559.386586
479251.921000,4487,49,158.271605,1384.876543,120.984159,1058.611392
479254.240000,2794,1,98.553792,862.345679,75.335356,659.184361
479254.439000,231,64,8.148148,71.296296,6.228514,54.499494
479322.482000,5604,9,197.671958,1729.629630,151.102123,1322.143579
479398.366000,2500,6,88.183422,771.604938,67.408156,589.821368
479400.927000,1101,10,38.835979,339.814815,29.686552,259.757331
479401.555000,371,4,13.086420,114.506173,10.003370,87.529491
479407.644000,87,4,3.068783,26.851852,2.345804,20.525784
479496.959000,2071,38,73.051146,639.197531,55.840917,488.608022
479498.221000,2794,7,98.553792,862.345679,75.335356,659.184361
479506.586000,958,1,33.791887,295.679012,25.830806,226.019548
479530.080000,682,7,24.056437,210.493827,18.388945,160.903269
479576.715000,1586,66,55.943563,489.506173,42.763734,374.182676
479648.861000,1767,11,62.328042,545.370370,47.644085,416.885743
479745.946000,2794,6,98.553792,862.345679,75.335356,659.184361
479757.659000,958,31,33.791887,295.679012,25.830806,226.019548
479765.577000,2613,459,92.169312,806.481481,70.455005,616.481294
479781.653000,682,7,24.056437,210.493827,18.388945,160.903269
479899.309000,2015,180,71.075838,621.913580,54.330974,475.396023
479901.985000,2372,10,83.668430,732.098765,63.956859,559.622514
479902.176000,373,9,13.156966,115.123457,10.057297,88.001348
479998.634000,1129,10,39.823633,348.456790,30.441523,266.363330
479999.204000,1390,5,49.029982,429.012346,37.478935,327.940681
480009.200000,958,1,33.791887,295.679012,25.830806,226.019548
480009.899000,879,80,31.005291,271.296296,23.700708,207.381193
480034.358000,4820,62,170.017637,1487.654321,129.962926,1137.175598
480079.434000,1446,109,51.005291,446.296296,38.988878,341.152679
480082.661000,3637,5,128.289242,1122.530864,98.065386,858.072127
480127.020000,59,1,2.081129,18.209877,1.590832,13.919784
480248.867000,4490,2,158.377425,1385.802469,121.065049,1059.319178
480250.440000,231,1,8.148148,71.296296,6.228514,54.499494
480284.247000,455,2,16.049383,140.432099,12.268284,107.347489
480284.773000,1355,2,47.795414,418.209877,36.535221,319.683182
480287.370000,1806,6,63.703704,557.407407,48.695652,426.086957
480330.440000,1449,14,51.111111,447.222222,39.069767,341.860465
480333.245000,2728,6,96.225750,841.975309,73.555780,643.613077
480381.400000,59,12,2.081129,18.209877,1.590832,13.919784
480383.890000,806,469,28.430335,248.765432,21.732390,190.158409
480501.682000,2072,67,73.086420,639.506173,55.867880,488.843950
480506.393000,2795,6,98.589065,862.654321,75.362319,659.420290
480532.699000,882,226,31.111111,272.222222,23.781598,208.088979
480534.958000,35,12,1.234568,10.802469,0.943714,8.257499
480585.864000,1587,84,55.978836,489.814815,42.790698,374.418605
480586.828000,2374,22,83.738977,732.716049,64.010785,560.094371
480629.142000,3947,14,139.223986,1218.209877,106.423997,931.209976
480658.833000,1767,4,62.328042,545.370370,47.644085,416.885743
480662.187000,107,4,3.774250,33.024691,2.885069,25.244355
480663.126000,3328,30,117.389771,1027.160494,89.733738,785.170206
480754.267000,930,17,32.804233,287.037037,25.075834,219.413549
480757.980000,567,8,20.000000,175.000000,15.288170,133.771486
480788.686000,35,34,1.234568,10.802469,0.943714,8.257499
480899.071000,1602,11,56.507937,494.444444,43.195147,377.957533
480901.624000,2374,1,83.738977,732.716049,64.010785,560.094371
481004.216000,1490,62,52.557319,459.876543,40.175261,351.533536
481005.372000,1130,19,39.858907,348.765432,30.468487,266.599259
481008.538000,879,19,31.005291,271.296296,23.700708,207.381193
481009.018000,2802,10,98.835979,864.814815,75.551062,661.071790
481009.567000,958,40,33.791887,295.679012,25.830806,226.019548
481009.596000,2795,1,98.589065,862.654321,75.362319,659.420290
481086.514000,260,3,9.171076,80.246914,7.010448,61.341422
481128.992000,2155,8,76.014109,665.123457,58.105831,508.426020
481154.428000,1384,403,48.818342,427.160494,37.317155,326.525110
481159.580000,3026,14,106.737213,933.950617,81.590832,713.919784
481259.694000,2441,1,86.102293,753.395062,65.817324,575.901584
481282.045000,5009,25,176.684303,1545.987654,135.058982,1181.766094
481282.383000,2781,2,98.095238,858.333333,74.984833,656.117290
481333.295000,1449,341,51.111111,447.222222,39.069767,341.860465
481401.723000,7009,24,247.231041,2163.271605,188.985507,1653.623188
481403.723000,4471,12,157.707231,1379.938272,120.552747,1054.836535
481404.467000,2374,12,83.738977,732.716049,64.010785,560.094371
481404.824000,1736,2,61.234568,535.802469,46.808224,409.571958
481405.378000,1102,5,38.871252,340.123457,29.713515,259.993259
481500.965000,2075,15,73.192240,640.432099,55.948770,489.551736
481508.122000,2442,1,86.137566,753.703704,65.844287,576.137513
481579.923000,1586,364,55.943563,489.506173,42.763734,374.182676
481747.947000,4490,12,158.377425,1385.802469,121.065049,1059.319178
481748.669000,2796,1,98.624339,862.962963,75.389282,659.656218
481748.802000,230,316,8.112875,70.987654,6.201550,54.263566
481756.620000,961,1,33.897707,296.604938,25.911695,226.727334
481760.524000,2442,8,86.137566,753.703704,65.844287,576.137513
481783.298000,457,19,16.119929,141.049383,12.322211,107.819346
481784.955000,35,1,1.234568,10.802469,0.943714,8.257499
481822.590000,5606,6,197.742504,1730.246914,151.156050,1322.615436
481895.784000,2376,12,83.809524,733.333333,64.064712,560.566229
481995.391000,2795,6,98.589065,862.654321,75.362319,659.420290
482010.177000,2442,3,86.137566,753.703704,65.844287,576.137513
482134.617000,7686,3,271.111111,2372.222222,207.239636,1813.346815
482145.429000,1737,5,61.269841,536.111111,46.835187,409.807887
482260.971000,2443,1,86.172840,754.012346,65.871250,576.373441
482261.840000,2613,25,92.169312,806.481481,70.455005,616.481294
482278.809000,35,22,1.234568,10.802469,0.943714,8.257499
482326.180000,2376,16,83.809524,733.333333,64.064712,560.566229
482382.368000,115,46,4.056437,35.493827,3.100775,27.131783
482384.042000,204,45,7.195767,62.962963,5.500506,48.129424
482397.967000,110,16,3.880071,33.950617,2.965959,25.952140
482507.918000,963,40,33.968254,297.222222,25.965622,227.199191
482513.942000,2613,1,92.169312,806.481481,70.455005,616.481294
482514.084000,2443,18,86.172840,754.012346,65.871250,576.373441
482531.010000,2339,12,82.504409,721.913580,63.067071,551.836872
482635.106000,1376,5,48.536155,424.691358,37.101449,324.637681
482637.107000,1679,9,59.223986,518.209877,45.271318,396.124031
482644.132000,3026,16,106.737213,933.950617,81.590832,713.919784
482755.693000,934,37,32.945326,288.271605,25.183687,220.357263
482756.501000,285,90,10.052910,87.962963,7.684530,67.239636
482759.678000,262,24,9.241623,80.864198,7.064375,61.813279
482875.763000,2472,9,87.195767,762.962963,66.653185,583.215369
482900.774000,1384,10,48.818342,427.160494,37.317155,326.525110
482901.867000,2018,1,71.181658,622.839506,54.411864,476.103809
482902.476000,1738,9,61.305115,536.419753,46.862150,410.043815
482902.517000,2018,4,71.181658,622.839506,54.411864,476.103809
482906.544000,4471,18,157.707231,1379.938272,120.552747,1054.836535
483011.731000,2314,1,81.622575,714.197531,62.392990,545.938659
483012.135000,1548,3,54.603175,477.777778,41.739130,365.217391
483013.968000,1446,29,51.005291,446.296296,38.988878,341.152679
483014.559000,230,405,8.112875,70.987654,6.201550,54.263566
483257.037000,963,5,33.968254,297.222222,25.965622,227.199191
483281.607000,475,7,16.754850,146.604938,12.807550,112.066060
483283.376000,262,12,9.241623,80.864198,7.064375,61.813279
483401.724000,1738,11,61.305115,536.419753,46.862150,410.043815
483510.374000,2444,4,86.208113,754.320988,65.898214,576.609370
483512.468000,2613,279,92.169312,806.481481,70.455005,616.481294
483654.060000,3026,15,106.737213,933.950617,81.590832,713.919784
483751.340000,937,17,33.051146,289.197531,25.264577,221.065049
483757.119000,964,10,34.003527,297.530864,25.992585,227.435120
483763.802000,61,3,2.151675,18.827160,1.644759,14.391641
483784.990000,2349,23,82.857143,725.000000,63.336704,554.196158
483831.043000,304,21,10.723104,93.827160,8.196832,71.722278
483875.830000,205,24,7.231041,63.271605,5.527469,48.365352
483902.580000,2376,12,83.809524,733.333333,64.064712,560.566229
483998.231000,4499,50,158.694885,1388.580247,121.307718,1061.442535
484008.932000,964,2,34.003527,297.530864,25.992585,227.435120
484014.879000,2444,14,86.208113,754.320988,65.898214,576.609370
484032.462000,1601,3,56.472663,494.135802,43.168183,377.721604
484032.771000,888,1,31.322751,274.074074,23.943377,209.504550
484080.687000,1299,3,45.820106,400.925926,35.025278,306.471183
484082.789000,305,4,10.758377,94.135802,8.223795,71.958207
484085.647000,3546,14,125.079365,1094.444444,95.611729,836.602629
484124.455000,205,35,7.231041,63.271605,5.527469,48.365352
484151.334000,2019,9,71.216931,623.148148,54.438827,476.339737
484152.322000,2408,16,84.938272,743.209877,64.927536,568.115942
484153.055000,7659,13,270.158730,2363.888889,206.511628,1806.976744
484156.350000,1738,10,61.305115,536.419753,46.862150,410.043815
484156.572000,2377,1,83.844797,733.641975,64.091675,560.802157
484258.806000,965,4,34.038801,297.839506,26.019548,227.671048
484258.988000,881,175,31.075838,271.913580,23.754634,207.853050
484265.210000,2446,12,86.278660,754.938272,65.952140,577.081227
484284.560000,3024,9,106.666667,933.333333,81.536906,713.447927
484287.382000,1175,70,41.446208,362.654321,31.681834,277.216043
484329.336000,1453,312,51.252205,448.456790,39.177620,342.804179
484331.476000,3547,18,125.114638,1094.753086,95.638692,836.838557
484380.705000,59,12,2.081129,18.209877,1.590832,13.919784
484381.848000,2474,4,87.266314,763.580247,66.707112,583.687226
484407.516000,2377,17,83.844797,733.641975,64.091675,560.802157
484408.813000,373,8,13.156966,115.123457,10.057297,88.001348
484408.864000,1501,2,52.945326,463.271605,40.471857,354.128750
484497.737000,116,46,4.091711,35.802469,3.127738,27.367711
484509.438000,63,4,2.222222,19.444444,1.698686,14.863498
484529.404000,888,14,31.322751,274.074074,23.943377,209.504550
484649.140000,1583,9,55.837743,488.580247,42.682845,373.474890
484650.508000,2017,6,71.146384,622.530864,54.384901,475.867880
484653.990000,4478,1,157.954145,1382.098765,120.741490,1056.488035
484762.323000,63,3,2.222222,19.444444,1.698686,14.863498
484881.001000,3590,21,126.631393,1108.024691,96.798113,846.983485
485030.108000,3049,5,107.548501,941.049383,82.210988,719.346141
485128.429000,2474,4,87.266314,763.580247,66.707112,583.687226
485131.001000,1683,1,59.365079,519.444444,45.379171,397.067745
485154.135000,1583,13,55.837743,488.580247,42.682845,373.474890
485156.294000,4478,6,157.954145,1382.098765,120.741490,1056.488035
485156.478000,3026,14,106.737213,933.950617,81.590832,713.919784
485157.759000,2091,227,73.756614,645.370370,56.380182,493.326593
485263.838000,964,2,34.003527,297.530864,25.992585,227.435120
485324.141000,2323,9,81.940035,716.975309,62.635659,548.062016
485380.813000,3950,1,139.329806,1219.135802,106.504887,931.917762
485497.951000,4499,100,158.694885,1388.580247,121.307718,1061.442535
485576.161000,521,2,18.377425,160.802469,14.047860,122.918773
485647.210000,4245,2,149.735450,1310.185185,114.459050,1001.516684
485745.340000,941,17,33.192240,290.432099,25.372430,222.008763
485786.472000,887,15,31.287478,273.765432,23.916414,209.268622
485788.415000,1179,7,41.587302,363.888889,31.789687,278.159757
485889.359000,818,17,28.853616,252.469136,22.055949,192.989552
485899.105000,7010,345,247.266314,2163.580247,189.012471,1653.859117
485901.396000,1049,3,37.001764,323.765432,28.284462,247.489046
486032.587000,20,23,0.705467,6.172840,0.539265,4.718571
486033.849000,39,32,1.375661,12.037037,1.051567,9.201213
486079.397000,3214,3,113.368607,991.975309,86.659926,758.274351
486079.910000,521,3,18.377425,160.802469,14.047860,122.918773
486126.473000,2474,4,87.266314,763.580247,66.707112,583.687226
486127.673000,198,4,6.984127,61.111111,5.338726,46.713852
486154.334000,1289,3,45.467372,397.839506,34.755645,304.111898
486330.743000,5313,7,187.407407,1639.814815,143.255814,1253.488372
486331.013000,5611,47,197.918871,1731.790123,151.290866,1323.795079
486331.075000,2435,37,85.890653,751.543210,65.655544,574.486013
486331.282000,3545,10,125.044092,1094.135802,95.584766,836.366700
486379.822000,5920,56,208.818342,1827.160494,159.622514,1396.697000
486381.689000,538,9,18.977072,166.049383,14.506235,126.929558
486399.100000,4255,1,150.088183,1313.271605,114.728682,1003.875969
486404.201000,4478,9,157.954145,1382.098765,120.741490,1056.488035
486404.447000,294,19,10.370370,90.740741,7.927199,69.362993
486512.944000,2072,4,73.086420,639.506173,55.867880,488.843950
486533.282000,885,15,31.216931,273.148148,23.862487,208.796764
486534.513000,1179,9,41.587302,363.888889,31.789687,278.159757
486535.363000,21,17,0.740741,6.481481,0.566229,4.954499
486577.657000,310,1,10.934744,95.679012,8.358611,73.137850
486579.360000,2287,9,80.670194,705.864198,61.664981,539.568588
486746.099000,986,7,34.779541,304.320988,26.585777,232.625548
486770.766000,118,41,4.162257,36.419753,3.181665,27.839569
486828.208000,2436,7,85.925926,751.851852,65.682508,574.721941
486875.006000,5921,18,208.853616,1827.469136,159.649478,1396.932929
486898.958000,2365,37,83.421517,729.938272,63.768116,557.971014
486903.208000,4478,40,157.954145,1382.098765,120.741490,1056.488035
486994.594000,986,5,34.779541,304.320988,26.585777,232.625548
487076.878000,2437,22,85.961199,752.160494,65.709471,574.957870
487131.683000,191,9,6.737213,58.950617,5.149983,45.062353
487132.283000,7671,2,270.582011,2367.592593,206.835187,1809.807887
487152.136000,1152,3,40.634921,355.555556,31.061678,271.789687
487267.717000,5014,23,176.860670,1547.530864,135.193798,1182.945736
487280.007000,5330,9,188.007055,1645.061728,143.714189,1257.499157
487405.622000,7676,19,270.758377,2369.135802,206.970003,1810.987529
487500.187000,986,10,34.779541,304.320988,26.585777,232.625548
487500.355000,289,1,10.194004,89.197531,7.792383,68.183350
487500.510000,4499,11,158.694885,1388.580247,121.307718,1061.442535
487502.313000,991,15,34.955908,305.864198,26.720593,233.805190
487503.571000,1595,4,56.261023,492.283951,43.006404,376.306033
487511.245000,588,4,20.740741,181.481481,15.854398,138.725986
487514.987000,461,121,16.261023,142.283951,12.430064,108.763060
487528.953000,5336,1,188.218695,1646.913580,143.875969,1258.914729
487583.465000,2657,1,93.721340,820.061728,71.641389,626.862150
487586.931000,2438,44,85.996473,752.469136,65.736434,575.193798
487588.360000,2289,14,80.740741,706.481481,61.718908,540.040445
487660.639000,2572,342,90.723104,793.827160,69.349511,606.808224
487664.699000,3400,89,119.929453,1049.382716,91.675093,802.157061
487665.444000,2375,10,83.774250,733.024691,64.037749,560.330300
487762.107000,2068,14,72.945326,638.271605,55.760027,487.900236
487791.532000,826,28,29.135802,254.938272,22.271655,194.876980
487794.543000,41,10,1.446208,12.654321,1.105494,9.673070
487796.192000,20,24,0.705467,6.172840,0.539265,4.718571
487832.051000,2657,14,93.721340,820.061728,71.641389,626.862150
487833.068000,312,19,11.005291,96.296296,8.412538,73.609707
487836.041000,2289,1,80.740741,706.481481,61.718908,540.040445
487836.237000,5613,5,197.989418,1732.407407,151.344793,1324.266936
487900.997000,2017,9,71.146384,622.530864,54.384901,475.867880
487901.610000,2367,34,83.492063,730.555556,63.822042,558.442872
487903.561000,277,7,9.770723,85.493827,7.468824,65.352208
487905.438000,2376,18,83.809524,733.333333,64.064712,560.566229
488000.386000,4936,1,174.109347,1523.456790,133.090664,1164.543310
488010.106000,5032,1,177.495591,1553.086420,135.679137,1187.192450
488080.824000,1950,1,68.783069,601.851852,52.578362,460.060667
488084.870000,2436,49,85.925926,751.851852,65.682508,574.721941
488247.605000,4500,24,158.730159,1388.888889,121.334681,1061.678463
488255.815000,991,15,34.955908,305.864198,26.720593,233.805190
488255.885000,1595,17,56.261023,492.283951,43.006404,376.306033
488279.277000,41,42,1.446208,12.654321,1.105494,9.673070
488332.128000,2658,4,93.756614,820.370370,71.668352,627.098079
488335.032000,2290,1,80.776014,706.790123,61.745871,540.276373
488379.779000,541,11,19.082892,166.975309,14.587125,127.637344
488403.849000,374,2,13.192240,115.432099,10.084260,88.237277
488404.858000,1651,16,58.236332,509.567901,44.516346,389.518032
488585.744000,1299,3,45.820106,400.925926,35.025278,306.471183
488587.298000,2658,10,93.756614,820.370370,71.668352,627.098079
488587.588000,121,23,4.268078,37.345679,3.262555,28.547354
488588.159000,2327,64,82.081129,718.209877,62.743512,549.005730
488590.681000,1950,5,68.783069,601.851852,52.578362,460.060667
488590.917000,1609,23,56.754850,496.604938,43.383889,379.609033
488591.711000,2290,2,80.776014,706.790123,61.745871,540.276373
488592.958000,1756,12,61.940035,541.975309,47.347489,414.290529
488650.025000,413,135,14.567901,127.469136,11.135827,97.438490
488767.220000,966,7,34.074074,298.148148,26.046512,227.906977
488768.522000,722,15,25.467372,222.839506,19.467476,170.340411
488776.609000,64,11,2.257496,19.753086,1.725649,15.099427
488777.085000,2614,1,92.204586,806.790123,70.481968,616.717223
488824.396000,1609,8,56.754850,496.604938,43.383889,379.609033
488872.645000,198,5,6.984127,61.111111,5.338726,46.713852
488873.165000,775,12,27.336861,239.197531,20.896528,182.844624
488900.459000,139,9,4.902998,42.901235,3.747893,32.794068
488901.540000,2017,16,71.146384,622.530864,54.384901,475.867880
488904.564000,4481,7,158.059965,1383.024691,120.822380,1057.195821
488996.403000,986,7,34.779541,304.320988,26.585777,232.625548
488996.560000,2236,21,78.871252,690.123457,60.289855,527.536232
488998.731000,236,3,8.324515,72.839506,6.363330,55.679137
489036.377000,3051,3,107.619048,941.666667,82.264914,719.817998
489038.782000,320,3,11.287478,98.765432,8.628244,75.497135
489040.056000,280,21,9.876543,86.419753,7.549714,66.059993
489078.479000,3546,3,125.079365,1094.444444,95.611729,836.602629
489078.835000,1757,9,61.975309,542.283951,47.374452,414.526458
489150.899000,141,16,4.973545,43.518519,3.801820,33.265925
489153.108000,1052,1,37.107584,324.691358,28.365352,248.196832
489154.073000,4374,15,154.285714,1350.000000,117.937310,1031.951466
489249.371000,291,1,10.264550,89.814815,7.846309,68.655207
489250.177000,247,1,8.712522,76.234568,6.659926,58.274351
489250.385000,986,1,34.779541,304.320988,26.585777,232.625548
489263.240000,738,3,26.031746,227.777778,19.898888,174.115268
489268.136000,64,1,2.257496,19.753086,1.725649,15.099427
489268.206000,4656,9,164.232804,1437.037037,125.540950,1098.483316
489284.124000,461,5,16.261023,142.283951,12.430064,108.763060
489285.549000,2961,3,104.444444,913.888889,79.838220,698.584429
489330.151000,3494,1,123.245150,1078.395062,94.209639,824.334344
489330.775000,2658,1,93.756614,820.370370,71.668352,627.098079
489334.692000,2290,2,80.776014,706.790123,61.745871,540.276373
489335.177000,3548,12,125.149912,1095.061728,95.665656,837.074486
489402.473000,49,5,1.728395,15.123457,1.321200,11.560499
489403.569000,2364,16,83.386243,729.629630,63.741153,557.735086
489404.876000,142,20,5.008818,43.827160,3.828783,33.501854
489408.990000,4482,29,158.095238,1383.333333,120.849343,1057.431749
489498.319000,986,14,34.779541,304.320988,26.585777,232.625548
489500.062000,4502,45,158.800705,1389.506173,121.388608,1062.150320
489532.053000,3052,3,107.654321,941.975309,82.291877,720.053927
489532.503000,462,4,16.296296,142.592593,12.457027,108.998989
489642.326000,2377,1,83.844797,733.641975,64.091675,560.802157
489752.625000,2236,63,78.871252,690.123457,60.289855,527.536232
489754.324000,946,17,33.368607,291.975309,25.507246,223.188406
489767.135000,64,3,2.257496,19.753086,1.725649,15.099427
489768.136000,2614,209,92.204586,806.790123,70.481968,616.717223
489782.167000,1360,2,47.971781,419.753086,36.670037,320.862824
489783.375000,2350,13,82.892416,725.308642,63.363667,554.432086
489837.473000,2888,1,101.869489,891.358025,77.869902,681.361645
489837.707000,313,7,11.040564,96.604938,8.439501,73.845635
489838.068000,2658,13,93.756614,820.370370,71.668352,627.098079
489838.708000,2888,2,101.869489,891.358025,77.869902,681.361645
489839.686000,3495,30,123.280423,1078.703704,94.236603,824.570273
489843.106000,3546,5,125.079365,1094.444444,95.611729,836.602629
489895.884000,1306,5,46.067019,403.086420,35.214021,308.122683
489897.775000,2377,12,83.844797,733.641975,64.091675,560.802157
490003.522000,988,10,34.850088,304.938272,26.639703,233.097405
490004.388000,291,46,10.264550,89.814815,7.846309,68.655207
490007.504000,2454,8,86.560847,757.407407,66.167846,578.968655
490008.202000,993,14,35.026455,306.481481,26.774520,234.277048
490008.985000,1596,4,56.296296,492.592593,43.033367,376.541962
490016.759000,5022,12,177.142857,1550.000000,135.409505,1184.833165
490021.769000,2070,4,73.015873,638.888889,55.813953,488.372093
490032.182000,630,16,22.222222,194.444444,16.986855,148.634985
490080.995000,3546,8,125.079365,1094.444444,95.611729,836.602629
490081.464000,266,33,9.382716,82.098765,7.172228,62.756994
490139.511000,1380,1,48.677249,425.925926,37.209302,325.581395
490144.338000,834,232,29.417989,257.407407,22.487361,196.764408
490249.916000,2236,44,78.871252,690.123457,60.289855,527.536232
490271.010000,65,2,2.292769,20.061728,1.752612,15.335356
490284.424000,3052,6,107.654321,941.975309,82.291877,720.053927
490286.542000,44,30,1.552028,13.580247,1.186384,10.380856
490334.629000,1757,6,61.975309,542.283951,47.374452,414.526458
490389.773000,2474,7,87.266314,763.580247,66.707112,583.687226
490394.499000,1155,1,40.740741,356.481481,31.142568,272.497472
490395.180000,2017,15,71.146384,622.530864,54.384901,475.867880
490498.991000,945,18,33.333333,291.666667,25.480283,222.952477
490513.853000,771,2,27.195767,237.962963,20.788675,181.900910
490527.571000,2963,39,104.514991,914.506173,79.892147,699.056286
490578.444000,313,17,11.040564,96.604938,8.439501,73.845635
490648.298000,1560,15,55.026455,481.481481,42.062690,368.048534
490650.743000,2380,12,83.950617,734.567901,64.172565,561.509943
490745.458000,988,29,34.850088,304.938272,26.639703,233.097405
490823.982000,2337,210,82.433862,721.296296,63.013145,551.365015
490894.601000,2018,4,71.181658,622.839506,54.411864,476.103809
490895.949000,1154,8,40.705467,356.172840,31.115605,272.261544
490993.914000,2456,14,86.631393,758.024691,66.221773,579.440512
491014.468000,4660,307,164.373898,1438.271605,125.648804,1099.427031
491015.455000,27,120,0.952381,8.333333,0.728008,6.370071
491027.804000,465,1,16.402116,143.518519,12.537917,109.706775
491032.977000,46,35,1.622575,14.197531,1.240310,10.852713
491079.989000,1758,4,62.010582,542.592593,47.401416,414.762386
491123.450000,1382,7,48.747795,426.543210,37.263229,326.053252
491150.050000,2379,13,83.915344,734.259259,64.145602,561.274014
491243.261000,989,33,34.885362,305.246914,26.666667,233.333333
491278.646000,6351,51,224.021164,1960.185185,171.243680,1498.382204
491281.686000,320,3,11.287478,98.765432,8.628244,75.497135
491327.920000,523,78,18.447972,161.419753,14.101786,123.390630
491329.742000,542,12,19.118166,167.283951,14.614088,127.873273
491396.193000,1561,15,55.061728,481.790123,42.089653,368.284462
491398.332000,2377,10,83.844797,733.641975,64.091675,560.802157
491492.749000,989,1,34.885362,305.246914,26.666667,233.333333
491494.313000,236,2,8.324515,72.839506,6.363330,55.679137
491527.305000,6,20,0.211640,1.851852,0.161780,1.415571
491527.858000,4822,4,170.088183,1488.271605,130.016852,1137.647455
491531.631000,2350,13,82.892416,725.308642,63.363667,554.432086
491532.278000,47,13,1.657848,14.506173,1.267273,11.088642
491631.131000,351,84,12.380952,108.333333,9.464105,82.810920
491745.463000,1453,1,51.252205,448.456790,39.177620,342.804179
491745.968000,7686,8,271.111111,2372.222222,207.239636,1813.346815
491777.376000,3053,51,107.689594,942.283951,82.318841,720.289855
491779.461000,47,6,1.657848,14.506173,1.267273,11.088642
491876.039000,325,1,11.463845,100.308642,8.763060,76.676778
491899.036000,2018,3,71.181658,622.839506,54.411864,476.103809
491993.755000,990,27,34.920635,305.555556,26.693630,233.569262
491998.933000,1977,6,69.735450,610.185185,53.306370,466.430738
492031.148000,464,2,16.366843,143.209877,12.510954,109.470846
492032.560000,18,9,0.634921,5.555556,0.485339,4.246714
492033.514000,48,7,1.693122,14.814815,1.294237,11.324570
492078.322000,3497,24,123.350970,1079.320988,94.290529,825.042130
492078.560000,1949,13,68.747795,601.543210,52.551399,459.824739
492142.870000,49,5,1.728395,15.123457,1.321200,11.560499
492243.250000,4502,51,158.800705,1389.506173,121.388608,1062.150320
492246.535000,1453,115,51.252205,448.456790,39.177620,342.804179
492258.554000,1147,5,40.458554,354.012346,30.926862,270.610044
492280.525000,6,20,0.211640,1.851852,0.161780,1.415571
492324.791000,3176,46,112.028219,980.246914,85.635322,749.309066
492393.319000,49,5,1.728395,15.123457,1.321200,11.560499
492493.542000,990,53,34.920635,305.555556,26.693630,233.569262
492495.628000,1976,9,69.700176,609.876543,53.279407,466.194810
492513.464000,902,84,31.816578,278.395062,24.320863,212.807550
492528.439000,3056,44,107.795414,943.209877,82.399730,720.997641
492530.708000,2351,21,82.927690,725.617284,63.390630,554.668015
492627.799000,5930,63,209.171076,1830.246914,159.892147,1399.056286
492628.610000,3962,81,139.753086,1222.839506,106.828446,934.748905
492643.955000,2019,1,71.216931,623.148148,54.438827,476.339737
492776.806000,464,2,16.366843,143.209877,12.510954,109.470846
492778.675000,50,21,1.763668,15.432099,1.348163,11.796427
492827.025000,313,17,11.040564,96.604938,8.439501,73.845635
492827.441000,2660,5,93.827160,820.987654,71.722278,627.569936
492896.472000,2501,17,88.218695,771.913580,67.435120,590.057297
492896.774000,50,3,1.763668,15.432099,1.348163,11.796427
492897.719000,1307,19,46.102293,403.395062,35.240984,308.358611
493014.043000,4663,3,164.479718,1439.197531,125.729693,1100.134816
493014.302000,1447,3,51.040564,446.604938,39.015841,341.388608
493080.375000,3199,10,112.839506,987.345679,86.255477,754.735423
493083.829000,1759,1,62.045855,542.901235,47.428379,414.998315
493145.660000,2019,1,71.216931,623.148148,54.438827,476.339737
493276.600000,1976,2,69.700176,609.876543,53.279407,466.194810
493325.655000,3499,44,123.421517,1079.938272,94.344456,825.513987
493326.998000,1759,5,62.045855,542.901235,47.428379,414.998315
493379.343000,3027,8,106.772487,934.259259,81.617796,714.155713
493492.689000,1981,7,69.876543,611.419753,53.414223,467.374452
493492.987000,122,19,4.303351,37.654321,3.289518,28.783283
493643.956000,2020,2,71.252205,623.456790,54.465790,476.575666
493746.439000,1981,1,69.876543,611.419753,53.414223,467.374452
493746.804000,2661,7,93.862434,821.296296,71.749242,627.805865
493759.671000,903,19,31.851852,278.703704,24.347826,213.043478
493760.108000,1696,1,59.823633,523.456790,45.729693,400.134816
493764.224000,2609,9,92.028219,805.246914,70.347152,615.537580
493777.864000,18,25,0.634921,5.555556,0.485339,4.246714
493778.181000,283,12,9.982363,87.345679,7.630603,66.767779
493834.231000,3200,9,112.874780,987.654321,86.282440,754.971352
493835.463000,1511,79,53.298060,466.358025,40.741490,356.488035
493839.200000,5617,52,198.130511,1733.641975,151.452646,1325.210650
493895.114000,1542,13,54.391534,475.925926,41.577351,363.801820
493896.710000,4480,1,158.024691,1382.716049,120.795416,1056.959892
493992.699000,293,63,10.335097,90.432099,7.900236,69.127064
493992.851000,949,17,33.474427,292.901235,25.588136,223.896191
494028.103000,283,15,9.982363,87.345679,7.630603,66.767779
494086.736000,781,3,27.548501,241.049383,21.058308,184.260195
494086.947000,999,24,35.238095,308.333333,26.936299,235.692619
494144.951000,788,1,27.795414,243.209877,21.247051,185.911695
494145.129000,2380,1,83.950617,734.567901,64.172565,561.509943
494145.578000,1156,1,40.776014,356.790123,31.169532,272.733401
494263.952000,4665,3,164.550265,1439.814815,125.783620,1100.606673
494333.951000,3526,12,124.373898,1088.271605,95.072464,831.884058
494334.995000,1509,15,53.227513,465.740741,40.687563,356.016178
494400.215000,2381,1,83.985891,734.876543,64.199528,561.745871
494400.607000,2381,1,83.985891,734.876543,64.199528,561.745871
494402.200000,5298,19,186.878307,1635.185185,142.851365,1249.949444
494500.332000,167,56,5.890653,51.543210,4.502865,39.400067
494504.548000,239,58,8.430335,73.765432,6.444220,56.386923
494506.461000,906,23,31.957672,279.629630,24.428716,213.751264
494509.799000,2097,9,73.968254,647.222222,56.541962,494.742164
494512.272000,2616,1,92.275132,807.407407,70.535895,617.189080
494526.419000,4823,17,170.123457,1488.580247,130.043815,1137.883384
494527.813000,2996,16,105.679012,924.691358,80.781935,706.841928
494584.205000,999,33,35.238095,308.333333,26.936299,235.692619
494587.597000,273,141,9.629630,84.259259,7.360971,64.408493
494646.361000,7658,6,270.123457,2363.580247,206.484665,1806.740816
494648.405000,304,14,10.723104,93.827160,8.196832,71.722278
494743.758000,2473,9,87.231041,763.271605,66.680148,583.451298
494744.123000,2162,6,76.261023,667.283951,58.294574,510.077519
494744.551000,169,2,5.961199,52.160494,4.556791,39.871925
494758.992000,2616,1,92.275132,807.407407,70.535895,617.189080
494776.844000,1977,1,69.735450,610.185185,53.306370,466.430738
494834.720000,5619,7,198.201058,1734.259259,151.506572,1325.682508
494895.698000,4484,24,158.165785,1383.950617,120.903269,1057.903606
494992.512000,952,17,33.580247,293.827160,25.669026,224.603977
494993.833000,1983,6,69.947090,612.037037,53.468150,467.846309
495011.498000,2609,9,92.028219,805.246914,70.347152,615.537580
495027.896000,3420,3,120.634921,1055.555556,92.214358,806.875632
495028.516000,6336,14,223.492063,1955.555556,170.839232,1494.843276
495031.681000,20,23,0.705467,6.172840,0.539265,4.718571
495032.604000,48,14,1.693122,14.814815,1.294237,11.324570
495079.112000,3208,222,113.156966,990.123457,86.498146,756.858780
495147.109000,2337,2,82.433862,721.296296,63.013145,551.365015
495244.660000,167,51,5.890653,51.543210,4.502865,39.400067
495247.647000,997,15,35.167549,307.716049,26.882373,235.220762
495397.102000,7685,3,271.075838,2371.913580,207.212673,1813.110886
495398.754000,1160,22,40.917108,358.024691,31.277385,273.677115
495399.509000,1645,27,58.024691,507.716049,44.354567,388.102460
495494.345000,991,12,34.955908,305.864198,26.720593,233.805190
495494.396000,294,8,10.370370,90.740741,7.927199,69.362993
495527.182000,328,3,11.569665,101.234568,8.843950,77.384564
495529.285000,50,10,1.763668,15.432099,1.348163,11.796427
495529.586000,283,8,9.982363,87.345679,7.630603,66.767779
495530.404000,124,25,4.373898,38.271605,3.343445,29.255140
495650.790000,2339,1,82.504409,721.913580,63.067071,551.836872
495650.954000,2020,1,71.252205,623.456790,54.465790,476.575666
495652.903000,2020,1,71.252205,623.456790,54.465790,476.575666
495743.976000,170,2,5.996473,52.469136,4.583755,40.107853
495744.084000,1551,4,54.708995,478.703704,41.820020,365.925177
495745.207000,2475,9,87.301587,763.888889,66.734075,583.923155
495747.151000,2509,2,88.500882,774.382716,67.650826,591.944725
495748.190000,997,15,35.167549,307.716049,26.882373,235.220762
495775.961000,2610,9,92.063492,805.555556,70.374115,615.773509
495777.609000,50,12,1.763668,15.432099,1.348163,11.796427
495992.672000,991,26,34.955908,305.864198,26.720593,233.805190
495994.226000,1984,1,69.982363,612.345679,53.495113,468.082238
496013.629000,2101,67,74.109347,648.456790,56.649815,495.685878
496017.253000,928,19,32.733686,286.419753,25.021908,218.941692
496027.510000,3420,9,120.634921,1055.555556,92.214358,806.875632
496030.252000,284,14,10.017637,87.654321,7.657567,67.003707
496031.154000,5917,3,208.712522,1826.234568,159.541625,1395.989215
496086.080000,125,20,4.409171,38.580247,3.370408,29.491068
496152.089000,4484,7,158.165785,1383.950617,120.903269,1057.903606
496152.343000,1161,94,40.952381,358.333333,31.304348,273.913043
496245.099000,910,15,32.098765,280.864198,24.536569,214.694978
496245.582000,239,4,8.430335,73.765432,6.444220,56.386923
496261.888000,1150,1,40.564374,354.938272,31.007752,271.317829
496277.229000,2509,2,88.500882,774.382716,67.650826,591.944725
496333.999000,3208,355,113.156966,990.123457,86.498146,756.858780
496337.885000,125,18,4.409171,38.580247,3.370408,29.491068
496400.468000,731,5,25.784832,225.617284,19.710145,172.463768
496401.572000,7013,104,247.372134,2164.506173,189.093360,1654.566903
496402.037000,7673,25,270.652557,2368.209877,206.889114,1810.279744
496406.628000,1161,31,40.952381,358.333333,31.304348,273.913043
496492.495000,220,1,7.760141,67.901235,5.931918,51.904280
496493.866000,956,17,33.721340,295.061728,25.776879,225.547691
496516.539000,2102,4,74.144621,648.765432,56.676778,495.921807
496521.618000,929,13,32.768959,286.728395,25.048871,219.177620
496526.948000,1150,6,40.564374,354.938272,31.007752,271.317829
496528.834000,22,2,0.776014,6.790123,0.593192,5.190428
496529.744000,53,24,1.869489,16.358025,1.429053,12.504213
496530.176000,286,14,10.088183,88.271605,7.711493,67.475565
496586.750000,2379,14,83.915344,734.259259,64.145602,561.274014
496586.821000,125,4,4.409171,38.580247,3.370408,29.491068
496631.136000,2191,26,77.283951,676.234568,59.076508,516.919447
496649.930000,1542,21,54.391534,475.925926,41.577351,363.801820
496650.689000,7673,1,270.652557,2368.209877,206.889114,1810.279744
496748.357000,1455,106,51.322751,449.074074,39.231547,343.276036
496749.111000,2469,1,87.089947,762.037037,66.572295,582.507583
496749.460000,911,21,32.134039,281.172840,24.563532,214.930907
496749.597000,3723,9,131.322751,1149.074074,100.384226,878.361982
496765.179000,7667,6,270.440917,2366.358025,206.727334,1808.864173
496772.601000,2612,35,92.134039,806.172840,70.428042,616.245366
496772.885000,929,17,32.768959,286.728395,25.048871,219.177620
496777.361000,3420,9,120.634921,1055.555556,92.214358,806.875632
496777.804000,4937,10,174.144621,1523.765432,133.117627,1164.779238
496780.209000,2555,10,90.123457,788.580247,68.891136,602.797438
496780.433000,23,9,0.811287,7.098765,0.620155,5.426357
496829.695000,7606,14,268.289242,2347.530864,205.082575,1794.472531
496832.045000,125,21,4.409171,38.580247,3.370408,29.491068
496905.119000,4485,1,158.201058,1384.259259,120.930233,1058.139535
496905.187000,1161,42,40.952381,358.333333,31.304348,273.913043
496905.567000,2385,3,84.126984,736.111111,64.307381,562.689585
496992.751000,219,2,7.724868,67.592593,5.904954,51.668352
496993.075000,2242,32,79.082892,691.975309,60.451635,528.951803
496996.047000,997,6,35.167549,307.716049,26.882373,235.220762
497016.421000,2612,18,92.134039,806.172840,70.428042,616.245366
497028.204000,53,15,1.869489,16.358025,1.429053,12.504213
497152.559000,2386,8,84.162257,736.419753,64.334344,562.925514
497242.622000,2476,11,87.336861,764.197531,66.761038,584.159083
497243.446000,219,2,7.724868,67.592593,5.904954,51.668352
497247.794000,3723,17,131.322751,1149.074074,100.384226,878.361982
497276.657000,24,25,0.846561,7.407407,0.647118,5.662285
497277.525000,1180,6,41.622575,364.197531,31.816650,278.395686
497326.360000,266,119,9.382716,82.098765,7.172228,62.756994
497381.006000,2193,25,77.354497,676.851852,59.130435,517.391304
497383.850000,2526,6,89.100529,779.629630,68.109201,595.955511
497429.289000,1307,28,46.102293,403.395062,35.240984,308.358611
497429.907000,2021,2,71.287478,623.765432,54.492754,476.811594
497493.980000,2242,42,79.082892,691.975309,60.451635,528.951803
497496.022000,1986,1,70.052910,612.962963,53.549039,468.554095
497522.576000,2613,12,92.169312,806.481481,70.455005,616.481294
497527.153000,3422,10,120.705467,1056.172840,92.268284,807.347489
497629.325000,3965,725,139.858907,1223.765432,106.909336,935.456690
497744.404000,226,2,7.971781,69.753086,6.093697,53.319852
497746.243000,2664,1,93.968254,822.222222,71.830131,628.513650
497746.946000,1594,2,56.225750,491.975309,42.979441,376.070104
497764.097000,905,79,31.922399,279.320988,24.401753,213.515335
497765.128000,7667,8,270.440917,2366.358025,206.727334,1808.864173
497773.288000,929,19,32.768959,286.728395,25.048871,219.177620
497773.913000,2616,690,92.275132,807.407407,70.535895,617.189080
497774.359000,2459,1,86.737213,758.950617,66.302663,580.148298
497777.006000,1977,7,69.735450,610.185185,53.306370,466.430738
497779.636000,23,24,0.811287,7.098765,0.620155,5.426357
497902.588000,1161,19,40.952381,358.333333,31.304348,273.913043
498028.073000,2694,1,95.026455,831.481481,72.639029,635.591507
498078.149000,7686,25,271.111111,2372.222222,207.239636,1813.346815
498158.627000,1161,28,40.952381,358.333333,31.304348,273.913043
498159.237000,4484,21,158.165785,1383.950617,120.903269,1057.903606
498243.030000,2475,8,87.301587,763.888889,66.734075,583.923155
498244.003000,2743,1,96.754850,846.604938,73.960229,647.152005
498260.218000,2610,9,92.063492,805.555556,70.374115,615.773509
498276.483000,24,14,0.846561,7.407407,0.647118,5.662285
498331.777000,784,36,27.654321,241.975309,21.139198,184.967981
498332.565000,2542,114,89.664903,784.567901,68.540613,599.730367
498377.921000,2193,154,77.354497,676.851852,59.130435,517.391304
498492.987000,2475,5,87.301587,763.888889,66.734075,583.923155
498494.557000,2743,3,96.754850,846.604938,73.960229,647.152005
498509.959000,2457,2,86.666667,758.333333,66.248736,579.676441
498527.072000,751,12,26.490300,231.790123,20.249410,177.182339
498626.756000,2194,21,77.389771,677.160494,59.157398,517.627233
498743.908000,297,4,10.476190,91.666667,8.008089,70.070779
498744.732000,2475,8,87.301587,763.888889,66.734075,583.923155
498746.705000,3125,1,110.229277,964.506173,84.260195,737.276710
498761.381000,7667,5,270.440917,2366.358025,206.727334,1808.864173
498762.224000,907,14,31.992945,279.938272,24.455679,213.987192
498776.954000,58,1,2.045855,17.901235,1.563869,13.683856
498778.637000,25,24,0.881834,7.716049,0.674082,5.898214
498878.927000,2251,60,79.400353,694.753086,60.694304,531.075160
498882.369000,2527,54,89.135802,779.938272,68.136164,596.191439
498898.547000,1308,4,46.137566,403.703704,35.267947,308.594540
499014.398000,2101,1,74.109347,648.456790,56.649815,495.685878
499019.604000,934,21,32.945326,288.271605,25.183687,220.357263
499029.616000,2466,31,86.984127,761.111111,66.491405,581.799798
499032.694000,752,12,26.525573,232.098765,20.276373,177.418268
499083.076000,3202,2,112.945326,988.271605,86.336367,755.443209
499084.321000,783,7,27.619048,241.666667,21.112235,184.732053
499150.511000,4310,6,152.028219,1330.246914,116.211662,1016.852039
499154.583000,4483,22,158.130511,1383.641975,120.876306,1057.667678
499242.879000,1339,4,47.231041,413.271605,36.103809,315.908325
499243.269000,3125,1,110.229277,964.506173,84.260195,737.276710
499266.575000,7667,8,270.440917,2366.358025,206.727334,1808.864173
499267.053000,3010,1,106.172840,929.012346,81.159420,710.144928
499267.491000,2101,4,74.109347,648.456790,56.649815,495.685878
499276.746000,2618,52,92.345679,808.024691,70.589821,617.660937
499277.537000,373,3,13.156966,115.123457,10.057297,88.001348
499283.306000,3422,36,120.705467,1056.172840,92.268284,807.347489
499333.501000,965,13,34.038801,297.839506,26.019548,227.671048
499334.710000,3751,7,132.310406,1157.716049,101.139198,884.967981
499337.211000,268,144,9.453263,82.716049,7.226154,63.228851
499338.282000,1615,303,56.966490,498.456790,43.545669,381.024604
499398.398000,1308,3,46.137566,403.703704,35.267947,308.594540
499398.778000,4311,5,152.063492,1330.555556,116.238625,1017.087968
499401.411000,2848,1,100.458554,879.012346,76.791372,671.924503
499402.024000,4380,9,154.497354,1351.851852,118.099090,1033.367037
499493.451000,2507,1,88.430335,773.765432,67.596899,591.472868
499495.156000,913,20,32.204586,281.790123,24.617459,215.402764
499513.315000,7667,9,270.440917,2366.358025,206.727334,1808.864173
499518.528000,1944,4,68.571429,600.000000,52.416582,458.645096
499526.658000,1366,1,48.183422,421.604938,36.831817,322.278396
499527.617000,2535,4,89.417989,782.407407,68.351871,598.078868
499584.700000,3202,67,112.945326,988.271605,86.336367,755.443209
499588.437000,266,22,9.382716,82.098765,7.172228,62.756994
499589.385000,2939,9,103.668430,907.098765,79.245029,693.394001
499589.763000,1618,2,57.072310,499.382716,43.626559,381.732390
499651.703000,1309,2,46.172840,404.012346,35.294911,308.830468
499655.705000,4485,27,158.201058,1384.259259,120.930233,1058.139535
499745.581000,2482,46,87.548501,766.049383,66.922818,585.574655
499748.540000,1988,2,70.123457,613.580247,53.602966,469.025952
499765.788000,3307,2,116.649030,1020.679012,89.167509,780.215706
499766.662000,2619,68,92.380952,808.333333,70.616785,617.896866
499776.934000,61,18,2.151675,18.827160,1.644759,14.391641
499777.304000,1978,6,69.770723,610.493827,53.333333,466.666667
499777.934000,1150,6,40.564374,354.938272,31.007752,271.317829
499877.212000,2251,21,79.400353,694.753086,60.694304,531.075160
499895.307000,4312,4,152.098765,1330.864198,116.265588,1017.323896
499992.936000,298,24,10.511464,91.975309,8.035052,70.306707
499993.689000,1002,7,35.343915,309.259259,27.017189,236.400404
499995.139000,2845,1,100.352734,878.086420,76.710482,671.216717
499995.543000,3126,1,110.264550,964.814815,84.287159,737.512639
500014.842000,3010,3,106.172840,929.012346,81.159420,710.144928
500019.429000,2457,101,86.666667,758.333333,66.248736,579.676441
500028.098000,2535,19,89.417989,782.407407,68.351871,598.078868
500029.035000,2563,3,90.405644,791.049383,69.106842,604.684867
500086.642000,1246,3,43.950617,384.567901,33.596225,293.966970
500127.859000,2251,9,79.400353,694.753086,60.694304,531.075160
500156.549000,4485,19,158.201058,1384.259259,120.930233,1058.139535
500156.793000,2387,6,84.197531,736.728395,64.361308,563.161443
500242.985000,1002,14,35.343915,309.259259,27.017189,236.400404
500244.538000,1002,16,35.343915,309.259259,27.017189,236.400404
500261.128000,2661,30,93.862434,821.296296,71.749242,627.805865
500276.576000,2992,1,105.537919,923.456790,80.674082,705.898214
500333.294000,2809,155,99.082892,866.975309,75.739805,662.723290
500335.954000,3636,19,128.253968,1122.222222,98.038423,857.836198
500336.688000,2939,9,103.668430,907.098765,79.245029,693.394001
500396.173000,7013,761,247.372134,2164.506173,189.093360,1654.566903
500500.114000,3731,68,131.604938,1151.543210,100.599933,880.249410
500527.495000,1338,1,47.195767,412.962963,36.076845,315.672396
500576.495000,1248,1,44.021164,385.185185,33.650152,294.438827
500649.132000,7659,3,270.158730,2363.888889,206.511628,1806.976744
500650.121000,4231,31,149.241623,1305.864198,114.081564,998.213684
500652.083000,4486,1,158.236332,1384.567901,120.957196,1058.375463
500752.595000,2482,49,87.548501,766.049383,66.922818,585.574655
500754.668000,1338,3,47.195767,412.962963,36.076845,315.672396
500762.630000,7668,5,270.476190,2366.666667,206.754297,1809.100101
500766.599000,5326,18,187.865961,1643.827160,143.606336,1256.555443
500776.575000,26,25,0.917108,8.024691,0.701045,6.134142
500778.699000,763,73,26.913580,235.493827,20.572969,180.013482
500877.264000,3968,67,139.964727,1224.691358,106.990226,936.164476
501001.334000,2471,142,87.160494,762.654321,66.626222,582.979441
501011.302000,2662,3,93.897707,821.604938,71.776205,628.041793
501027.925000,4941,6,174.285714,1525.000000,133.225480,1165.722952
501148.109000,2021,1,71.287478,623.765432,54.492754,476.811594
501149.533000,2852,5,100.599647,880.246914,76.899225,672.868217
501150.345000,2388,6,84.232804,737.037037,64.388271,563.397371
501150.418000,4487,18,158.271605,1384.876543,120.984159,1058.611392
501250.446000,961,7,33.897707,296.604938,25.911695,226.727334
501251.340000,4936,2,174.109347,1523.456790,133.090664,1164.543310
501253.501000,2507,1,88.430335,773.765432,67.596899,591.472868
501276.679000,1978,4,69.770723,610.493827,53.333333,466.666667
501277.778000,2563,3,90.405644,791.049383,69.106842,604.684867
501338.086000,1248,10,44.021164,385.185185,33.650152,294.438827
501401.109000,2022,1,71.322751,624.074074,54.519717,477.047523
501403.251000,4487,14,158.271605,1384.876543,120.984159,1058.611392
501510.947000,4541,6,160.176367,1401.543210,122.440175,1071.351534
501513.213000,241,10,8.500882,74.382716,6.498146,56.858780
501527.960000,190,31,6.701940,58.641975,5.123020,44.826424
501581.646000,1976,3,69.700176,609.876543,53.279407,466.194810
501581.717000,270,6,9.523810,83.333333,7.280081,63.700708
501582.019000,3201,237,112.910053,987.962963,86.309403,755.207280
501585.708000,540,244,19.047619,166.666667,14.560162,127.401416
501753.858000,1553,3,54.779541,479.320988,41.873947,366.397034
501755.263000,2810,83,99.118166,867.283951,75.766768,662.959218
501763.614000,2662,2,93.897707,821.604938,71.776205,628.041793
501764.878000,7441,41,262.469136,2296.604938,200.633637,1755.544321
501777.046000,1979,6,69.805996,610.802469,53.360297,466.902595
501778.797000,27,30,0.952381,8.333333,0.728008,6.370071
501826.897000,270,14,9.523810,83.333333,7.280081,63.700708
501873.729000,2269,9,80.035273,700.308642,61.179643,535.321874
501894.294000,7660,13,270.194004,2364.197531,206.538591,1807.212673
501998.470000,962,16,33.932981,296.913580,25.938659,226.963263
502000.120000,3743,67,132.028219,1155.246914,100.923492,883.080553
502018.537000,5328,37,187.936508,1644.444444,143.660263,1257.027300
502019.434000,4843,48,170.828924,1494.753086,130.583081,1142.601955
502019.561000,7508,3,264.832451,2317.283951,202.440175,1771.351534
502030.411000,2563,3,90.405644,791.049383,69.106842,604.684867
502143.490000,2023,2,71.358025,624.382716,54.546680,477.283451
502144.318000,4489,1,158.342152,1385.493827,121.038086,1059.083249
502254.321000,1340,9,47.266314,413.580247,36.130772,316.144253
502277.154000,2287,15,80.670194,705.864198,61.664981,539.568588
502325.975000,120,20,4.232804,37.037037,3.235592,28.311426
502382.233000,1695,88,59.788360,523.148148,45.702730,399.898888
502398.229000,7659,1,270.158730,2363.888889,206.511628,1806.976744
502400.015000,2851,1,100.564374,879.938272,76.872262,672.632289
502401.207000,7671,17,270.582011,2367.592593,206.835187,1809.807887
502511.426000,5342,11,188.430335,1648.765432,144.037749,1260.330300
502527.439000,2563,3,90.405644,791.049383,69.106842,604.684867
502528.135000,3056,3,107.795414,943.209877,82.399730,720.997641
502581.242000,1058,24,37.319224,326.543210,28.527132,249.612403
502633.913000,2257,61,79.611993,696.604938,60.856084,532.490731
502645.299000,4489,11,158.342152,1385.493827,121.038086,1059.083249
502646.065000,4382,5,154.567901,1352.469136,118.153017,1033.838895
502777.001000,1979,12,69.805996,610.802469,53.360297,466.902595
502829.189000,2001,27,70.582011,617.592593,53.953488,472.093023
502878.402000,2257,27,79.611993,696.604938,60.856084,532.490731
502880.103000,2258,35,79.647266,696.913580,60.883047,532.726660
502895.528000,7659,5,270.158730,2363.888889,206.511628,1806.976744
502897.093000,2854,3,100.670194,880.864198,76.953151,673.340074
503004.132000,2811,38,99.153439,867.592593,75.793731,663.195147
503010.659000,7237,3,255.273369,2233.641975,195.133131,1707.414897
503014.058000,1947,1,68.677249,600.925926,52.497472,459.352882
503131.512000,2259,31,79.682540,697.222222,60.910010,532.962588
503135.340000,2579,25,90.970018,795.987654,69.538254,608.459724
503144.445000,2388,1,84.232804,737.037037,64.388271,563.397371
503264.578000,120,1,4.232804,37.037037,3.235592,28.311426
503265.794000,7512,11,264.973545,2318.518519,202.548028,1772.295248
503277.390000,2355,16,83.068783,726.851852,63.498483,555.611729
503327.674000,2939,9,103.668430,907.098765,79.245029,693.394001
503398.791000,7660,6,270.194004,2364.197531,206.538591,1807.212673
503400.145000,4489,4,158.342152,1385.493827,121.038086,1059.083249
503505.574000,3755,79,132.451499,1158.950617,101.247051,885.911695
503521.246000,2665,16,94.003527,822.530864,71.857095,628.749579
503521.793000,61,3,2.151675,18.827160,1.644759,14.391641
503526.772000,2564,1,90.440917,791.358025,69.133805,604.920795
503573.934000,2073,8,73.121693,639.814815,55.894843,489.079879
503628.926000,2259,23,79.682540,697.222222,60.910010,532.962588
503646.987000,2389,7,84.268078,737.345679,64.415234,563.633300
503648.227000,4492,17,158.447972,1386.419753,121.118975,1059.791035
503751.401000,2816,13,99.329806,869.135802,75.928547,664.374789
503780.951000,2354,17,83.033510,726.543210,63.471520,555.375800
503875.183000,2258,27,79.647266,696.913580,60.883047,532.726660
503894.612000,167,10,5.890653,51.543210,4.502865,39.400067
503895.786000,2389,1,84.268078,737.345679,64.415234,563.633300
503998.398000,1552,4,54.744268,479.012346,41.846983,366.161105
504013.183000,2217,12,78.201058,684.259259,59.777553,523.053589
504018.939000,122,1,4.303351,37.654321,3.289518,28.783283
504028.315000,2802,241,98.835979,864.814815,75.551062,661.071790
504080.347000,2003,23,70.652557,618.209877,54.007415,472.564880
504132.145000,1698,8,59.894180,524.074074,45.783620,400.606673
504137.662000,861,6,30.370370,265.740741,23.215369,203.134479
504145.334000,2389,6,84.268078,737.345679,64.415234,563.633300
504264.858000,7686,1,271.111111,2372.222222,207.239636,1813.346815
504271.745000,127,13,4.479718,39.197531,3.424334,29.962926
504397.213000,2082,5,73.439153,642.592593,56.137513,491.203236
504503.973000,1534,1,54.109347,473.456790,41.361645,361.914392
504505.751000,964,17,34.003527,297.530864,25.992585,227.435120
504526.831000,64,10,2.257496,19.753086,1.725649,15.099427
504527.926000,4944,78,174.391534,1525.925926,133.306370,1166.430738
504577.965000,1445,2,50.970018,445.987654,38.961914,340.916751
504645.389000,7325,13,258.377425,2260.802469,197.505898,1728.176609
504646.883000,2389,6,84.268078,737.345679,64.415234,563.633300
504777.196000,1152,1,40.634921,355.555556,31.061678,271.789687
504825.691000,2006,7,70.758377,619.135802,54.088305,473.272666
504895.374000,2390,1,84.303351,737.654321,64.442198,563.869228
504896.642000,316,27,11.146384,97.530864,8.520391,74.553421
504995.867000,117,14,4.126984,36.111111,3.154702,27.603640
505015.415000,4848,94,171.005291,1496.296296,130.717897,1143.781598
505027.729000,4946,3,174.462081,1526.543210,133.360297,1166.902595
505029.211000,2355,7,83.068783,726.851852,63.498483,555.611729
505124.874000,2259,41,79.682540,697.222222,60.910010,532.962588
505144.980000,4493,13,158.483245,1386.728395,121.145939,1060.026963
505146.236000,2390,1,84.303351,737.654321,64.442198,563.869228
505250.928000,117,27,4.126984,36.111111,3.154702,27.603640
505276.687000,3326,2,117.319224,1026.543210,89.679811,784.698349
505278.000000,2802,62,98.835979,864.814815,75.551062,661.071790
505279.760000,21,11,0.740741,6.481481,0.566229,4.954499
505372.959000,4231,21,149.241623,1305.864198,114.081564,998.213684
505394.713000,279,14,9.841270,86.111111,7.522750,65.824065
505395.415000,2390,3,84.303351,737.654321,64.442198,563.869228
505497.870000,1732,11,61.093474,534.567901,46.700371,408.628244
505527.206000,1153,1,40.670194,355.864198,31.088642,272.025615
505529.100000,2359,41,83.209877,728.086420,63.606336,556.555443
505543.293000,20,10,0.705467,6.172840,0.539265,4.718571
505641.584000,2025,190,71.428571,625.000000,54.600607,477.755308
505645.878000,3648,4,128.677249,1125.925926,98.361982,860.667341
505748.964000,2275,14,80.246914,702.160494,61.341422,536.737445
505762.755000,7666,64,270.405644,2366.049383,206.700371,1808.628244
505768.217000,4026,16,142.010582,1242.592593,108.554095,949.848332
505777.588000,1920,33,67.724868,592.592593,51.769464,452.982811
505828.680000,1063,9,37.495591,328.086420,28.661948,250.792046
505874.856000,1715,69,60.493827,529.320988,46.241995,404.617459
505875.183000,852,7,30.052910,262.962963,22.972700,201.011122
505892.423000,7660,16,270.194004,2364.197531,206.538591,1807.212673
505894.256000,2391,4,84.338624,737.962963,64.469161,564.105157
505997.882000,968,9,34.144621,298.765432,26.100438,228.378834
506030.549000,1154,1,40.705467,356.172840,31.115605,272.261544
506031.602000,406,2,14.320988,125.308642,10.947085,95.786990
506122.622000,2260,51,79.717813,697.530864,60.936973,533.198517
506141.852000,2528,239,89.171076,780.246914,68.163128,596.427368
506143.891000,280,13,9.876543,86.419753,7.549714,66.059993
506260.764000,775,23,27.336861,239.197531,20.896528,182.844624
506285.107000,1154,6,40.705467,356.172840,31.115605,272.261544
506287.740000,2566,16,90.511464,791.975309,69.187732,605.392653
506326.060000,557,10,19.647266,171.913580,15.018537,131.412201
506373.964000,2261,55,79.753086,697.839506,60.963937,533.434446
506584.912000,789,32,27.830688,243.518519,21.274014,186.147624
506640.553000,2391,1,84.338624,737.962963,64.469161,564.105157
506641.790000,3649,27,128.712522,1126.234568,98.388945,860.903269
506750.508000,4504,9,158.871252,1390.123457,121.442535,1062.622177
506764.764000,3040,1,107.231041,938.271605,81.968318,717.222784
506765.980000,906,10,31.957672,279.629630,24.428716,213.751264
506771.557000,4027,95,142.045855,1242.901235,108.581058,950.084260
506784.862000,2381,12,83.985891,734.876543,64.199528,561.745871
506825.603000,559,1,19.717813,172.530864,15.072464,131.884058
506826.784000,1076,100,37.954145,332.098765,29.012471,253.859117
506871.432000,2261,55,79.753086,697.839506,60.963937,533.434446
506890.682000,1170,9,41.269841,361.111111,31.547017,276.036400
507000.089000,243,40,8.571429,75.000000,6.552073,57.330637
507031.181000,65,19,2.292769,20.061728,1.752612,15.335356
507141.540000,168,1,5.925926,51.851852,4.529828,39.635996
507253.178000,967,17,34.109347,298.456790,26.073475,228.142905
507255.876000,3753,214,132.380952,1158.333333,101.193124,885.439838
507258.526000,3040,4,107.231041,938.271605,81.968318,717.222784
507328.582000,791,17,27.901235,244.135802,21.327941,186.619481
507399.619000,3649,28,128.712522,1126.234568,98.388945,860.903269
507501.954000,4504,9,158.871252,1390.123457,121.442535,1062.622177
507509.696000,906,8,31.957672,279.629630,24.428716,213.751264
507530.197000,1154,18,40.705467,356.172840,31.115605,272.261544
507531.225000,64,10,2.257496,19.753086,1.725649,15.099427
507578.585000,1065,12,37.566138,328.703704,28.715875,251.263903
507641.442000,4157,16,146.631393,1283.024691,112.086282,980.754971
507641.504000,7660,3,270.194004,2364.197531,206.538591,1807.212673
507642.145000,168,1,5.925926,51.851852,4.529828,39.635996
507747.595000,4547,3,160.388007,1403.395062,122.601955,1072.767105
507828.640000,563,1,19.858907,173.765432,15.180317,132.827772
507828.808000,1065,25,37.566138,328.703704,28.715875,251.263903
507891.600000,4157,58,146.631393,1283.024691,112.086282,980.754971
508036.871000,19,26,0.670194,5.864198,0.512302,4.482642
508140.559000,168,43,5.925926,51.851852,4.529828,39.635996
508144.221000,1126,14,39.717813,347.530864,30.360634,265.655544
508329.131000,1066,5,37.601411,329.012346,28.742838,251.499831
508330.539000,6328,60,223.209877,1953.086420,170.623525,1492.955848
508392.126000,2043,76,72.063492,630.555556,55.085945,482.002022
508395.216000,1126,14,39.717813,347.530864,30.360634,265.655544
508508.112000,7671,1,270.582011,2367.592593,206.835187,1809.807887
508532.892000,2290,8,80.776014,706.790123,61.745871,540.276373
508575.708000,1066,5,37.601411,329.012346,28.742838,251.499831
508621.609000,1077,8,37.989418,332.407407,29.039434,254.095046
508640.987000,2398,5,84.585538,740.123457,64.657904,565.756657
508753.193000,205,3,7.231041,63.271605,5.527469,48.365352
508753.978000,971,17,34.250441,299.691358,26.181328,229.086619
508755.747000,3039,7,107.195767,937.962963,81.941355,716.986855
508783.493000,2290,8,80.776014,706.790123,61.745871,540.276373
508784.667000,287,32,10.123457,88.580247,7.738456,67.711493
508785.159000,764,8,26.948854,235.802469,20.599933,180.249410
508825.113000,2450,5,86.419753,756.172840,66.059993,578.024941
508892.073000,7327,15,258.447972,2261.419753,197.559825,1728.648466
508894.483000,305,13,10.758377,94.135802,8.223795,71.958207
508895.329000,1171,5,41.305115,361.419753,31.573980,276.272329
509142.313000,2398,1,84.585538,740.123457,64.657904,565.756657
509247.463000,4547,1,160.388007,1403.395062,122.601955,1072.767105
509297.084000,21,24,0.740741,6.481481,0.566229,4.954499
509329.008000,234,37,8.253968,72.222222,6.309403,55.207280
509330.019000,565,2,19.929453,174.382716,15.234243,133.299629
509371.994000,1380,2,48.677249,425.925926,37.209302,325.581395
509497.569000,3566,1,125.784832,1100.617284,96.150994,841.321200
509544.750000,319,54,11.252205,98.456790,8.601281,75.261207
509751.256000,3753,76,132.380952,1158.333333,101.193124,885.439838
509759.701000,913,3,32.204586,281.790123,24.617459,215.402764
509763.030000,950,10,33.509700,293.209877,25.615099,224.132120
509891.971000,2399,3,84.620811,740.432099,64.684867,565.992585
509892.097000,1130,1,39.858907,348.765432,30.468487,266.599259
509893.637000,4499,17,158.694885,1388.580247,121.307718,1061.442535
509894.202000,2399,4,84.620811,740.432099,64.684867,565.992585
510002.956000,4505,3,158.906526,1390.432099,121.469498,1062.858106
510039.882000,200,391,7.054674,61.728395,5.392653,47.185709
510041.035000,1991,10,70.229277,614.506173,53.683856,469.733738
510044.842000,7351,137,259.294533,2268.827160,198.206943,1734.310752
510146.465000,170,37,5.996473,52.469136,4.583755,40.107853
510252.270000,976,21,34.426808,301.234568,26.316144,230.266262
510262.741000,2478,21,87.407407,764.814815,66.814965,584.630940
510286.417000,2961,31,104.444444,913.888889,79.838220,698.584429
510289.538000,21,7,0.740741,6.481481,0.566229,4.954499
510289.864000,321,63,11.322751,99.074074,8.655207,75.733064
510322.736000,236,18,8.324515,72.839506,6.363330,55.679137
510323.829000,7683,8,271.005291,2371.296296,207.158746,1812.639029
510326.746000,545,4,19.223986,168.209877,14.694978,128.581058
510401.677000,4499,22,158.694885,1388.580247,121.307718,1061.442535
510495.922000,4548,8,160.423280,1403.703704,122.628918,1073.003033
510496.279000,1458,1025,51.428571,450.000000,39.312437,343.983822
510547.131000,1992,12,70.264550,614.814815,53.710819,469.969666
510572.348000,236,26,8.324515,72.839506,6.363330,55.679137
510572.807000,3493,10,123.209877,1078.086420,94.182676,824.098416
510575.087000,545,28,19.223986,168.209877,14.694978,128.581058
510645.825000,2399,4,84.620811,740.432099,64.684867,565.992585
510646.250000,1131,1,39.894180,349.074074,30.495450,266.835187
510782.953000,21,7,0.740741,6.481481,0.566229,4.954499
510823.149000,3493,4,123.209877,1078.086420,94.182676,824.098416
510826.262000,546,27,19.259259,168.518519,14.721941,128.816987
510893.454000,4499,7,158.694885,1388.580247,121.307718,1061.442535
511032.065000,2916,1,102.857143,900.000000,78.624874,687.967644
511072.937000,2006,7,70.758377,619.135802,54.088305,473.272666
511073.269000,3501,3,123.492063,1080.555556,94.398382,825.985844
511147.474000,1131,1,39.894180,349.074074,30.495450,266.835187
511148.042000,1173,44,41.375661,362.037037,31.627907,276.744186
511246.535000,4548,7,160.423280,1403.703704,122.628918,1073.003033
511282.280000,329,43,11.604938,101.543210,8.870913,77.620492
511283.738000,2916,4,102.857143,900.000000,78.624874,687.967644
511399.483000,2399,4,84.620811,740.432099,64.684867,565.992585
511514.298000,5453,14,192.345679,1683.024691,147.030671,1286.518369
511531.888000,22,12,0.776014,6.790123,0.593192,5.190428
511573.457000,1083,2,38.201058,334.259259,29.201213,255.510617
511651.038000,1578,28,55.661376,487.037037,42.548028,372.295248
511653.163000,480,2,16.931217,148.148148,12.942366,113.245703
511653.296000,7681,3,270.934744,2370.679012,207.104820,1812.167172
511654.369000,3651,12,128.783069,1126.851852,98.442872,861.375126
511768.501000,2477,1,87.372134,764.506173,66.788001,584.395012
511783.732000,1371,1,48.359788,423.148148,36.966633,323.458038
511786.219000,2917,9,102.892416,900.308642,78.651837,688.203573
511786.510000,21,6,0.740741,6.481481,0.566229,4.954499
511786.749000,7351,172,259.294533,2268.827160,198.206943,1734.310752
511871.451000,1031,7,36.366843,318.209877,27.799124,243.242332
511899.545000,2497,5,88.077601,770.679012,67.327267,589.113583
511900.499000,2398,5,84.585538,740.123457,64.657904,565.756657
511900.932000,480,6,16.931217,148.148148,12.942366,113.245703
512016.379000,779,61,27.477954,240.432099,21.004382,183.788338
512035.359000,2293,2,80.881834,707.716049,61.826761,540.984159
512144.793000,480,6,16.931217,148.148148,12.942366,113.245703
512145.287000,2398,1,84.585538,740.123457,64.657904,565.756657
512263.764000,5112,15,180.317460,1577.777778,137.836198,1206.066734
512285.293000,1992,12,70.264550,614.814815,53.710819,469.969666
512286.989000,764,4,26.948854,235.802469,20.599933,180.249410
512287.609000,22,24,0.776014,6.790123,0.593192,5.190428
512322.409000,2008,5,70.828924,619.753086,54.142231,473.744523
512392.712000,1133,1,39.964727,349.691358,30.549376,267.307044
512503.907000,977,14,34.462081,301.543210,26.343108,230.502191
512513.857000,5583,4,196.931217,1723.148148,150.535895,1317.189080
512519.138000,2479,100,87.442681,765.123457,66.841928,584.866869
512750.530000,245,6,8.641975,75.617284,6.605999,57.802494
512782.176000,2917,1,102.892416,900.308642,78.651837,688.203573
512894.983000,1306,5,46.067019,403.086420,35.214021,308.122683
512896.546000,3652,11,128.818342,1127.160494,98.469835,861.611055
513003.905000,1462,35,51.569665,451.234568,39.420290,344.927536
513012.970000,2480,14,87.477954,765.432099,66.868891,585.102797
513034.310000,7351,109,259.294533,2268.827160,198.206943,1734.310752
513034.808000,2917,9,102.892416,900.308642,78.651837,688.203573
513281.884000,2292,3,80.846561,707.407407,61.799798,540.748231
513283.784000,765,26,26.984127,236.111111,20.626896,180.485339
513322.353000,3502,2,123.527337,1080.864198,94.425345,826.221773
513373.920000,7682,20,270.970018,2370.987654,207.131783,1812.403101
513398.397000,7327,12,258.447972,2261.419753,197.559825,1728.648466
513401.436000,7686,19,271.111111,2372.222222,207.239636,1813.346815
513496.746000,1462,66,51.569665,451.234568,39.420290,344.927536
513645.070000,3654,1,128.888889,1127.777778,98.523761,862.082912
513745.477000,1462,1,51.569665,451.234568,39.420290,344.927536
513784.066000,765,12,26.984127,236.111111,20.626896,180.485339
513821.819000,7676,4,270.758377,2369.135802,206.970003,1810.987529
513822.244000,3502,1,123.527337,1080.864198,94.425345,826.221773
513897.201000,1306,2,46.067019,403.086420,35.214021,308.122683
513898.443000,2494,30,87.971781,769.753086,67.246377,588.405797
513900.277000,2400,1,84.656085,740.740741,64.711830,566.228514
514072.605000,3502,2,123.527337,1080.864198,94.425345,826.221773
514145.571000,1306,6,46.067019,403.086420,35.214021,308.122683
514147.379000,3654,12,128.888889,1127.777778,98.523761,862.082912
514247.632000,219,13,7.724868,67.592593,5.904954,51.668352
514262.465000,907,12,31.992945,279.938272,24.455679,213.987192
514266.383000,2483,5,87.583774,766.358025,66.949781,585.810583
514284.595000,765,27,26.984127,236.111111,20.626896,180.485339
514502.496000,220,23,7.760141,67.901235,5.931918,51.904280
514505.684000,2955,51,104.232804,912.037037,79.676441,697.168857
514506.131000,1463,63,51.604938,451.543210,39.447253,345.163465
514534.605000,204,4,7.195767,62.962963,5.500506,48.129424
514641.388000,1132,2,39.929453,349.382716,30.522413,267.071116
514786.875000,3333,13,117.566138,1028.703704,89.868554,786.349848
514788.946000,25,1,0.881834,7.716049,0.674082,5.898214
514822.368000,7677,4,270.793651,2369.444444,206.996967,1811.223458
514823.909000,3546,5,125.079365,1094.444444,95.611729,836.602629
514895.541000,4505,1,158.906526,1390.432099,121.469498,1062.858106
515003.522000,3043,17,107.336861,939.197531,82.049208,717.930570
515010.822000,912,9,32.169312,281.481481,24.590495,215.166835
515038.824000,1759,85,62.045855,542.901235,47.428379,414.998315
515042.365000,25,14,0.881834,7.716049,0.674082,5.898214
515072.279000,3546,2,125.079365,1094.444444,95.611729,836.602629
515122.092000,3984,3,140.529101,1229.629630,107.421638,939.939333
515146.528000,481,7,16.966490,148.456790,12.969329,113.481631
515147.033000,2901,9,102.328042,895.370370,78.220425,684.428716
515147.322000,7682,16,270.970018,2370.987654,207.131783,1812.403101
515154.310000,1615,14,56.966490,498.456790,43.545669,381.024604
515253.809000,2518,90,88.818342,777.160494,67.893495,594.068082
515255.248000,223,21,7.865961,68.827160,6.012808,52.612066
515283.424000,204,1,7.195767,62.962963,5.500506,48.129424
515285.623000,406,2,14.320988,125.308642,10.947085,95.786990
515285.954000,26,6,0.917108,8.024691,0.701045,6.134142
515325.543000,373,15,13.156966,115.123457,10.057297,88.001348
515495.574000,3769,3,132.945326,1163.271605,101.624537,889.214695
515534.497000,3334,1,117.601411,1029.012346,89.895517,786.585777
515535.610000,1184,27,41.763668,365.432099,31.924503,279.339400
515644.470000,482,5,17.001764,148.765432,12.996293,113.717560
515783.081000,7352,253,259.329806,2269.135802,198.233906,1734.546680
515830.253000,4121,2,145.361552,1271.913580,111.115605,972.261544
515831.202000,374,13,13.192240,115.432099,10.084260,88.237277
515876.343000,3985,2,140.564374,1229.938272,107.448601,940.175261
515879.045000,1593,6,56.190476,491.666667,42.952477,375.834176
515893.425000,1615,13,56.966490,498.456790,43.545669,381.024604
516033.818000,3334,3,117.601411,1029.012346,89.895517,786.585777
516034.001000,204,4,7.195767,62.962963,5.500506,48.129424
516073.510000,2011,63,70.934744,620.679012,54.223121,474.452309
516076.565000,1084,2,38.236332,334.567901,29.228177,255.746545
516144.847000,1615,10,56.966490,498.456790,43.545669,381.024604
516262.261000,3092,31,109.065256,954.320988,83.370408,729.491068
516322.777000,478,103,16.860670,147.530864,12.888440,112.773846
516499.648000,224,14,7.901235,69.135802,6.039771,52.847995
516532.626000,328,70,11.569665,101.234568,8.843950,77.384564
516533.320000,768,1,27.089947,237.037037,20.707786,181.193124
516533.632000,330,1,11.640212,101.851852,8.897877,77.856421
516573.815000,3147,239,111.005291,971.296296,84.853387,742.467139
516778.971000,330,1,11.640212,101.851852,8.897877,77.856421
516874.544000,3986,16,140.599647,1230.246914,107.475565,940.411190
516894.996000,2910,3,102.645503,898.148148,78.463094,686.552073
516895.974000,1182,4,41.693122,364.814815,31.870576,278.867543
517031.811000,25,3,0.881834,7.716049,0.674082,5.898214
517032.824000,768,6,27.089947,237.037037,20.707786,181.193124
517146.072000,484,1,17.072310,149.382716,13.050219,114.189417
517284.023000,331,26,11.675485,102.160494,8.924840,78.092349
517379.576000,686,1,24.197531,211.728395,18.496798,161.846983
517380.363000,1518,3,53.544974,468.518519,40.930233,358.139535
517384.439000,3145,12,110.934744,970.679012,84.799461,741.995281
517395.619000,1134,64,40.000000,350.000000,30.576340,267.542973
517396.407000,1183,1,41.728395,365.123457,31.897540,279.103472
517498.337000,2131,13,75.167549,657.716049,57.458713,502.763734
517528.092000,23,22,0.811287,7.098765,0.620155,5.426357
517573.962000,3546,17,125.079365,1094.444444,95.611729,836.602629
517630.361000,3250,11,114.638448,1003.086420,87.630603,766.767779
517645.777000,1618,14,57.072310,499.382716,43.626559,381.732390
517746.132000,982,19,34.638448,303.086420,26.477924,231.681834
517762.866000,3119,1,110.017637,962.654321,84.098416,735.861139
517778.167000,768,1,27.089947,237.037037,20.707786,181.193124
517822.703000,557,24,19.647266,171.913580,15.018537,131.412201
517899.440000,4503,13,158.835979,1389.814815,121.415571,1062.386249
517900.288000,485,5,17.107584,149.691358,13.077182,114.425345
518001.744000,4507,34,158.977072,1391.049383,121.523424,1063.329963
518072.290000,3547,9,125.114638,1094.753086,95.638692,836.838557
518072.348000,572,3,20.176367,176.543210,15.422986,134.951129
518255.953000,1462,82,51.569665,451.234568,39.420290,344.927536
518257.333000,3119,3,110.017637,962.654321,84.098416,735.861139
518263.325000,2486,42,87.689594,767.283951,67.030671,586.518369
518322.910000,2015,12,71.075838,621.913580,54.330974,475.396023
518324.675000,572,2,20.176367,176.543210,15.422986,134.951129
518326.624000,572,3,20.176367,176.543210,15.422986,134.951129
518396.932000,486,1,17.142857,150.000000,13.104146,114.661274
518506.976000,7673,6,270.652557,2368.209877,206.889114,1810.279744
518624.360000,1381,1,48.712522,426.234568,37.236266,325.817324
518625.520000,1879,2,66.278660,579.938272,50.663970,443.309740
518642.582000,7683,11,271.005291,2371.296296,207.158746,1812.639029
518760.073000,61,3,2.151675,18.827160,1.644759,14.391641
518780.424000,769,12,27.125220,237.345679,20.734749,181.429053
518893.581000,2492,3,87.901235,769.135802,67.192450,587.933940
518894.640000,487,4,17.178131,150.308642,13.131109,114.897203
519013.307000,5448,3,192.169312,1681.481481,146.895854,1285.338726
519014.028000,61,3,2.151675,18.827160,1.644759,14.391641
519014.466000,435,3,15.343915,134.259259,11.729019,102.628918
519032.483000,1926,6,67.936508,594.444444,51.931244,454.398382
519124.882000,5900,1,208.112875,1820.987654,159.083249,1391.978429
519125.080000,1050,9,37.037037,324.074074,28.311426,247.724975
519254.799000,2417,11,85.255732,745.987654,65.170206,570.239299
519256.935000,4255,6,150.088183,1313.271605,114.728682,1003.875969
519259.841000,2487,7,87.724868,767.592593,67.057634,586.754297
519322.242000,577,1,20.352734,178.086420,15.557802,136.130772
519323.728000,3546,5,125.079365,1094.444444,95.611729,836.602629
519375.424000,3986,97,140.599647,1230.246914,107.475565,940.411190
519528.334000,1193,2,42.081129,368.209877,32.167172,281.462757
519574.321000,3546,4,125.079365,1094.444444,95.611729,836.602629
519624.061000,5899,4,208.077601,1820.679012,159.056286,1391.742501
519758.749000,61,3,2.151675,18.827160,1.644759,14.391641
519823.073000,1032,15,36.402116,318.518519,27.826087,243.478261
519825.279000,575,2,20.282187,177.469136,15.503876,135.658915
520001.742000,314,486,11.075838,96.913580,8.466464,74.081564
520009.469000,63,1,2.222222,19.444444,1.698686,14.863498
520073.613000,125,3522,4.409171,38.580247,3.370408,29.491068
520073.735000,3546,8,125.079365,1094.444444,95.611729,836.602629
520124.881000,5900,11,208.112875,1820.987654,159.083249,1391.978429
520251.528000,1564,11,55.167549,482.716049,42.170543,368.992248
520284.512000,51,29,1.798942,15.740741,1.375126,12.032356
520322.190000,577,2,20.352734,178.086420,15.557802,136.130772
520392.276000,2496,3,88.042328,770.370370,67.300303,588.877654
520507.193000,957,34,33.756614,295.370370,25.803842,225.783620
520573.562000,3546,8,125.079365,1094.444444,95.611729,836.602629
520573.684000,578,1,20.388007,178.395062,15.584766,136.366700
520623.068000,5901,12,208.148148,1821.296296,159.110212,1392.214358
520645.453000,1303,3,45.961199,402.160494,35.133131,307.414897
520743.878000,3768,73,132.910053,1162.962963,101.597573,888.978766
520778.404000,2198,2,77.530864,678.395062,59.265251,518.570947
520823.179000,3547,12,125.114638,1094.753086,95.638692,836.838557
520823.648000,577,2,20.352734,178.086420,15.557802,136.130772
520872.389000,5920,3,208.818342,1827.160494,159.622514,1396.697000
520897.920000,7685,1,271.075838,2371.913580,207.212673,1813.110886
520898.045000,825,20,29.100529,254.629630,22.244692,194.641052
520899.401000,2912,13,102.716049,898.765432,78.517021,687.023930
521146.904000,825,23,29.100529,254.629630,22.244692,194.641052
521148.275000,1188,1,41.904762,366.666667,32.032356,280.283114
521244.103000,981,8,34.603175,302.777778,26.450961,231.445905
521247.313000,1464,25,51.640212,451.851852,39.474216,345.399393
521322.635000,374,1,13.192240,115.432099,10.084260,88.237277
521397.935000,826,1,29.135802,254.938272,22.271655,194.876980
521398.126000,2912,16,102.716049,898.765432,78.517021,687.023930
521399.410000,1188,3,41.904762,366.666667,32.032356,280.283114
521528.407000,5548,1,195.696649,1712.345679,149.592181,1308.931581
521573.629000,570,57,20.105820,175.925926,15.369060,134.479272
521575.271000,3547,7,125.114638,1094.753086,95.638692,836.838557
521585.969000,3547,1,125.114638,1094.753086,95.638692,836.838557
521622.858000,3495,9,123.280423,1078.703704,94.236603,824.570273
521646.208000,1760,3,62.081129,543.209877,47.455342,415.234243
521757.082000,5548,1,195.696649,1712.345679,149.592181,1308.931581
521822.242000,576,1,20.317460,177.777778,15.530839,135.894843
521899.363000,827,2,29.171076,255.246914,22.298618,195.112909
521992.503000,983,9,34.673721,303.395062,26.504887,231.917762
522007.198000,4258,3,150.194004,1314.197531,114.809572,1004.583755
522031.132000,5548,3,195.696649,1712.345679,149.592181,1308.931581
522031.833000,77,3,2.716049,23.765432,2.076171,18.166498
522150.970000,1762,1,62.151675,543.827160,47.509269,415.706100
522151.209000,2497,5,88.077601,770.679012,67.327267,589.113583
522152.096000,1764,7,62.222222,544.444444,47.563195,416.177958
522155.069000,827,2,29.171076,255.246914,22.298618,195.112909
522155.593000,2281,50,80.458554,704.012346,61.503202,538.153017
522244.944000,1462,1021,51.569665,451.234568,39.420290,344.927536
522401.401000,2498,17,88.112875,770.987654,67.354230,589.349511
522404.355000,827,4,29.171076,255.246914,22.298618,195.112909
522508.681000,478,520,16.860670,147.530864,12.888440,112.773846
522527.932000,2271,21,80.105820,700.925926,61.233569,535.793731
522580.948000,1085,6,38.271605,334.876543,29.255140,255.982474
522627.660000,3621,3,127.724868,1117.592593,97.633974,854.297270
522646.656000,1765,5,62.257496,544.753086,47.590158,416.413886
522744.062000,984,1,34.708995,303.703704,26.531850,232.153691
522744.558000,2268,7,80.000000,700.000000,61.152679,535.085945
522757.152000,3122,1,110.123457,963.580247,84.179306,736.568925
522822.135000,3530,46,124.514991,1089.506173,95.180317,832.827772
522823.405000,751,3,26.490300,231.790123,20.249410,177.182339
522872.590000,5923,2,208.924162,1828.086420,159.703404,1397.404786
522894.228000,578,3,20.388007,178.395062,15.584766,136.366700
522997.496000,3354,12,118.306878,1035.185185,90.434783,791.304348
523009.937000,2281,12,80.458554,704.012346,61.503202,538.153017
523032.023000,1993,14,70.299824,615.123457,53.737782,470.205595
523144.830000,1765,1,62.257496,544.753086,47.590158,416.413886
523145.203000,2497,6,88.077601,770.679012,67.327267,589.113583
523245.288000,2263,11,79.823633,698.456790,61.017863,533.906303
523256.744000,3122,2,110.123457,963.580247,84.179306,736.568925
523323.047000,3547,2,125.114638,1094.753086,95.638692,836.838557
523323.167000,1352,8,47.689594,417.283951,36.454331,318.975396
523373.798000,1789,9,63.104056,552.160494,48.237277,422.076171
523398.734000,2496,3,88.042328,770.370370,67.300303,588.877654
523398.846000,4153,5,146.490300,1281.790123,111.978429,979.811257
523492.450000,2268,4,80.000000,700.000000,61.152679,535.085945
523573.541000,1970,1,69.488536,608.024691,53.117627,464.779238
523575.243000,3546,7,125.079365,1094.444444,95.611729,836.602629
523575.639000,753,1,26.560847,232.407407,20.303337,177.654196
523646.443000,1303,3,45.961199,402.160494,35.133131,307.414897
523647.301000,1766,34,62.292769,545.061728,47.617122,416.649815
523647.738000,4153,5,146.490300,1281.790123,111.978429,979.811257
523746.096000,3602,3,127.054674,1111.728395,97.121672,849.814628
523783.953000,3138,4,110.687831,968.518519,84.610718,740.343782
523784.463000,1993,11,70.299824,615.123457,53.737782,470.205595
523786.817000,26,15,0.917108,8.024691,0.701045,6.134142
523822.988000,3547,6,125.114638,1094.753086,95.638692,836.838557
523823.817000,2916,37,102.857143,900.000000,78.624874,687.967644
523879.515000,1166,76,41.128748,359.876543,31.439164,275.092686
523881.042000,874,18,30.828924,269.753086,23.565891,206.201550
523896.974000,1706,1,60.176367,526.543210,45.999326,402.494102
523993.756000,987,1,34.814815,304.629630,26.612740,232.861476
524034.486000,1993,11,70.299824,615.123457,53.737782,470.205595
524148.092000,1706,3,60.176367,526.543210,45.999326,402.494102
524243.894000,3049,1,107.548501,941.049383,82.210988,719.346141
524258.459000,68,1,2.398589,20.987654,1.833502,16.043141
524281.426000,5549,7,195.731922,1712.654321,149.619144,1309.167509
524283.089000,1854,86,65.396825,572.222222,49.989889,437.411527
524322.967000,4412,13,155.626102,1361.728395,118.961914,1040.916751
524376.517000,4006,9,141.305115,1236.419753,108.014830,945.129761
524377.945000,1791,1,63.174603,552.777778,48.291203,422.548028
524398.508000,4153,5,146.490300,1281.790123,111.978429,979.811257
524398.639000,1569,36,55.343915,484.259259,42.305359,370.171891
524495.407000,3049,23,107.548501,941.049383,82.210988,719.346141
524530.437000,5550,6,195.767196,1712.962963,149.646107,1309.403438
524574.283000,3151,13,111.146384,972.530864,84.961240,743.410853
524576.335000,3546,4,125.079365,1094.444444,95.611729,836.602629
524576.832000,753,3,26.560847,232.407407,20.303337,177.654196
524653.527000,1706,3,60.176367,526.543210,45.999326,402.494102
524744.032000,988,14,34.850088,304.938272,26.639703,233.097405
524758.541000,69,5,2.433862,21.296296,1.860465,16.279070
524877.848000,1791,73,63.174603,552.777778,48.291203,422.548028
524893.150000,1765,21,62.257496,544.753086,47.590158,416.413886
524894.122000,2928,218,103.280423,903.703704,78.948433,690.798787
525073.042000,333,11,11.746032,102.777778,8.978766,78.564206
525123.881000,3035,6,107.054674,936.728395,81.833502,716.043141
525124.059000,589,2,20.776014,181.790123,15.881362,138.961914
525247.933000,927,2,32.698413,286.111111,24.994944,218.705763
525267.685000,70,4,2.469136,21.604938,1.887428,16.514998
525284.687000,1857,56,65.502646,573.148148,50.070779,438.119312
525392.118000,1706,3,60.176367,526.543210,45.999326,402.494102
525493.421000,989,15,34.885362,305.246914,26.666667,233.333333
525513.220000,7678,16,270.828924,2369.753086,207.023930,1811.459387
525533.313000,208,21,7.336861,64.197531,5.608359,49.073138
525535.132000,92,35,3.245150,28.395062,2.480620,21.705426
525573.958000,756,2,26.666667,233.333333,20.384226,178.361982
525644.437000,1706,3,60.176367,526.543210,45.999326,402.494102
525777.820000,2198,4,77.530864,678.395062,59.265251,518.570947
525892.279000,2987,3,105.361552,921.913580,80.539265,704.718571
525995.225000,3051,37,107.619048,941.666667,82.264914,719.817998
526121.211000,4009,8,141.410935,1237.345679,108.095720,945.837546
526122.734000,3035,6,107.054674,936.728395,81.833502,716.043141
526323.503000,3161,59,111.499118,975.617284,85.230873,745.770138
526372.372000,589,1,20.776014,181.790123,15.881362,138.961914
526397.260000,4154,3,146.525573,1282.098765,112.005393,980.047186
526398.696000,7682,16,270.970018,2370.987654,207.131783,1812.403101
526399.929000,1177,12,41.516755,363.271605,31.735760,277.687900
526492.593000,1732,191,61.093474,534.567901,46.700371,408.628244
526493.418000,1564,3,55.167549,482.716049,42.170543,368.992248
526530.134000,4103,24,144.726631,1266.358025,110.630266,968.014830
526573.919000,76,9,2.680776,23.456790,2.049208,17.930570
526576.227000,3546,12,125.079365,1094.444444,95.611729,836.602629
526576.378000,334,8,11.781305,103.086420,9.005730,78.800135
526643.999000,1177,12,41.516755,363.271605,31.735760,277.687900
526743.709000,1564,3,55.167549,482.716049,42.170543,368.992248
526759.925000,69,3,2.433862,21.296296,1.860465,16.279070
526870.882000,589,1,20.776014,181.790123,15.881362,138.961914
526894.972000,2973,3,104.867725,917.592593,80.161780,701.415571
527009.500000,731,1,25.784832,225.617284,19.710145,172.463768
527072.915000,2917,9,102.892416,900.308642,78.651837,688.203573
527121.616000,1795,46,63.315697,554.012346,48.399056,423.491743
527144.175000,7685,3,271.075838,2371.913580,207.212673,1813.110886
527145.172000,3088,36,108.924162,953.086420,83.262555,728.547354
527327.002000,2918,9,102.927690,900.617284,78.678800,688.439501
527327.071000,333,9,11.746032,102.777778,8.978766,78.564206
527396.510000,2974,6,104.902998,917.901235,80.188743,701.651500
527492.363000,1466,7,51.710758,452.469136,39.528143,345.871250
527510.305000,80,2,2.821869,24.691358,2.157061,18.874284
527529.989000,3099,12,109.312169,956.481481,83.559151,731.142568
527572.051000,1279,15,45.114638,394.753086,34.486013,301.752612
527572.379000,1969,32,69.453263,607.716049,53.090664,464.543310
527621.195000,3621,3,127.724868,1117.592593,97.633974,854.297270
527643.506000,2498,54,88.112875,770.987654,67.354230,589.349511
527759.856000,732,5,25.820106,225.925926,19.737108,172.699697
527780.255000,2259,3,79.682540,697.222222,60.910010,532.962588
527781.442000,84,19,2.962963,25.925926,2.264914,19.817998
527995.095000,3602,9,127.054674,1111.728395,97.121672,849.814628
528032.022000,83,13,2.927690,25.617284,2.237951,19.582069
528073.137000,3564,7,125.714286,1100.000000,96.097068,840.849343
528073.417000,3175,9,111.992945,979.938272,85.608359,749.073138
528074.336000,1970,35,69.488536,608.024691,53.117627,464.779238
528077.343000,333,63,11.746032,102.777778,8.978766,78.564206
528121.176000,1962,18,69.206349,605.555556,52.901921,462.891810
528149.683000,1618,24,57.072310,499.382716,43.626559,381.732390
528244.501000,1466,7,51.710758,452.469136,39.528143,345.871250
528244.995000,1735,98,61.199295,535.493827,46.781261,409.336030
528278.679000,2260,2,79.717813,697.530864,60.936973,533.198517
528372.181000,3503,2,123.562610,1081.172840,94.452309,826.457701
528493.487000,3049,11,107.548501,941.049383,82.210988,719.346141
528496.858000,3781,79,133.368607,1166.975309,101.948096,892.045838
528532.381000,2265,3,79.894180,699.074074,61.071790,534.378160
528534.278000,348,16,12.275132,107.407407,9.383215,82.103134
528574.045000,3564,21,125.714286,1100.000000,96.097068,840.849343
528621.425000,3035,6,107.054674,936.728395,81.833502,716.043141
528646.149000,1176,5,41.481481,362.962963,31.708797,277.451972
528827.282000,2920,4,102.998236,901.234568,78.732727,688.911358
528827.438000,335,10,11.816578,103.395062,9.032693,79.036063
528828.323000,4413,22,155.661376,1362.037037,118.988878,1041.152679
528871.149000,4009,6,141.410935,1237.345679,108.095720,945.837546
528872.669000,1962,17,69.206349,605.555556,52.901921,462.891810
528899.470000,7685,4,271.075838,2371.913580,207.212673,1813.110886
528899.960000,4156,2,146.596120,1282.716049,112.059319,980.519043
528992.998000,3048,13,107.513228,940.740741,82.184024,719.110212
529029.272000,2260,1,79.717813,697.530864,60.936973,533.198517
529074.019000,216,1,7.619048,66.666667,5.824065,50.960566
529322.215000,1879,95,66.278660,579.938272,50.663970,443.309740
529326.071000,336,31,11.851852,103.703704,9.059656,79.271992
529371.257000,4010,5,141.446208,1237.654321,108.122683,946.073475
529371.737000,3502,2,123.527337,1080.864198,94.425345,826.221773
529395.591000,1769,18,62.398589,545.987654,47.698011,417.357600
529396.052000,4157,2,146.631393,1283.024691,112.086282,980.754971
529396.500000,7684,3,271.040564,2371.604938,207.185709,1812.874958
529532.529000,2261,1,79.753086,697.839506,60.963937,533.434446
529574.411000,3568,34,125.855379,1101.234568,96.204921,841.793057
529576.626000,1348,8,47.548501,416.049383,36.346478,318.031682
529622.251000,7363,1,259.717813,2272.530864,198.530502,1737.141894
529622.595000,3035,6,107.054674,936.728395,81.833502,716.043141
529744.996000,3603,3,127.089947,1112.037037,97.148635,850.050556
529780.069000,2261,1,79.753086,697.839506,60.963937,533.434446
529781.262000,83,9,2.927690,25.617284,2.237951,19.582069
529823.066000,1278,12,45.079365,394.444444,34.459050,301.516684
529825.302000,1348,1,47.548501,416.049383,36.346478,318.031682
529871.331000,7678,5,270.828924,2369.753086,207.023930,1811.459387
529891.801000,1181,2,41.657848,364.506173,31.843613,278.631614
530030.995000,83,9,2.927690,25.617284,2.237951,19.582069
530263.351000,1859,13,65.573192,573.765432,50.124705,438.591170
530268.018000,3720,3,131.216931,1148.148148,100.303337,877.654196
530283.606000,3100,16,109.347443,956.790123,83.586114,731.378497
530324.330000,1385,8,48.853616,427.469136,37.344119,326.761038
530325.897000,338,14,11.922399,104.320988,9.113583,79.743849
530326.167000,2921,113,103.033510,901.543210,78.759690,689.147287
530511.059000,790,13,27.865961,243.827160,21.300977,186.383552
530572.767000,3587,13,126.525573,1107.098765,96.717223,846.275699
530621.787000,3035,2,107.054674,936.728395,81.833502,716.043141
530644.363000,5349,1,188.677249,1650.925926,144.226491,1261.981800
530779.393000,1997,5,70.440917,616.358025,53.845635,471.149309
530822.112000,338,13,11.922399,104.320988,9.113583,79.743849
530822.425000,4412,19,155.626102,1361.728395,118.961914,1040.916751
530896.997000,1771,11,62.469136,546.604938,47.751938,417.829457
530897.687000,5350,3,188.712522,1651.234568,144.253455,1262.217728
531001.723000,1738,229,61.305115,536.419753,46.862150,410.043815
531029.630000,1150,3,40.564374,354.938272,31.007752,271.317829
531122.437000,2239,58,78.977072,691.049383,60.370745,528.244018
531144.815000,2519,6,88.853616,777.469136,67.920458,594.304011
531145.830000,2969,13,104.726631,916.358025,80.053927,700.471857
531259.075000,217,5,7.654321,66.975309,5.851028,51.196495
531281.902000,3099,12,109.312169,956.481481,83.559151,731.142568
531502.570000,3047,13,107.477954,940.432099,82.157061,718.874284
531573.085000,3173,2,111.922399,979.320988,85.554432,748.601281
531574.307000,2921,109,103.033510,901.543210,78.759690,689.147287
531645.602000,1770,7,62.433862,546.296296,47.724975,417.593529
531647.225000,1504,33,53.051146,464.197531,40.552747,354.836535
531751.098000,359,39,12.663139,110.802469,9.679811,84.698349
531758.464000,220,4,7.760141,67.901235,5.931918,51.904280
531779.855000,2572,6,90.723104,793.827160,69.349511,606.808224
531822.354000,206,64,7.266314,63.580247,5.554432,48.601281
531871.818000,4014,300,141.587302,1238.888889,108.230536,947.017189
531997.610000,1738,226,61.305115,536.419753,46.862150,410.043815
532035.369000,2001,2,70.582011,617.592593,53.953488,472.093023
532145.268000,1183,1,41.728395,365.123457,31.897540,279.103472
532146.103000,469,6,16.543210,144.753086,12.645770,110.650489
532261.762000,218,4,7.689594,67.283951,5.877991,51.432423
532322.130000,4415,34,155.731922,1362.654321,119.042804,1041.624537
532392.490000,1770,1,62.433862,546.296296,47.724975,417.593529
532512.730000,589,11,20.776014,181.790123,15.881362,138.961914
532513.147000,4392,15,154.920635,1355.555556,118.422649,1036.198180
532514.130000,220,1,7.760141,67.901235,5.931918,51.904280
532529.244000,2735,61,96.472663,844.135802,73.744523,645.264577
532645.091000,2565,11,90.476190,791.666667,69.160768,605.156724
532645.732000,526,5,18.553792,162.345679,14.182676,124.098416
532758.840000,591,17,20.846561,182.407407,15.935288,139.433771
532823.869000,1972,15,69.559083,608.641975,53.171554,465.251095
532826.505000,206,90,7.266314,63.580247,5.554432,48.601281
533032.045000,2943,5,103.809524,908.333333,79.352882,694.337715
533032.693000,2000,5,70.546737,617.283951,53.926525,471.857095
533247.554000,1740,91,61.375661,537.037037,46.916077,410.515672
533511.081000,219,3,7.724868,67.592593,5.904954,51.668352
533532.336000,1159,1,40.881834,357.716049,31.250421,273.441186
533534.345000,1159,11,40.881834,357.716049,31.250421,273.441186
533573.156000,3174,149,111.957672,979.629630,85.581395,748.837209
533574.302000,1972,23,69.559083,608.641975,53.171554,465.251095
533641.879000,1772,1,62.504409,546.913580,47.778901,418.065386
533752.082000,1469,5,51.816578,453.395062,39.609033,346.579036
533757.528000,593,15,20.917108,183.024691,15.989215,139.905629
533780.199000,2948,9,103.985891,909.876543,79.487698,695.517358
533822.890000,971,11,34.250441,299.691358,26.181328,229.086619
533825.732000,346,35,12.204586,106.790123,9.329289,81.631277
533826.812000,752,1,26.525573,232.098765,20.276373,177.418268
533827.525000,1376,20,48.536155,424.691358,37.101449,324.637681
533896.641000,1773,15,62.539683,547.222222,47.805865,418.301314
534012.321000,593,15,20.917108,183.024691,15.989215,139.905629
534030.526000,1159,12,40.881834,357.716049,31.250421,273.441186
534073.447000,7672,12,270.617284,2367.901235,206.862150,1810.043815
534169.080000,525,6,18.518519,162.037037,14.155713,123.862487
534170.122000,2781,20,98.095238,858.333333,74.984833,656.117290
534249.593000,4318,15,152.310406,1332.716049,116.427368,1018.739467
534252.020000,942,16,33.227513,290.740741,25.399393,222.244692
534260.660000,220,6,7.760141,67.901235,5.931918,51.904280
534261.006000,780,10,27.513228,240.740741,21.031345,184.024267
534279.632000,1159,11,40.881834,357.716049,31.250421,273.441186
534322.344000,751,2,26.490300,231.790123,20.249410,177.182339
534400.442000,2981,72,105.149912,920.061728,80.377486,703.303000
534508.768000,219,2,7.724868,67.592593,5.904954,51.668352
534647.360000,1773,1,62.539683,547.222222,47.805865,418.301314
534647.964000,2523,184,88.994709,778.703704,68.028311,595.247725
534648.679000,4156,2,146.596120,1282.716049,112.059319,980.519043
534651.410000,2573,3,90.758377,794.135802,69.376475,607.044152
534651.478000,1182,2,41.693122,364.814815,31.870576,278.867543
534780.498000,2950,4,104.056437,910.493827,79.541625,695.989215
534781.882000,1799,3,63.456790,555.246914,48.506909,424.435457
534822.230000,1972,22,69.559083,608.641975,53.171554,465.251095
535001.105000,3049,2,107.548501,941.049383,82.210988,719.346141
535072.865000,4418,16,155.837743,1363.580247,119.123694,1042.332322
535259.401000,1084,1,38.236332,334.567901,29.228177,255.746545
535260.136000,220,1,7.760141,67.901235,5.931918,51.904280
535261.995000,2782,1,98.130511,858.641975,75.011796,656.353219
535263.243000,1155,23,40.740741,356.481481,31.142568,272.497472
535279.009000,196,35,6.913580,60.493827,5.284799,46.241995
535376.958000,3035,6,107.054674,936.728395,81.833502,716.043141
535392.322000,7686,3,271.111111,2372.222222,207.239636,1813.346815
535500.550000,3785,6,133.509700,1168.209877,102.055949,892.989552
535573.540000,518,12,18.271605,159.876543,13.966970,122.210988
535574.432000,2016,24,71.111111,622.222222,54.357937,475.631951
535576.842000,4418,1,155.837743,1363.580247,119.123694,1042.332322
535577.321000,7685,9,271.075838,2371.913580,207.212673,1813.110886
535630.397000,2534,28,89.382716,782.098765,68.324907,597.842939
535640.731000,1774,9,62.574956,547.530864,47.832828,418.537243
535756.194000,1157,1,40.811287,357.098765,31.196495,272.969329
535760.162000,220,1,7.760141,67.901235,5.931918,51.904280
535875.024000,1423,3,50.194004,439.197531,38.368723,335.726323
535875.148000,1371,1,48.359788,423.148148,36.966633,323.458038
535890.884000,1187,3,41.869489,366.358025,32.005393,280.047186
536011.384000,209,10,7.372134,64.506173,5.635322,49.309066
536028.070000,2951,1,104.091711,910.802469,79.568588,696.225143
536123.642000,1425,6,50.264550,439.814815,38.422649,336.198180
536248.849000,1084,7,38.236332,334.567901,29.228177,255.746545
536250.685000,1157,7,40.811287,357.098765,31.196495,272.969329
536323.463000,1974,20,69.629630,609.259259,53.225480,465.722952
536391.511000,1775,38,62.610229,547.839506,47.859791,418.773172
536641.129000,1187,1,41.869489,366.358025,32.005393,280.047186
536641.650000,1510,8,53.262787,466.049383,40.714526,356.252107
536751.719000,1085,6,38.271605,334.876543,29.255140,255.982474
536755.787000,122,13,4.303351,37.654321,3.289518,28.783283
536756.546000,1159,39,40.881834,357.716049,31.250421,273.441186
536759.531000,219,1,7.724868,67.592593,5.904954,51.668352
536777.000000,2953,5,104.162257,911.419753,79.622514,696.697000
536873.077000,2536,28,89.453263,782.716049,68.378834,598.314796
537012.752000,220,2,7.760141,67.901235,5.931918,51.904280
537017.309000,7686,10,271.111111,2372.222222,207.239636,1813.346815
537082.829000,4419,21,155.873016,1363.888889,119.150657,1042.568251
537083.667000,753,3,26.560847,232.407407,20.303337,177.654196
537128.232000,1426,12,50.299824,440.123457,38.449612,336.434109
537130.738000,122,19,4.303351,37.654321,3.289518,28.783283
537144.518000,7681,3,270.934744,2370.679012,207.104820,1812.167172
537144.558000,2576,8,90.864198,795.061728,69.457364,607.751938
537244.551000,3030,3,106.878307,935.185185,81.698686,714.863498
537258.525000,3721,3,131.252205,1148.456790,100.330300,877.890125
537276.942000,28,28,0.987654,8.641975,0.754971,6.605999
537512.445000,220,1,7.760141,67.901235,5.931918,51.904280
537512.960000,1077,1,37.989418,332.407407,29.039434,254.095046
537513.190000,7678,2,270.828924,2369.753086,207.023930,1811.459387
537527.909000,1160,7,40.917108,358.024691,31.277385,273.677115
537625.942000,2394,9,84.444444,738.888889,64.550051,564.812942
537641.724000,1187,5,41.869489,366.358025,32.005393,280.047186
537759.232000,220,2,7.760141,67.901235,5.931918,51.904280
537760.319000,7678,2,270.828924,2369.753086,207.023930,1811.459387
537776.725000,1160,1,40.917108,358.024691,31.277385,273.677115
537778.577000,165,41,5.820106,50.925926,4.448938,38.928210
537782.234000,1193,52,42.081129,368.209877,32.167172,281.462757
537891.411000,1775,14,62.610229,547.839506,47.859791,418.773172
537893.683000,1187,5,41.869489,366.358025,32.005393,280.047186
538003.245000,4319,15,152.345679,1333.024691,116.454331,1018.975396
538006.899000,2785,25,98.236332,859.567901,75.092686,657.061004
538008.556000,220,1,7.760141,67.901235,5.931918,51.904280
538009.012000,1077,13,37.989418,332.407407,29.039434,254.095046
538028.653000,1160,9,40.917108,358.024691,31.277385,273.677115
538029.551000,6955,61,245.326279,2146.604938,187.529491,1640.883047
538031.977000,210,22,7.407407,64.814815,5.662285,49.544995
538081.688000,7673,8,270.652557,2368.209877,206.889114,1810.279744
538082.947000,883,3,31.146384,272.530864,23.808561,208.324907
538258.460000,220,2,7.760141,67.901235,5.931918,51.904280
538277.118000,1161,8,40.952381,358.333333,31.304348,273.913043
538325.808000,3047,113,107.477954,940.432099,82.157061,718.874284
538377.062000,1427,12,50.335097,440.432099,38.476576,336.670037
538392.466000,486,3,17.142857,150.000000,13.104146,114.661274
538501.793000,1163,1,41.022928,358.950617,31.358274,274.384901
538526.622000,1193,1,42.081129,368.209877,32.167172,281.462757
538578.129000,2990,16,105.467372,922.839506,80.620155,705.426357
538624.281000,4033,10,142.257496,1244.753086,108.742838,951.499831
538642.063000,1775,38,62.610229,547.839506,47.859791,418.773172
538645.569000,2577,286,90.899471,795.370370,69.484328,607.987867
538749.618000,4565,10,161.022928,1408.950617,123.087294,1077.013819
538777.100000,1161,6,40.952381,358.333333,31.304348,273.913043
538875.778000,2580,4,91.005291,796.296296,69.565217,608.695652
538876.000000,2221,1,78.342152,685.493827,59.885406,523.997304
538876.501000,1428,3,50.370370,440.740741,38.503539,336.905966
538995.258000,1164,7,41.058201,359.259259,31.385238,274.620829
539028.283000,1161,8,40.952381,358.333333,31.304348,273.913043
539125.576000,1639,15,57.813051,505.864198,44.192787,386.686889
539147.719000,1776,37,62.645503,548.148148,47.886754,419.009100
539246.137000,1164,1,41.058201,359.259259,31.385238,274.620829
539260.455000,2579,3,90.970018,795.987654,69.538254,608.459724
539281.079000,416,3,14.673721,128.395062,11.216717,98.146276
539373.616000,1789,9,63.104056,552.160494,48.237277,422.076171
539498.817000,1164,24,41.058201,359.259259,31.385238,274.620829
539508.824000,6288,1,221.798942,1940.740741,169.544995,1483.518706
539509.012000,902,1,31.816578,278.395062,24.320863,212.807550
539528.492000,417,3,14.708995,128.703704,11.243680,98.382204
539622.727000,2222,2,78.377425,685.802469,59.912369,524.233232
539825.359000,4418,74,155.837743,1363.580247,119.123694,1042.332322
539825.639000,754,2,26.596120,232.716049,20.330300,177.890125
539872.214000,2222,2,78.377425,685.802469,59.912369,524.233232
539998.836000,1086,5,38.306878,335.185185,29.282103,256.218402
540000.490000,2792,24,98.483245,861.728395,75.281429,658.712504
540001.373000,1165,6,41.093474,359.567901,31.412201,274.856758
540027.427000,1161,8,40.952381,358.333333,31.304348,273.913043
540071.863000,1977,4,69.735450,610.185185,53.306370,466.430738
540073.563000,3049,11,107.548501,941.049383,82.210988,719.346141
540245.554000,176,2,6.208113,54.320988,4.745534,41.523424
540276.751000,2605,1,91.887125,804.012346,70.239299,614.593866
540277.287000,1766,33,62.292769,545.061728,47.617122,416.649815
540278.363000,2350,11,82.892416,725.308642,63.363667,554.432086
540374.133000,1789,9,63.104056,552.160494,48.237277,422.076171
540391.095000,2581,3,91.040564,796.604938,69.592181,608.931581
540526.922000,1196,9,42.186949,369.135802,32.248062,282.170543
540582.618000,1978,12,69.770723,610.493827,53.333333,466.666667
540583.062000,794,5,28.007055,245.061728,21.408830,187.327267
540583.423000,3050,10,107.583774,941.358025,82.237951,719.582069
540587.607000,4419,42,155.873016,1363.888889,119.150657,1042.568251
540624.307000,2393,9,84.409171,738.580247,64.523087,564.577014
540641.004000,2044,8,72.098765,630.864198,55.112909,482.237951
540761.295000,7678,30,270.828924,2369.753086,207.023930,1811.459387
540766.691000,2417,1,85.255732,745.987654,65.170206,570.239299
540778.009000,421,64,14.850088,129.938272,11.351534,99.325918
541013.143000,916,25,32.310406,282.716049,24.698349,216.110549
541013.375000,211,15,7.442681,65.123457,5.689248,49.780923
541078.461000,525,12,18.518519,162.037037,14.155713,123.862487
541079.072000,1278,12,45.079365,394.444444,34.459050,301.516684
541079.802000,883,3,31.146384,272.530864,23.808561,208.324907
541125.385000,1789,9,63.104056,552.160494,48.237277,422.076171
541142.514000,2546,3,89.805996,785.802469,68.648466,600.674082
541142.890000,4420,8,155.908289,1364.197531,119.177620,1042.804179
541144.154000,2581,1,91.040564,796.604938,69.592181,608.931581
541255.063000,2791,8,98.447972,861.419753,75.254466,658.476576
541266.509000,917,8,32.345679,283.024691,24.725312,216.346478
541267.279000,1076,13,37.954145,332.098765,29.012471,253.859117
541276.843000,4178,3,147.372134,1289.506173,112.652511,985.709471
541519.861000,917,20,32.345679,283.024691,24.725312,216.346478
541520.109000,1076,40,37.954145,332.098765,29.012471,253.859117
541526.693000,1159,1,40.881834,357.716049,31.250421,273.441186
541528.813000,2381,14,83.985891,734.876543,64.199528,561.745871
541532.180000,3723,190,131.322751,1149.074074,100.384226,878.361982
541575.687000,4420,11,155.908289,1364.197531,119.177620,1042.804179
541754.044000,2139,361,75.449735,660.185185,57.674419,504.651163
541765.966000,917,49,32.345679,283.024691,24.725312,216.346478
541777.405000,1158,11,40.846561,357.407407,31.223458,273.205258
541893.460000,333,1,11.746032,102.777778,8.978766,78.564206
542029.826000,487,12,17.178131,150.308642,13.131109,114.897203
542030.623000,1157,13,40.811287,357.098765,31.196495,272.969329
542032.512000,673,4,23.738977,207.716049,18.146276,158.779912
542084.082000,1278,11,45.079365,394.444444,34.459050,301.516684
542142.404000,333,8,11.746032,102.777778,8.978766,78.564206
542255.383000,551,22,19.435626,170.061728,14.856758,129.996630
542267.086000,130,116,4.585538,40.123457,3.505224,30.670711
542267.641000,918,25,32.380952,283.333333,24.752275,216.582406
542277.798000,2127,8,75.026455,656.481481,57.350859,501.820020
542279.348000,1933,2,68.183422,596.604938,52.119987,456.049882
542331.085000,799,3,28.183422,246.604938,21.543647,188.506909
542332.441000,3059,100,107.901235,944.135802,82.480620,721.705426
542335.680000,1630,3,57.495591,503.086420,43.950118,384.563532
542395.420000,2584,8,91.146384,797.530864,69.673070,609.639366
542517.490000,903,52,31.851852,278.703704,24.347826,213.043478
542527.231000,2079,7,73.333333,641.666667,56.056623,490.495450
542584.919000,4420,39,155.908289,1364.197531,119.177620,1042.804179
542769.518000,919,22,32.416226,283.641975,24.779238,216.818335
542770.839000,211,14,7.442681,65.123457,5.689248,49.780923
542780.603000,7101,15,250.476190,2191.666667,191.466127,1675.328615
542781.452000,4052,6,142.927690,1250.617284,109.255140,955.982474
542834.883000,3527,14,124.409171,1088.580247,95.099427,832.119987
542839.139000,3223,280,113.686067,994.753086,86.902595,760.397708
542839.445000,1342,6,47.336861,414.197531,36.184698,316.616111
542874.628000,5956,1,210.088183,1838.271605,160.593192,1405.190428
542874.735000,2399,5,84.620811,740.432099,64.684867,565.992585
542875.580000,5958,6,210.158730,1838.888889,160.647118,1405.662285
543010.759000,1077,1,37.989418,332.407407,29.039434,254.095046
543011.412000,1077,1,37.989418,332.407407,29.039434,254.095046
543030.031000,1158,10,40.846561,357.407407,31.223458,273.205258
543078.040000,3088,2,108.924162,953.086420,83.262555,728.547354
543079.443000,378,13,13.333333,116.666667,10.192113,89.180991
543080.182000,1385,6,48.853616,427.469136,37.344119,326.761038
543245.415000,1809,2,63.809524,558.333333,48.776542,426.794742
543261.673000,1077,3,37.989418,332.407407,29.039434,254.095046
543262.596000,1077,7,37.989418,332.407407,29.039434,254.095046
543373.618000,3035,9,107.054674,936.728395,81.833502,716.043141
543510.889000,212,2,7.477954,65.432099,5.716212,50.016852
543514.977000,81,7,2.857143,25.000000,2.184024,19.110212
543515.778000,905,8,31.922399,279.320988,24.401753,213.515335
543533.519000,2129,5,75.097002,657.098765,57.404786,502.291877
543578.665000,526,4,18.553792,162.345679,14.182676,124.098416
543579.245000,2021,54,71.287478,623.765432,54.492754,476.811594
543624.320000,1587,2,55.978836,489.814815,42.790698,374.418605
543644.939000,2581,526,91.040564,796.604938,69.592181,608.931581
543743.777000,2787,5,98.306878,860.185185,75.146613,657.532861
543777.793000,1384,1,48.818342,427.160494,37.317155,326.525110
543823.586000,526,4,18.553792,162.345679,14.182676,124.098416
544012.651000,3396,2,119.788360,1048.148148,91.567240,801.213347
544074.969000,2022,4,71.322751,624.074074,54.519717,477.047523
544145.835000,15,3,0.529101,4.629630,0.404449,3.538928
544264.011000,7103,16,250.546737,2192.283951,191.520054,1675.800472
544264.719000,81,4,2.857143,25.000000,2.184024,19.110212
544325.605000,2026,3,71.463845,625.308642,54.627570,477.991237
544326.901000,4448,3,156.895944,1372.839506,119.932592,1049.410179
544391.249000,2549,877,89.911817,786.728395,68.729356,601.381867
544393.989000,1189,5,41.940035,366.975309,32.059319,280.519043
544394.402000,16,1,0.564374,4.938272,0.431412,3.774857
544497.448000,6572,3,231.816578,2028.395062,177.202562,1550.522413
544519.530000,3396,1,119.788360,1048.148148,91.567240,801.213347
544625.748000,4036,9,142.363316,1245.679012,108.823728,952.207617
544640.610000,2983,1,105.220459,920.679012,80.431412,703.774857
544642.208000,1189,3,41.940035,366.975309,32.059319,280.519043
544642.704000,1189,2,41.940035,366.975309,32.059319,280.519043
544764.106000,1078,7,38.024691,332.716049,29.066397,254.330974
544764.951000,1078,5,38.024691,332.716049,29.066397,254.330974
544770.992000,3726,6,131.428571,1150.000000,100.465116,879.069767
544771.356000,3396,1,119.788360,1048.148148,91.567240,801.213347
544780.348000,1160,5,40.917108,358.024691,31.277385,273.677115
544833.118000,1978,35,69.770723,610.493827,53.333333,466.666667
544837.071000,373,19,13.156966,115.123457,10.057297,88.001348
544890.377000,2982,2,105.185185,920.370370,80.404449,703.538928
544892.991000,1189,5,41.940035,366.975309,32.059319,280.519043
544998.217000,2787,1,98.306878,860.185185,75.146613,657.532861
545080.595000,7674,6,270.687831,2368.518519,206.916077,1810.515672
545081.509000,2028,37,71.534392,625.925926,54.681496,478.463094
545082.926000,4448,3,156.895944,1372.839506,119.932592,1049.410179
545084.349000,373,16,13.156966,115.123457,10.057297,88.001348
545141.593000,335,7,11.816578,103.395062,9.032693,79.036063
545144.313000,17,104,0.599647,5.246914,0.458375,4.010785
545249.417000,1564,10,55.167549,482.716049,42.170543,368.992248
545264.518000,214,2,7.548501,66.049383,5.770138,50.488709
545268.720000,3396,2,119.788360,1048.148148,91.567240,801.213347
545327.124000,801,3,28.253968,247.222222,21.597573,188.978766
545375.136000,4040,5,142.504409,1246.913580,108.931581,953.151331
545375.995000,1726,15,60.881834,532.716049,46.538591,407.212673
545518.473000,1078,12,38.024691,332.716049,29.066397,254.330974
545528.973000,1162,1,40.987654,358.641975,31.331311,274.148972
545623.418000,1588,8,56.014109,490.123457,42.817661,374.654533
545641.233000,1187,5,41.869489,366.358025,32.005393,280.047186
545762.368000,2965,2,104.585538,915.123457,79.946073,699.528143
545780.034000,1162,4,40.987654,358.641975,31.331311,274.148972
545781.270000,77,3,2.716049,23.765432,2.076171,18.166498
545844.643000,2398,44,84.585538,740.123457,64.657904,565.756657
545892.038000,696,109,24.550265,214.814815,18.766431,164.206269
545993.008000,1564,10,55.167549,482.716049,42.170543,368.992248
545993.444000,338,31,11.922399,104.320988,9.113583,79.743849
546022.050000,2418,1,85.291005,746.296296,65.197169,570.475228
546022.427000,912,135,32.169312,281.481481,24.590495,215.166835
546023.566000,83,5,2.927690,25.617284,2.237951,19.582069
546080.750000,897,83,31.640212,276.851852,24.186047,211.627907
546123.163000,2710,9,95.590829,836.419753,73.070442,639.366363
546149.787000,697,1,24.585538,215.123457,18.793394,164.442198
546262.790000,1077,11,37.989418,332.407407,29.039434,254.095046
546263.515000,1077,3,37.989418,332.407407,29.039434,254.095046
546278.036000,1162,4,40.987654,358.641975,31.331311,274.148972
546378.956000,1590,6,56.084656,490.740741,42.871587,375.126390
546394.413000,697,22,24.585538,215.123457,18.793394,164.442198
546522.549000,7680,3,270.899471,2370.370370,207.077856,1811.931244
546526.752000,912,120,32.169312,281.481481,24.590495,215.166835
546528.516000,1162,4,40.987654,358.641975,31.331311,274.148972
546582.118000,239,3,8.430335,73.765432,6.444220,56.386923
546584.119000,1178,151,41.552028,363.580247,31.762723,277.923829
546585.056000,3546,7,125.079365,1094.444444,95.611729,836.602629
546622.963000,1726,13,60.881834,532.716049,46.538591,407.212673
546778.581000,1162,4,40.987654,358.641975,31.331311,274.148972
546828.402000,2400,5,84.656085,740.740741,64.711830,566.228514
546828.874000,3547,1,125.114638,1094.753086,95.638692,836.838557
546892.655000,697,1,24.585538,215.123457,18.793394,164.442198
547029.807000,493,6,17.389771,152.160494,13.292888,116.312774
547077.975000,1980,32,69.841270,611.111111,53.387260,467.138524
547078.467000,7686,1,271.111111,2372.222222,207.239636,1813.346815
547259.652000,7686,3,271.111111,2372.222222,207.239636,1813.346815
547376.900000,1769,14,62.398589,545.987654,47.698011,417.357600
547379.078000,1715,76,60.493827,529.320988,46.241995,404.617459
547513.114000,3730,3,131.569665,1151.234568,100.572969,880.013482
547529.451000,1164,1,41.058201,359.259259,31.385238,274.620829
547530.609000,670,3,23.633157,206.790123,18.065386,158.072127
547578.833000,241,6,8.500882,74.382716,6.498146,56.858780
547580.654000,2401,4,84.691358,741.049383,64.738793,566.464442
547650.972000,2589,3,91.322751,799.074074,69.807887,610.819009
547779.810000,1164,5,41.058201,359.259259,31.385238,274.620829
547827.505000,1982,30,69.911817,611.728395,53.441186,467.610381
547829.286000,3547,2,125.114638,1094.753086,95.638692,836.838557
547892.058000,698,202,24.620811,215.432099,18.820357,164.678126
547992.773000,944,1,33.298060,291.358025,25.453320,222.716549
547994.387000,2657,1,93.721340,820.061728,71.641389,626.862150
548013.787000,3544,67,125.008818,1093.827160,95.557802,836.130772
548013.980000,3730,3,131.569665,1151.234568,100.572969,880.013482
548032.734000,1164,5,41.058201,359.259259,31.385238,274.620829
548033.859000,4376,1,154.356261,1350.617284,117.991237,1032.423323
548034.574000,4376,1,154.356261,1350.617284,117.991237,1032.423323
548075.881000,7681,6,270.934744,2370.679012,207.104820,1812.167172
548245.434000,74,55,2.610229,22.839506,1.995281,17.458713
548261.740000,2241,3,79.047619,691.666667,60.424671,528.715875
548324.749000,3546,6,125.079365,1094.444444,95.611729,836.602629
548406.485000,2173,45,76.649030,670.679012,58.591170,512.672733
548408.985000,1108,11,39.082892,341.975309,29.875295,261.408830
548531.951000,4376,20,154.356261,1350.617284,117.991237,1032.423323
548575.911000,3547,1,125.114638,1094.753086,95.638692,836.838557
548576.358000,2404,2,84.797178,741.975309,64.819683,567.172228
548783.708000,3439,12,121.305115,1061.419753,92.726660,811.358274
548828.849000,7357,12,259.506173,2270.679012,198.368723,1735.726323
549009.107000,7680,3,270.899471,2370.370370,207.077856,1811.931244
549075.442000,7681,8,270.934744,2370.679012,207.104820,1812.167172
549152.977000,337,1,11.887125,104.012346,9.086619,79.507920
549243.476000,946,7,33.368607,291.975309,25.507246,223.188406
549287.409000,2380,3,83.950617,734.567901,64.172565,561.509943
549326.630000,3547,2,125.114638,1094.753086,95.638692,836.838557
549510.116000,2418,1,85.291005,746.296296,65.197169,570.475228
549589.104000,4448,3,156.895944,1372.839506,119.932592,1049.410179
549621.332000,5950,1,209.876543,1836.419753,160.431412,1403.774857
549645.155000,7679,3,270.864198,2370.061728,207.050893,1811.695315
549645.393000,698,480,24.620811,215.432099,18.820357,164.678126
549645.876000,2592,8,91.428571,800.000000,69.888777,611.526795
549743.903000,4513,3,159.188713,1392.901235,121.685204,1064.745534
549760.869000,1871,2,65.996473,577.469136,50.448264,441.422312
549765.981000,7680,3,270.899471,2370.370370,207.077856,1811.931244
549766.178000,3536,9,124.726631,1091.358025,95.342096,834.243343
549784.576000,1935,12,68.253968,597.222222,52.173913,456.521739
549840.873000,4302,11,151.746032,1327.777778,115.995956,1014.964611
549871.650000,4042,14,142.574956,1247.530864,108.985507,953.623188
549873.820000,1878,72,66.243386,579.629630,50.637007,443.073812
549873.877000,1597,2,56.331570,492.901235,43.060330,376.777890
550037.010000,211,7,7.442681,65.123457,5.689248,49.780923
550074.960000,1982,87,69.911817,611.728395,53.441186,467.610381
550124.313000,5951,1,209.911817,1836.728395,160.458375,1404.010785
550261.259000,1285,3,45.326279,396.604938,34.647792,303.168183
550283.777000,17,28,0.599647,5.246914,0.458375,4.010785
550393.173000,526,4,18.553792,162.345679,14.182676,124.098416
550393.720000,1112,1,39.223986,343.209877,29.983148,262.352545
550493.840000,4581,12,161.587302,1413.888889,123.518706,1080.788675
550512.337000,3731,4,131.604938,1151.543210,100.599933,880.249410
550512.354000,84,7,2.962963,25.925926,2.264914,19.817998
550535.117000,2383,10,84.056437,735.493827,64.253455,562.217728
550623.776000,3630,32,128.042328,1120.370370,97.876643,856.420627
550827.939000,7682,3,270.970018,2370.987654,207.131783,1812.403101
550898.916000,1112,35,39.223986,343.209877,29.983148,262.352545
550996.666000,993,2,35.026455,306.481481,26.774520,234.277048
551035.344000,496,3,17.495591,153.086420,13.373778,117.020559
551037.939000,2384,1,84.091711,735.802469,64.280418,562.453657
551038.226000,1344,1,47.407407,414.814815,36.238625,317.087968
551076.450000,1983,94,69.947090,612.037037,53.468150,467.846309
551077.914000,3546,3,125.079365,1094.444444,95.611729,836.602629
551144.842000,4135,9,145.855379,1276.234568,111.493091,975.564543
551145.980000,1112,1,39.223986,343.209877,29.983148,262.352545
551260.468000,210,8,7.407407,64.814815,5.662285,49.544995
551264.406000,3731,4,131.604938,1151.543210,100.599933,880.249410
551283.899000,5460,3,192.592593,1685.185185,147.219414,1288.169869
551324.315000,2408,2,84.938272,743.209877,64.927536,568.115942
551398.716000,2178,33,76.825397,672.222222,58.725986,513.852376
551510.453000,7685,4,271.075838,2371.913580,207.212673,1813.110886
551514.917000,3732,3,131.640212,1151.851852,100.626896,880.485339
551532.775000,20,22,0.705467,6.172840,0.539265,4.718571
551533.404000,2385,8,84.126984,736.111111,64.307381,562.689585
551580.261000,7679,11,270.864198,2370.061728,207.050893,1811.695315
551582.389000,383,9,13.509700,118.209877,10.326930,90.360634
551745.697000,341,55,12.028219,105.246914,9.194473,80.451635
551757.826000,212,7,7.477954,65.432099,5.716212,50.016852
551784.069000,239,72,8.430335,73.765432,6.444220,56.386923
551871.780000,3036,4,107.089947,937.037037,81.860465,716.279070
551871.926000,3630,1,128.042328,1120.370370,97.876643,856.420627
552010.768000,212,7,7.477954,65.432099,5.716212,50.016852
552035.285000,6,457,0.211640,1.851852,0.161780,1.415571
552122.035000,5952,16,209.947090,1837.037037,160.485339,1404.246714
552143.284000,1110,2,39.153439,342.592593,29.929221,261.880688
552262.663000,3733,2,131.675485,1152.160494,100.653859,880.721267
552279.321000,4018,14,141.728395,1240.123457,108.338389,947.960903
552332.165000,572,1,20.176367,176.543210,15.422986,134.951129
552332.691000,384,9,13.544974,118.518519,10.353893,90.596562
552333.357000,1182,1,41.693122,364.814815,31.870576,278.867543
552375.387000,3035,10,107.054674,936.728395,81.833502,716.043141
552395.765000,45,9,1.587302,13.888889,1.213347,10.616785
552500.777000,2500,15,88.183422,771.604938,67.408156,589.821368
552509.024000,4249,8,149.876543,1311.419753,114.566903,1002.460398
552589.232000,874,3,30.828924,269.753086,23.565891,206.201550
552590.587000,7,34,0.246914,2.160494,0.188743,1.651500
552591.416000,875,1,30.864198,270.061728,23.592855,206.437479
552594.647000,572,7,20.176367,176.543210,15.422986,134.951129
552595.342000,572,1,20.176367,176.543210,15.422986,134.951129
552647.068000,335,3,11.816578,103.395062,9.032693,79.036063
552650.148000,1111,7,39.188713,342.901235,29.956185,262.116616
552749.705000,355,96,12.522046,109.567901,9.571958,83.754634
552759.636000,217,12,7.654321,66.975309,5.851028,51.196495
552779.827000,1165,8,41.093474,359.567901,31.412201,274.856758
552828.686000,7680,10,270.899471,2370.370370,207.077856,1811.931244
552830.279000,572,7,20.176367,176.543210,15.422986,134.951129
552872.888000,3036,7,107.089947,937.037037,81.860465,716.279070
553029.403000,1845,4,65.079365,569.444444,49.747219,435.288170
553078.807000,7684,6,271.040564,2371.604938,207.185709,1812.874958
553081.497000,573,2,20.211640,176.851852,15.449949,135.187058
553081.553000,2410,38,85.008818,743.827160,64.981463,568.587799
553121.610000,5953,15,209.982363,1837.345679,160.512302,1404.482642
553145.892000,557,1,19.647266,171.913580,15.018537,131.412201
553147.047000,525,5,18.518519,162.037037,14.155713,123.862487
553148.030000,1197,9,42.222222,369.444444,32.275025,282.406471
553279.558000,1845,4,65.079365,569.444444,49.747219,435.288170
553332.964000,574,1,20.246914,177.160494,15.476913,135.422986
553373.282000,605,51,21.340388,186.728395,16.312774,142.736771
553373.945000,3037,6,107.125220,937.345679,81.887428,716.514998
553398.437000,557,15,19.647266,171.913580,15.018537,131.412201
553502.814000,2274,5,80.211640,701.851852,61.314459,536.501517
553511.852000,7685,1,271.075838,2371.913580,207.212673,1813.110886
553512.420000,523,5,18.447972,161.419753,14.101786,123.390630
553586.180000,876,1,30.899471,270.370370,23.619818,206.673407
553591.557000,576,11,20.317460,177.777778,15.530839,135.894843
553593.422000,3546,20,125.079365,1094.444444,95.611729,836.602629
553643.321000,335,4,11.816578,103.395062,9.032693,79.036063
553751.106000,342,1,12.063492,105.555556,9.221436,80.687563
553763.624000,7686,8,271.111111,2372.222222,207.239636,1813.346815
553768.299000,5207,35,183.668430,1607.098765,140.397708,1228.479946
553768.481000,3623,3,127.795414,1118.209877,97.687900,854.769127
553769.121000,3445,9,121.516755,1063.271605,92.888440,812.773846
553831.008000,875,1,30.864198,270.061728,23.592855,206.437479
553834.680000,2412,2,85.079365,744.444444,65.035389,569.059656
553835.203000,576,37,20.317460,177.777778,15.530839,135.894843
553895.656000,2549,82,89.911817,786.728395,68.729356,601.381867
554014.545000,4249,8,149.876543,1311.419753,114.566903,1002.460398
554020.805000,5279,47,186.208113,1629.320988,142.339063,1245.466801
554029.519000,1166,1,41.128748,359.876543,31.439164,275.092686
554079.592000,1983,201,69.947090,612.037037,53.468150,467.846309
554079.962000,874,3,30.828924,269.753086,23.565891,206.201550
554080.432000,7676,3,270.758377,2369.135802,206.970003,1810.987529
554082.660000,4306,4,151.887125,1329.012346,116.103809,1015.908325
554120.949000,594,2,20.952381,183.333333,16.016178,140.141557
554251.732000,2500,340,88.183422,771.604938,67.408156,589.821368
554258.677000,2682,1,94.603175,827.777778,72.315470,632.760364
554279.828000,2133,2,75.238095,658.333333,57.512639,503.235592
554358.661000,875,9,30.864198,270.061728,23.592855,206.437479
554498.367000,2521,18,88.924162,778.086420,67.974385,594.775868
554519.849000,2682,27,94.603175,827.777778,72.315470,632.760364
554534.403000,1166,8,41.128748,359.876543,31.439164,275.092686
554535.464000,1166,8,41.128748,359.876543,31.439164,275.092686
554537.910000,2386,3,84.162257,736.419753,64.334344,562.925514
554748.668000,2141,16,75.520282,660.802469,57.728345,505.123020
554748.841000,7360,38,259.611993,2271.604938,198.449612,1736.434109
554761.030000,7686,4,271.111111,2372.222222,207.239636,1813.346815
554761.047000,921,6,32.486772,284.259259,24.833165,217.290192
554762.179000,252,12,8.888889,77.777778,6.794742,59.453994
554784.721000,770,12,27.160494,237.654321,20.761712,181.664981
554902.503000,2108,6,74.356261,650.617284,56.838557,497.337378
554902.670000,1145,5,40.388007,353.395062,30.872936,270.138187
554995.480000,952,4,33.580247,293.827160,25.669026,224.603977
555009.402000,3297,1,116.296296,1017.592593,88.897877,777.856421
555038.657000,1167,9,41.164021,360.185185,31.466127,275.328615
555041.800000,1934,4,68.218695,596.913580,52.146950,456.285811
555043.795000,1846,166,65.114638,569.753086,49.774183,435.524098
555080.853000,6,39,0.211640,1.851852,0.161780,1.415571
555143.390000,2088,2,73.650794,644.444444,56.299292,492.618807
555252.876000,4515,2,159.259259,1393.518519,121.739130,1065.217391
555255.087000,2039,7,71.922399,629.320988,54.978092,481.058308
555281.713000,210,15,7.407407,64.814815,5.662285,49.544995
555336.161000,2415,39,85.185185,745.370370,65.116279,569.767442
555337.863000,1183,137,41.728395,365.123457,31.897540,279.103472
555390.535000,2629,2,92.733686,811.419753,70.886417,620.256151
555515.908000,3396,9,119.788360,1048.148148,91.567240,801.213347
555516.357000,3297,2,116.296296,1017.592593,88.897877,777.856421
555531.826000,1336,41,47.125220,412.345679,36.022919,315.200539
555533.553000,1934,2,68.218695,596.913580,52.146950,456.285811
555582.531000,875,1,30.864198,270.061728,23.592855,206.437479
555585.024000,6,59,0.211640,1.851852,0.161780,1.415571
555587.708000,2441,1,86.102293,753.395062,65.817324,575.901584
555588.063000,3547,2,125.114638,1094.753086,95.638692,836.838557
555623.908000,3634,79,128.183422,1121.604938,97.984496,857.364341
555751.659000,7360,38,259.611993,2271.604938,198.449612,1736.434109
555752.489000,2273,7,80.176367,701.543210,61.287496,536.265588
555753.793000,7686,19,271.111111,2372.222222,207.239636,1813.346815
555765.255000,2683,21,94.638448,828.086420,72.342433,632.996293
555783.773000,1167,4,41.164021,360.185185,31.466127,275.328615
555785.093000,3102,14,109.417989,957.407407,83.640040,731.850354
555788.183000,1934,1,68.218695,596.913580,52.146950,456.285811
555829.346000,875,2,30.864198,270.061728,23.592855,206.437479
555878.579000,3634,23,128.183422,1121.604938,97.984496,857.364341
555996.270000,2780,18,98.059965,858.024691,74.957870,655.881362
556012.866000,3732,9,131.640212,1151.851852,100.626896,880.485339
556033.547000,500,11,17.636684,154.320988,13.481631,117.964274
556033.991000,210,14,7.407407,64.814815,5.662285,49.544995
556034.636000,1167,4,41.164021,360.185185,31.466127,275.328615
556078.478000,3547,2,125.114638,1094.753086,95.638692,836.838557
556125.813000,2541,49,89.629630,784.259259,68.513650,599.494439
556141.265000,1331,9,46.948854,410.802469,35.888102,314.020897
556141.867000,2175,51,76.719577,671.296296,58.645096,513.144590
556142.485000,2516,2,88.747795,776.543210,67.839569,593.596225
556142.643000,2087,3,73.615520,644.135802,56.272329,492.382878
556146.602000,2110,11,74.426808,651.234568,56.892484,497.809235
556260.682000,7680,3,270.899471,2370.370370,207.077856,1811.931244
556333.071000,6,49,0.211640,1.851852,0.161780,1.415571
556336.313000,576,39,20.317460,177.777778,15.530839,135.894843
556376.890000,1878,54,66.243386,579.629630,50.637007,443.073812
556496.644000,4549,22,160.458554,1404.012346,122.655881,1073.238962
556496.775000,3791,4,133.721340,1170.061728,102.217728,894.405123
556514.426000,7680,3,270.899471,2370.370370,207.077856,1811.931244
556520.580000,3629,3,128.007055,1120.061728,97.849680,856.184698
556528.776000,4396,3,155.061728,1356.790123,118.530502,1037.141894
556579.942000,6,16,0.211640,1.851852,0.161780,1.415571
556581.612000,3548,4,125.149912,1095.061728,95.665656,837.074486
556749.363000,3410,13,120.282187,1052.469136,91.944725,804.516346
556749.512000,3791,8,133.721340,1170.061728,102.217728,894.405123
556749.570000,2780,1,98.059965,858.024691,74.957870,655.881362
556825.904000,3548,8,125.149912,1095.061728,95.665656,837.074486
556826.799000,577,7,20.352734,178.086420,15.557802,136.130772
556876.619000,5954,6,210.017637,1837.654321,160.539265,1404.718571
556891.258000,2088,2,73.650794,644.444444,56.299292,492.618807
556895.332000,2110,8,74.426808,651.234568,56.892484,497.809235
556896.981000,7361,37,259.647266,2271.913580,198.476576,1736.670037
556997.289000,2780,1,98.059965,858.024691,74.957870,655.881362
556997.861000,366,1,12.910053,112.962963,9.868554,86.349848
557014.298000,738,3,26.031746,227.777778,19.898888,174.115268
557018.835000,2681,35,94.567901,827.469136,72.288507,632.524435
557031.224000,3162,3,111.534392,975.925926,85.257836,746.006067
557082.542000,6,20,0.211640,1.851852,0.161780,1.415571
557085.359000,3546,10,125.079365,1094.444444,95.611729,836.602629
557086.043000,577,8,20.352734,178.086420,15.557802,136.130772
557135.527000,3637,28,128.289242,1122.530864,98.065386,858.072127
557137.029000,621,18,21.904762,191.666667,16.744186,146.511628
557248.564000,2142,7,75.555556,661.111111,57.755308,505.358948
557250.562000,1521,36,53.650794,469.444444,41.011122,358.847321
557259.400000,582,122,20.529101,179.629630,15.692619,137.310415
557277.846000,2387,3,84.197531,736.728395,64.361308,563.161443
557325.234000,577,8,20.352734,178.086420,15.557802,136.130772
557374.674000,1719,5,60.634921,530.555556,46.349848,405.561173
557395.177000,527,2,18.589065,162.654321,14.209639,124.334344
557506.195000,2780,3,98.059965,858.024691,74.957870,655.881362
557506.664000,679,7,23.950617,209.567901,18.308055,160.195484
557528.994000,2387,3,84.197531,736.728395,64.361308,563.161443
557579.048000,6,1,0.211640,1.851852,0.161780,1.415571
557580.564000,3546,7,125.079365,1094.444444,95.611729,836.602629
557581.448000,3546,7,125.079365,1094.444444,95.611729,836.602629
557758.932000,4352,138,153.509700,1343.209877,117.344119,1026.761038
557767.086000,2247,14,79.259259,693.518519,60.586451,530.131446
557778.550000,780,30,27.513228,240.740741,21.031345,184.024267
557829.281000,6,18,0.211640,1.851852,0.161780,1.415571
557831.378000,3546,4,125.079365,1094.444444,95.611729,836.602629
557878.646000,1720,4,60.670194,530.864198,46.376812,405.797101
557879.222000,921,3,32.486772,284.259259,24.833165,217.290192
557895.198000,294,8,10.370370,90.740741,7.927199,69.362993
557895.834000,2111,1,74.462081,651.543210,56.919447,498.045163
558016.143000,4254,3,150.052910,1312.962963,114.701719,1003.640040
558017.265000,1093,12,38.553792,337.345679,29.470846,257.869902
558075.636000,7,4,0.246914,2.160494,0.188743,1.651500
558125.853000,3635,3,128.218695,1121.913580,98.011459,857.600270
558146.178000,1261,10,44.479718,389.197531,34.000674,297.505898
558146.650000,2111,1,74.462081,651.543210,56.919447,498.045163
558249.287000,679,68,23.950617,209.567901,18.308055,160.195484
558266.263000,3737,149,131.816578,1153.395062,100.761712,881.664981
558280.949000,2387,3,84.197531,736.728395,64.361308,563.161443
558377.257000,941,35,33.192240,290.432099,25.372430,222.008763
558393.078000,30,1,1.058201,9.259259,0.808898,7.077856
558393.655000,1331,3,46.948854,410.802469,35.888102,314.020897
558393.959000,2550,600,89.947090,787.037037,68.756320,601.617796
558394.666000,2550,104,89.947090,787.037037,68.756320,601.617796
558396.784000,2112,3,74.497354,651.851852,56.946411,498.281092
558534.253000,1339,3,47.231041,413.271605,36.103809,315.908325
558534.906000,3164,1,111.604938,976.543210,85.311763,746.477924
558537.072000,27,22,0.952381,8.333333,0.728008,6.370071
558575.921000,7,20,0.246914,2.160494,0.188743,1.651500
558640.539000,559,1,19.717813,172.530864,15.072464,131.884058
558642.310000,7677,1,270.793651,2369.444444,206.996967,1811.223458
558750.288000,984,2,34.708995,303.703704,26.531850,232.153691
558753.194000,1478,6,52.134039,456.172840,39.851702,348.702393
558767.704000,922,61,32.522046,284.567901,24.860128,217.526121
558772.435000,3631,1,128.077601,1120.679012,97.903606,856.656555
558825.947000,7,4,0.246914,2.160494,0.188743,1.651500
558827.941000,3297,2,116.296296,1017.592593,88.897877,777.856421
558872.895000,1720,8,60.670194,530.864198,46.376812,405.797101
558891.858000,1774,26,62.574956,547.530864,47.832828,418.537243
558893.977000,295,1,10.405644,91.049383,7.954162,69.598921
558894.355000,7309,3,257.813051,2255.864198,197.074486,1724.401753
558994.078000,1165,21,41.093474,359.567901,31.412201,274.856758
559012.035000,5278,53,186.172840,1629.012346,142.312100,1245.230873
559031.566000,780,9,27.513228,240.740741,21.031345,184.024267
559031.732000,7361,112,259.647266,2271.913580,198.476576,1736.670037
559032.544000,2641,3,93.156966,815.123457,71.209976,623.087294
559081.504000,7,22,0.246914,2.160494,0.188743,1.651500
559085.230000,579,2,20.423280,178.703704,15.611729,136.602629
559147.448000,1262,20,44.514991,389.506173,34.027637,297.741827
559148.237000,295,45,10.405644,91.049383,7.954162,69.598921
559148.501000,2883,3,101.693122,889.814815,77.735086,680.182002
559251.884000,954,55,33.650794,294.444444,25.722952,225.075834
559255.034000,2783,1,98.165785,858.950617,75.038760,656.589147
559283.507000,3165,6,111.640212,976.851852,85.338726,746.713852
559331.989000,1841,58,64.938272,568.209877,49.639366,434.344456
559378.627000,2545,32,89.770723,785.493827,68.621503,600.438153
559502.893000,1521,11,53.650794,469.444444,41.011122,358.847321
559503.229000,1166,17,41.128748,359.876543,31.439164,275.092686
559509.050000,922,1,32.522046,284.567901,24.860128,217.526121
559533.220000,1931,5,68.112875,595.987654,52.066060,455.578025
559575.093000,577,3,20.352734,178.086420,15.557802,136.130772
559575.594000,2422,2,85.432099,747.530864,65.305022,571.418942
559622.561000,2403,1,84.761905,741.666667,64.792720,566.936299
559641.493000,2113,17,74.532628,652.160494,56.973374,498.517021
559748.231000,4722,1,166.560847,1457.407407,127.320526,1114.054601
559750.238000,2665,3,94.003527,822.530864,71.857095,628.749579
559758.733000,922,1,32.522046,284.567901,24.860128,217.526121
559784.257000,1341,16,47.301587,413.888889,36.157735,316.380182
559787.329000,30,24,1.058201,9.259259,0.808898,7.077856
559873.309000,2546,3,89.805996,785.802469,68.648466,600.674082
559892.175000,7678,1,270.828924,2369.753086,207.023930,1811.459387
560012.202000,7686,1,271.111111,2372.222222,207.239636,1813.346815
560033.097000,1341,1,47.301587,413.888889,36.157735,316.380182
560035.575000,1932,4,68.148148,596.296296,52.093023,455.813953
560036.260000,2643,5,93.227513,815.740741,71.263903,623.559151
560077.298000,7,8,0.246914,2.160494,0.188743,1.651500
560079.463000,3546,9,125.079365,1094.444444,95.611729,836.602629
560142.175000,2499,39,88.148148,771.296296,67.381193,589.585440
560245.127000,2783,1,98.165785,858.950617,75.038760,656.589147
560259.706000,1093,13,38.553792,337.345679,29.470846,257.869902
560284.245000,3168,5,111.746032,977.777778,85.419616,747.421638
560286.991000,4512,1,159.153439,1392.592593,121.658241,1064.509606
560329.323000,1843,16,65.008818,568.827160,49.693293,434.816313
560378.209000,166,19,5.855379,51.234568,4.475902,39.164139
560499.909000,2273,7,80.176367,701.543210,61.287496,536.265588
560537.931000,1341,14,47.301587,413.888889,36.157735,316.380182
560750.775000,2089,8,73.686067,644.753086,56.326255,492.854735
560785.504000,1341,80,47.301587,413.888889,36.157735,316.380182
560788.289000,2643,1,93.227513,815.740741,71.263903,623.559151
560789.122000,2382,18,84.021164,735.185185,64.226491,561.981800
560825.325000,8,38,0.282187,2.469136,0.215706,1.887428
560890.946000,3870,9,136.507937,1194.444444,104.347826,913.043478
560891.904000,7679,28,270.864198,2370.061728,207.050893,1811.695315
561000.420000,2782,17,98.130511,858.641975,75.011796,656.353219
561012.510000,7683,1,271.005291,2371.296296,207.158746,1812.639029
561013.826000,923,182,32.557319,284.876543,24.887091,217.762049
561037.699000,2643,5,93.227513,815.740741,71.263903,623.559151
561079.838000,8,21,0.282187,2.469136,0.215706,1.887428
561122.837000,2548,5,89.876543,786.419753,68.702393,601.145939
561141.933000,2885,10,101.763668,890.432099,77.789012,680.653859
561282.482000,3168,17,111.746032,977.777778,85.419616,747.421638
561283.996000,1341,68,47.301587,413.888889,36.157735,316.380182
561373.817000,7671,1,270.582011,2367.592593,206.835187,1809.807887
561497.761000,1480,6,52.204586,456.790123,39.905629,349.174250
561509.301000,923,11,32.557319,284.876543,24.887091,217.762049
561754.983000,957,6,33.756614,295.370370,25.803842,225.783620
561757.349000,3792,3,133.756614,1170.370370,102.244692,894.641052
561757.542000,3364,3,118.659612,1038.271605,90.704415,793.663633
561836.959000,1907,15,67.266314,588.580247,51.418942,449.915740
561873.681000,2403,1,84.761905,741.666667,64.792720,566.936299
561873.993000,315,31,11.111111,97.222222,8.493428,74.317492
562000.331000,2784,1,98.201058,859.259259,75.065723,656.825076
562001.940000,3792,6,133.756614,1170.370370,102.244692,894.641052
562049.475000,2384,11,84.091711,735.802469,64.280418,562.453657
562050.328000,4512,6,159.153439,1392.592593,121.658241,1064.509606
562089.376000,3547,8,125.114638,1094.753086,95.638692,836.838557
562131.816000,2552,77,90.017637,787.654321,68.810246,602.089653
562245.678000,758,3,26.737213,233.950617,20.438153,178.833839
562246.356000,958,5,33.791887,295.679012,25.830806,226.019548
562286.230000,1342,62,47.336861,414.197531,36.184698,316.616111
562288.949000,782,5,27.583774,241.358025,21.085271,184.496124
562334.027000,8,68,0.282187,2.469136,0.215706,1.887428
562340.652000,2938,90,103.633157,906.790123,79.218065,693.158072
562391.471000,1705,15,60.141093,526.234568,45.972363,402.258173
562496.462000,2425,1,85.537919,748.456790,65.385912,572.126727
562496.692000,759,1,26.772487,234.259259,20.465116,179.069767
562531.948000,41,15,1.446208,12.654321,1.105494,9.673070
562622.732000,2402,2,84.726631,741.358025,64.765757,566.700371
562642.275000,2922,24,103.068783,901.851852,78.786653,689.383215
562642.649000,948,18,33.439153,292.592593,25.561173,223.660263
562643.011000,7685,32,271.075838,2371.913580,207.212673,1813.110886
562786.178000,782,12,27.583774,241.358025,21.085271,184.496124
562890.765000,1780,2,62.786596,549.382716,47.994607,419.952814
562893.192000,2349,9,82.857143,725.000000,63.336704,554.196158
562999.848000,7686,1,271.111111,2372.222222,207.239636,1813.346815
563009.235000,7686,4,271.111111,2372.222222,207.239636,1813.346815
563083.767000,7684,13,271.040564,2371.604938,207.185709,1812.874958
563088.742000,581,339,20.493827,179.320988,15.665656,137.074486
563089.488000,3546,4,125.079365,1094.444444,95.611729,836.602629
563122.900000,3634,3,128.183422,1121.604938,97.984496,857.364341
563141.622000,7658,6,270.123457,2363.580247,206.484665,1806.740816
563142.494000,698,150,24.620811,215.432099,18.820357,164.678126
563276.889000,5009,2,176.684303,1545.987654,135.058982,1181.766094
563277.284000,6772,9,238.871252,2090.123457,182.595214,1597.708123
563278.464000,1342,67,47.336861,414.197531,36.184698,316.616111
563392.721000,554,10,19.541446,170.987654,14.937647,130.704415
563394.256000,699,1,24.656085,215.740741,18.847321,164.914055
563395.156000,2352,12,82.962963,725.925926,63.417594,554.903943
563395.453000,950,12,33.509700,293.209877,25.615099,224.132120
563501.299000,959,18,33.827160,295.987654,25.857769,226.255477
563578.723000,1987,83,70.088183,613.271605,53.576003,468.790024
563640.665000,7657,2,270.088183,2363.271605,206.457701,1806.504887
563744.913000,1566,138,55.238095,483.333333,42.224469,369.464105
563891.197000,1107,3,39.047619,341.666667,29.848332,261.172902
564028.019000,2644,10,93.262787,816.049383,71.290866,623.795079
564080.306000,3089,181,108.959436,953.395062,83.289518,728.783283
564143.151000,699,220,24.656085,215.740741,18.847321,164.914055
564143.650000,2352,18,82.962963,725.925926,63.417594,554.903943
564244.205000,3248,3,114.567901,1002.469136,87.576677,766.295922
564261.502000,7685,1,271.075838,2371.913580,207.212673,1813.110886
564262.210000,7686,1,271.111111,2372.222222,207.239636,1813.346815
564276.907000,5010,2,176.719577,1546.296296,135.085945,1182.002022
564277.722000,4398,3,155.132275,1357.407407,118.584429,1037.613751
564330.889000,3545,9,125.044092,1094.135802,95.584766,836.366700
564374.868000,913,3,32.204586,281.790123,24.617459,215.402764
564390.743000,2582,5,91.075838,796.913580,69.619144,609.167509
564391.526000,699,104,24.656085,215.740741,18.847321,164.914055
564512.766000,7686,2,271.111111,2372.222222,207.239636,1813.346815
564530.652000,2570,9,90.652557,793.209877,69.295585,606.336367
564531.164000,4399,2,155.167549,1357.716049,118.611392,1037.849680
564579.508000,7678,1,270.828924,2369.753086,207.023930,1811.459387
564579.805000,2873,9,101.340388,886.728395,77.465453,677.822717
564581.209000,2062,8,72.733686,636.419753,55.598247,486.484665
564642.366000,1703,14,60.070547,525.617284,45.918436,401.786316
564744.030000,1568,2,55.308642,483.950617,42.278396,369.935962
564762.998000,3740,178,131.922399,1154.320988,100.842602,882.372767
564776.450000,5011,7,176.754850,1546.604938,135.112909,1182.237951
564874.995000,2552,1,90.017637,787.654321,68.810246,602.089653
564875.501000,3038,7,107.160494,937.654321,81.914392,716.750927
564892.288000,700,40,24.691358,216.049383,18.874284,165.149983
565027.681000,4400,1,155.202822,1358.024691,118.638355,1038.085608
565083.415000,1845,360,65.079365,569.444444,49.747219,435.288170
565126.509000,3038,8,107.160494,937.654321,81.914392,716.750927
565127.192000,3039,6,107.195767,937.962963,81.941355,716.986855
565127.667000,2550,3,89.947090,787.037037,68.756320,601.617796
565143.395000,701,92,24.726631,216.358025,18.901247,165.385912
565249.178000,1568,2,55.308642,483.950617,42.278396,369.935962
565259.909000,7686,1,271.111111,2372.222222,207.239636,1813.346815
565276.740000,5010,2,176.719577,1546.296296,135.085945,1182.002022
565278.189000,2644,9,93.262787,816.049383,71.290866,623.795079
565327.691000,579,140,20.423280,178.703704,15.611729,136.602629
565328.486000,580,5,20.458554,179.012346,15.638692,136.838557
565374.566000,3039,6,107.195767,937.962963,81.941355,716.986855
565375.006000,2550,1,89.947090,787.037037,68.756320,601.617796
565391.969000,1779,21,62.751323,549.074074,47.967644,419.716886
565395.719000,2354,26,83.033510,726.543210,63.471520,555.375800
565527.220000,5009,2,176.684303,1545.987654,135.058982,1181.766094
565528.124000,4400,2,155.202822,1358.024691,118.638355,1038.085608
565528.969000,2744,7,96.790123,846.913580,73.987192,647.387934
565584.602000,580,5,20.458554,179.012346,15.638692,136.838557
565624.922000,3039,6,107.195767,937.962963,81.941355,716.986855
565625.511000,2550,1,89.947090,787.037037,68.756320,601.617796
565625.849000,3039,6,107.195767,937.962963,81.941355,716.986855
565641.132000,2057,7,72.557319,634.876543,55.463431,485.305022
565745.692000,82,2,2.892416,25.308642,2.210988,19.346141
565746.431000,1567,5,55.273369,483.641975,42.251432,369.700034
565756.842000,7686,4,271.111111,2372.222222,207.239636,1813.346815
565760.743000,5280,19,186.243386,1629.629630,142.366026,1245.702730
565776.937000,4401,4,155.238095,1358.333333,118.665319,1038.321537
565778.598000,40,16,1.410935,12.345679,1.078531,9.437142
565779.233000,2745,4,96.825397,847.222222,74.014156,647.623862
565829.186000,1846,41,65.114638,569.753086,49.774183,435.524098
565830.409000,580,5,20.458554,179.012346,15.638692,136.838557
565874.184000,2550,1,89.947090,787.037037,68.756320,601.617796
565874.870000,2550,1,89.947090,787.037037,68.756320,601.617796
565993.292000,3035,9,107.054674,936.728395,81.833502,716.043141
566076.510000,7678,6,270.828924,2369.753086,207.023930,1811.459387
566123.081000,2550,1,89.947090,787.037037,68.756320,601.617796
566141.847000,2354,17,83.033510,726.543210,63.471520,555.375800
566257.870000,5211,1,183.809524,1608.333333,140.505561,1229.423660
566325.094000,3093,1,109.100529,954.629630,83.397371,729.726997
566326.258000,580,5,20.458554,179.012346,15.638692,136.838557
566392.643000,299,32,10.546737,92.283951,8.062016,70.542636
566392.848000,2354,1,83.033510,726.543210,63.471520,555.375800
566507.981000,4053,3,142.962963,1250.925926,109.282103,956.218402
566526.960000,4401,19,155.238095,1358.333333,118.665319,1038.321537
566577.847000,754,1,26.596120,232.716049,20.330300,177.890125
566641.410000,4466,12,157.530864,1378.395062,120.417931,1053.656892
566644.778000,299,2,10.546737,92.283951,8.062016,70.542636
566749.971000,1564,3,55.167549,482.716049,42.170543,368.992248
566757.880000,5210,1,183.774250,1608.024691,140.478598,1229.187732
566777.080000,5010,7,176.719577,1546.296296,135.085945,1182.002022
567072.468000,3092,5,109.065256,954.320988,83.370408,729.491068
567073.650000,12,93,0.423280,3.703704,0.323559,2.831143
567075.681000,582,3,20.529101,179.629630,15.692619,137.310415
567076.095000,755,1,26.631393,233.024691,20.357263,178.126053
567142.548000,300,33,10.582011,92.592593,8.088979,70.778564
567258.968000,2702,26,95.308642,833.950617,72.854735,637.478935
567277.260000,6774,8,238.941799,2090.740741,182.649141,1598.179980
567278.758000,1937,11,68.324515,597.839506,52.227840,456.993596
567322.256000,1847,85,65.149912,570.061728,49.801146,435.760027
567375.017000,5962,8,210.299824,1840.123457,160.754971,1406.605999
567391.324000,4466,23,157.530864,1378.395062,120.417931,1053.656892
567392.781000,701,691,24.726631,216.358025,18.901247,165.385912
567496.547000,3035,6,107.054674,936.728395,81.833502,716.043141
567527.197000,1938,10,68.359788,598.148148,52.254803,457.229525
567578.193000,759,6,26.772487,234.259259,20.465116,179.069767
567641.191000,2789,2,98.377425,860.802469,75.200539,658.004719
567642.825000,701,41,24.726631,216.358025,18.901247,165.385912
567643.502000,300,2,10.582011,92.592593,8.088979,70.778564
567758.681000,3335,21,117.636684,1029.320988,89.922481,786.821705
567777.249000,2645,9,93.298060,816.358025,71.317829,624.031008
567822.582000,1848,88,65.185185,570.370370,49.828109,435.995956
567823.155000,12,1,0.423280,3.703704,0.323559,2.831143
567873.784000,5963,7,210.335097,1840.432099,160.781935,1406.841928
567998.754000,3035,6,107.054674,936.728395,81.833502,716.043141
567999.607000,1167,1,41.164021,360.185185,31.466127,275.328615
568029.840000,1917,10,67.619048,591.666667,51.688574,452.275025
568073.349000,759,6,26.772487,234.259259,20.465116,179.069767
568141.550000,2356,15,83.104056,727.160494,63.525447,555.847658
568141.713000,300,30,10.582011,92.592593,8.088979,70.778564
568256.864000,5018,3,177.001764,1548.765432,135.301651,1183.889451
568277.190000,2645,9,93.298060,816.358025,71.317829,624.031008
568278.319000,40,18,1.410935,12.345679,1.078531,9.437142
568322.323000,4449,3,156.931217,1373.148148,119.959555,1049.646107
568391.663000,701,208,24.726631,216.358025,18.901247,165.385912
568641.453000,2861,7,100.917108,883.024691,77.141894,674.991574
568776.723000,2572,19,90.723104,793.827160,69.349511,606.808224
568777.474000,1208,5,42.610229,372.839506,32.571621,285.001685
568890.735000,1704,4,60.105820,525.925926,45.945399,402.022245
569027.893000,6774,1,238.941799,2090.740741,182.649141,1598.179980
569029.026000,2645,9,93.298060,816.358025,71.317829,624.031008
569076.601000,2964,9,104.550265,914.814815,79.919110,699.292214
569260.031000,5293,3,186.701940,1633.641975,142.716549,1248.769801
569282.591000,324,10,11.428571,100.000000,8.736097,76.440849
569322.228000,3097,157,109.241623,955.864198,83.505224,730.670711
569510.092000,2492,46,87.901235,769.135802,67.192450,587.933940
569574.360000,16,24,0.564374,4.938272,0.431412,3.774857
569640.880000,534,4,18.835979,164.814815,14.398382,125.985844
569641.810000,2356,9,83.104056,727.160494,63.525447,555.847658
569776.637000,324,14,11.428571,100.000000,8.736097,76.440849
569777.864000,6774,11,238.941799,2090.740741,182.649141,1598.179980
569780.467000,2745,5,96.825397,847.222222,74.014156,647.623862
569823.401000,1851,8,65.291005,571.296296,49.908999,436.703741
569890.766000,1496,9,52.768959,461.728395,40.337041,352.949107
569994.506000,1564,3,55.167549,482.716049,42.170543,368.992248
570010.752000,1337,6,47.160494,412.654321,36.049882,315.436468
570028.317000,324,16,11.428571,100.000000,8.736097,76.440849
570072.323000,16,25,0.564374,4.938272,0.431412,3.774857
570072.906000,2872,113,101.305115,886.419753,77.438490,677.586788
570244.544000,1167,4,41.164021,360.185185,31.466127,275.328615
570323.796000,2061,26,72.698413,636.111111,55.571284,486.248736
570496.339000,1564,3,55.167549,482.716049,42.170543,368.992248
570506.778000,7681,6,270.934744,2370.679012,207.104820,1812.167172
570527.651000,6776,8,239.012346,2091.358025,182.703067,1598.651837
570747.391000,3898,4,137.495591,1203.086420,105.102797,919.649478
570748.429000,259,14,9.135802,79.938272,6.983485,61.105494
570828.449000,3546,9,125.079365,1094.444444,95.611729,836.602629
570875.859000,1543,7,54.426808,476.234568,41.604314,364.037749
570890.992000,1498,1,52.839506,462.345679,40.390967,353.420964
570892.210000,2358,12,83.174603,727.777778,63.579373,556.319515
570892.622000,1498,1,52.839506,462.345679,40.390967,353.420964
571006.836000,1445,3,50.970018,445.987654,38.961914,340.916751
571027.705000,1745,9,61.552028,538.580247,47.050893,411.695315
571072.970000,2060,24,72.663139,635.802469,55.544321,486.012808
571077.550000,4448,3,156.895944,1372.839506,119.932592,1049.410179
571123.135000,5964,8,210.370370,1840.740741,160.808898,1407.077856
571324.519000,17,135,0.599647,5.246914,0.458375,4.010785
571327.980000,3545,6,125.044092,1094.135802,95.584766,836.366700
571376.477000,1545,4,54.497354,476.851852,41.658241,364.509606
571378.051000,2552,1,90.017637,787.654321,68.810246,602.089653
571393.627000,1498,22,52.839506,462.345679,40.390967,353.420964
571526.707000,6777,2,239.047619,2091.666667,182.730030,1598.887765
571577.940000,3545,9,125.044092,1094.135802,95.584766,836.366700
571625.666000,3040,8,107.231041,938.271605,81.968318,717.222784
571626.240000,3040,8,107.231041,938.271605,81.968318,717.222784
571641.344000,2063,30,72.768959,636.728395,55.625211,486.720593
571756.798000,4219,3,148.818342,1302.160494,113.758005,995.382541
571757.306000,3406,11,120.141093,1051.234568,91.836872,803.572632
571777.283000,2645,9,93.298060,816.358025,71.317829,624.031008
571823.838000,18,48,0.634921,5.555556,0.485339,4.246714
571878.100000,6994,14,246.701940,2158.641975,188.581058,1650.084260
571880.061000,3041,6,107.266314,938.580247,81.995281,717.458713
571880.366000,2552,2,90.017637,787.654321,68.810246,602.089653
571894.415000,1998,3,70.476190,616.666667,53.872599,471.385238
571896.698000,1501,21,52.945326,463.271605,40.471857,354.128750
571996.079000,811,14,28.606702,250.308642,21.867206,191.338052
572008.440000,3898,3,137.495591,1203.086420,105.102797,919.649478
572029.437000,329,3,11.604938,101.543210,8.870913,77.620492
572031.044000,2645,9,93.298060,816.358025,71.317829,624.031008
572072.657000,2875,3,101.410935,887.345679,77.519380,678.294574
572123.483000,3041,6,107.266314,938.580247,81.995281,717.458713
572123.852000,2552,2,90.017637,787.654321,68.810246,602.089653
572142.533000,1194,16,42.116402,368.518519,32.194135,281.698686
572276.884000,1483,6,52.310406,457.716049,39.986518,349.882036
572327.501000,2427,9,85.608466,749.074074,65.439838,572.598584
572502.206000,3812,6,134.462081,1176.543210,102.783957,899.359623
572502.310000,2513,2,88.641975,775.617284,67.758679,592.888440
572641.965000,1195,14,42.151675,368.827160,32.221099,281.934614
572757.385000,4736,5,167.054674,1461.728395,127.698011,1117.357600
572824.254000,19,106,0.670194,5.864198,0.512302,4.482642
572874.436000,1164,3,41.058201,359.259259,31.385238,274.620829
572875.428000,2553,1,90.052910,787.962963,68.837209,602.325581
573007.944000,217,8,7.654321,66.975309,5.851028,51.196495
573072.353000,2430,1,85.714286,750.000000,65.520728,573.306370
573129.741000,1548,59,54.603175,477.777778,41.739130,365.217391
573132.169000,3041,6,107.266314,938.580247,81.995281,717.458713
573141.423000,1726,4,60.881834,532.716049,46.538591,407.212673
573256.584000,218,1,7.689594,67.283951,5.877991,51.432423
573277.333000,6780,94,239.153439,2092.592593,182.810920,1599.595551
573322.260000,20,1,0.705467,6.172840,0.539265,4.718571
573323.312000,1911,11,67.407407,589.814815,51.526795,450.859454
573506.843000,218,3,7.689594,67.283951,5.877991,51.432423
573507.200000,7681,7,270.934744,2370.679012,207.104820,1812.167172
573527.345000,1483,1,52.310406,457.716049,39.986518,349.882036
573573.603000,1911,6,67.407407,589.814815,51.526795,450.859454
573624.374000,1165,13,41.093474,359.567901,31.412201,274.856758
573757.259000,1760,15,62.081129,543.209877,47.455342,415.234243
573777.849000,2916,95,102.857143,900.000000,78.624874,687.967644
573872.012000,3041,10,107.266314,938.580247,81.995281,717.458713
573891.091000,2000,5,70.546737,617.283951,53.926525,471.857095
573892.593000,1268,7,44.726631,391.358025,34.189417,299.157398
574027.522000,1483,8,52.310406,457.716049,39.986518,349.882036
574028.501000,2071,2,73.051146,639.197531,55.840917,488.608022
574072.435000,1911,10,67.407407,589.814815,51.526795,450.859454
574072.705000,878,5,30.970018,270.987654,23.673745,207.145265
574091.938000,1911,1,67.407407,589.814815,51.526795,450.859454
574258.234000,1760,15,62.081129,543.209877,47.455342,415.234243
574322.272000,21,55,0.740741,6.481481,0.566229,4.954499
574323.454000,876,9,30.899471,270.370370,23.619818,206.673407
574326.088000,2966,63,104.620811,915.432099,79.973037,699.764071
574373.971000,3512,1,123.880071,1083.950617,94.694978,828.581058
574390.969000,2001,3,70.582011,617.592593,53.953488,472.093023
574507.062000,7682,6,270.970018,2370.987654,207.131783,1812.403101
574640.618000,2001,1,70.582011,617.592593,53.953488,472.093023
574756.396000,2774,13,97.848325,856.172840,74.796090,654.465790
574760.689000,2209,7,77.918871,681.790123,59.561847,521.166161
574777.116000,1485,8,52.380952,458.333333,40.040445,350.353893
574823.235000,20,34,0.705467,6.172840,0.539265,4.718571
574826.632000,2435,1,85.890653,751.543210,65.655544,574.486013
574828.311000,1063,81,37.495591,328.086420,28.661948,250.792046
575073.130000,1911,93,67.407407,589.814815,51.526795,450.859454
575076.822000,1470,3,51.851852,453.703704,39.635996,346.814965
575142.135000,2360,2,83.245150,728.395062,63.633300,556.791372
575253.628000,2775,1,97.883598,856.481481,74.823054,654.701719
575256.451000,1164,111,41.058201,359.259259,31.385238,274.620829
575263.758000,5298,1,186.878307,1635.185185,142.851365,1249.949444
575276.984000,7676,3,270.758377,2369.135802,206.970003,1810.987529
575278.312000,2582,1,91.075838,796.913580,69.619144,609.167509
575322.343000,879,1,31.005291,271.296296,23.700708,207.381193
575322.408000,1856,20,65.467372,572.839506,50.043815,437.883384
575390.309000,7677,1,270.793651,2369.444444,206.996967,1811.223458
575500.035000,2786,25,98.271605,859.876543,75.119649,657.296933
575510.968000,588,9,20.740741,181.481481,15.854398,138.725986
575511.689000,1762,87,62.151675,543.827160,47.509269,415.706100
575747.693000,3950,16,139.329806,1219.135802,106.504887,931.917762
575776.895000,331,5,11.675485,102.160494,8.924840,78.092349
575891.028000,2003,7,70.652557,618.209877,54.007415,472.564880
575893.341000,1652,43,58.271605,509.876543,44.543310,389.753960
575894.472000,1085,10,38.271605,334.876543,29.255140,255.982474
576031.177000,3683,101,129.911817,1136.728395,99.305696,868.924840
576072.079000,880,1,31.040564,271.604938,23.727671,207.617122
576076.773000,1472,24,51.922399,454.320988,39.689922,347.286822
576121.883000,7679,2,270.864198,2370.061728,207.050893,1811.695315
576276.669000,2360,16,83.245150,728.395062,63.633300,556.791372
576323.211000,881,1,31.075838,271.913580,23.754634,207.853050
576325.975000,1774,46,62.574956,547.530864,47.832828,418.537243
576326.821000,2777,1,97.954145,857.098765,74.876980,655.173576
576327.062000,590,1,20.811287,182.098765,15.908325,139.197843
576391.224000,2004,6,70.687831,618.518519,54.034378,472.800809
576393.262000,537,2,18.941799,165.740741,14.479272,126.693630
576500.755000,1114,10,39.294533,343.827160,30.037074,262.824402
576507.187000,7681,7,270.934744,2370.679012,207.104820,1812.167172
576573.777000,1856,97,65.467372,572.839506,50.043815,437.883384
576574.378000,20,155,0.705467,6.172840,0.539265,4.718571
576574.575000,3772,4,133.051146,1164.197531,101.705426,889.922481
576576.550000,2437,4,85.961199,752.160494,65.709471,574.957870
576640.774000,2003,5,70.652557,618.209877,54.007415,472.564880
576777.292000,785,11,27.689594,242.283951,21.166161,185.203910
576822.626000,880,7,31.040564,271.604938,23.727671,207.617122
576823.899000,590,1,20.811287,182.098765,15.908325,139.197843
576825.622000,2153,12,75.943563,664.506173,58.051904,507.954162
576825.906000,590,12,20.811287,182.098765,15.908325,139.197843
576891.772000,1652,81,58.271605,509.876543,44.543310,389.753960
577001.720000,811,302,28.606702,250.308642,21.867206,191.338052
577004.082000,3247,4,114.532628,1002.160494,87.549714,766.059993
577029.326000,66,27,2.328042,20.370370,1.779575,15.571284
577074.295000,1774,61,62.574956,547.530864,47.832828,418.537243
577122.867000,1791,24,63.174603,552.777778,48.291203,422.548028
577140.822000,2003,5,70.652557,618.209877,54.007415,472.564880
577143.080000,7679,36,270.864198,2370.061728,207.050893,1811.695315
577256.654000,7683,1,271.005291,2371.296296,207.158746,1812.639029
577259.725000,2778,5,97.989418,857.407407,74.903943,655.409505
577277.138000,503,8,17.742504,155.246914,13.562521,118.672059
577277.633000,2361,1,83.280423,728.703704,63.660263,557.027300
577279.796000,2919,13,102.962963,900.925926,78.705763,688.675430
577322.808000,1859,23,65.573192,573.765432,50.124705,438.591170
577324.276000,591,11,20.846561,182.407407,15.935288,139.433771
577390.713000,2003,4,70.652557,618.209877,54.007415,472.564880
577394.225000,1340,64,47.266314,413.580247,36.130772,316.144253
577508.576000,1038,42,36.613757,320.370370,27.987867,244.893832
577640.880000,2003,6,70.652557,618.209877,54.007415,472.564880
577745.028000,2582,9,91.075838,796.913580,69.619144,609.167509
577757.113000,7683,5,271.005291,2371.296296,207.158746,1812.639029
577761.280000,2778,5,97.989418,857.407407,74.903943,655.409505
577777.434000,2361,14,83.280423,728.703704,63.660263,557.027300
577823.751000,2438,4,85.996473,752.469136,65.736434,575.193798
577891.417000,7678,15,270.828924,2369.753086,207.023930,1811.459387
577891.491000,1519,9,53.580247,468.827160,40.957196,358.375463
578033.558000,2922,10,103.068783,901.851852,78.786653,689.383215
578071.968000,881,6,31.075838,271.913580,23.754634,207.853050
578123.453000,1543,9,54.426808,476.234568,41.604314,364.037749
578124.009000,1789,21,63.104056,552.160494,48.237277,422.076171
578143.932000,1657,53,58.447972,511.419753,44.678126,390.933603
578256.518000,1958,1,69.065256,604.320988,52.794068,461.948096
578258.613000,2779,1,98.024691,857.716049,74.930907,655.645433
578326.110000,1088,5,38.377425,335.802469,29.336030,256.690260
578374.441000,2584,6,91.146384,797.530864,69.673070,609.639366
578390.684000,2004,5,70.687831,618.518519,54.034378,472.800809
578511.348000,3899,4,137.530864,1203.395062,105.129761,919.885406
578530.311000,2361,9,83.280423,728.703704,63.660263,557.027300
578530.380000,68,8,2.398589,20.987654,1.833502,16.043141
578780.808000,69,11,2.433862,21.296296,1.860465,16.279070
578824.533000,1856,130,65.467372,572.839506,50.043815,437.883384
578827.018000,1124,3,39.647266,346.913580,30.306707,265.183687
579009.788000,2781,1,98.095238,858.333333,74.984833,656.117290
579146.808000,1657,24,58.447972,511.419753,44.678126,390.933603
579246.706000,2584,6,91.146384,797.530864,69.673070,609.639366
579284.396000,69,19,2.433862,21.296296,1.860465,16.279070
579285.703000,2670,102,94.179894,824.074074,71.991911,629.929221
579286.131000,7675,11,270.723104,2368.827160,206.943040,1810.751601
579373.838000,1543,9,54.426808,476.234568,41.604314,364.037749
579390.527000,2004,7,70.687831,618.518519,54.034378,472.800809
579507.950000,2782,1,98.130511,858.641975,75.011796,656.353219
579530.234000,1491,1,52.592593,460.185185,40.202224,351.769464
579578.020000,1475,3,52.028219,455.246914,39.770812,347.994607
579623.131000,987,6,34.814815,304.629630,26.612740,232.861476
579640.670000,7677,3,270.793651,2369.444444,206.996967,1811.223458
579757.266000,2782,1,98.130511,858.641975,75.011796,656.353219
579779.838000,1492,3,52.627866,460.493827,40.229188,352.005393
579827.784000,592,1,20.881834,182.716049,15.962251,139.669700
579876.410000,1543,24,54.426808,476.234568,41.604314,364.037749
580001.260000,813,80,28.677249,250.925926,21.921132,191.809909
580077.377000,2441,3,86.102293,753.395062,65.817324,575.901584
580077.491000,592,7,20.881834,182.716049,15.962251,139.669700
580125.965000,5652,3,199.365079,1744.444444,152.396360,1333.468150
580126.257000,6975,7,246.031746,2152.777778,188.068756,1645.601618
580278.044000,1492,1,52.627866,460.493827,40.229188,352.005393
580327.631000,593,6,20.917108,183.024691,15.989215,139.905629
580622.489000,3020,2,106.525573,932.098765,81.429053,712.504213
580783.418000,1492,2,52.627866,460.493827,40.229188,352.005393
580783.782000,2364,1,83.386243,729.629630,63.741153,557.735086
580784.431000,72,1,2.539683,22.222222,1.941355,16.986855
580786.379000,2922,1,103.068783,901.851852,78.786653,689.383215
580786.986000,2701,1,95.273369,833.641975,72.827772,637.243006
580890.785000,7680,100,270.899471,2370.370370,207.077856,1811.931244
581008.134000,2489,7,87.795414,768.209877,67.111560,587.226154
581032.052000,2922,10,103.068783,901.851852,78.786653,689.383215
581073.930000,22,500,0.776014,6.790123,0.593192,5.190428
581076.197000,3307,4,116.649030,1020.679012,89.167509,780.215706
581142.711000,1340,67,47.266314,413.580247,36.130772,316.144253
581244.718000,3968,2,139.964727,1224.691358,106.990226,936.164476
581244.825000,1392,1,49.100529,429.629630,37.532861,328.412538
581279.751000,2365,1,83.421517,729.938272,63.768116,557.971014
581373.228000,1782,14,62.857143,550.000000,48.048534,420.424671
581390.389000,1658,150,58.483245,511.728395,44.705089,391.169532
581391.133000,1519,9,53.580247,468.827160,40.957196,358.375463
581492.709000,1392,2,49.100529,429.629630,37.532861,328.412538
581532.360000,74,17,2.610229,22.839506,1.995281,17.458713
581590.351000,2583,3,91.111111,797.222222,69.646107,609.403438
581624.251000,889,7,31.358025,274.382716,23.970340,209.740479
581781.717000,1825,19,64.373898,563.271605,49.207954,430.569599
581784.394000,2924,12,103.139330,902.469136,78.840580,689.855072
582033.249000,1973,51,69.594356,608.950617,53.198517,465.487024
582127.770000,5652,3,199.365079,1744.444444,152.396360,1333.468150
582128.373000,3468,14,122.328042,1070.370370,93.508595,818.200202
582278.863000,75,1,2.645503,23.148148,2.022245,17.694641
582327.009000,2583,3,91.111111,797.222222,69.646107,609.403438
582328.348000,1096,39,38.659612,338.271605,29.551736,258.577688
582371.961000,6977,6,246.102293,2153.395062,188.122683,1646.073475
582494.277000,2441,3,86.102293,753.395062,65.817324,575.901584
582494.770000,1392,2,49.100529,429.629630,37.532861,328.412538
582531.402000,7676,8,270.758377,2369.135802,206.970003,1810.987529
582532.468000,2924,11,103.139330,902.469136,78.840580,689.855072
582582.699000,2583,3,91.111111,797.222222,69.646107,609.403438
582641.008000,1927,3,67.971781,594.753086,51.958207,454.634311
582642.064000,138,67,4.867725,42.592593,3.720930,32.558140
582823.351000,22,231,0.776014,6.790123,0.593192,5.190428
582997.510000,2650,13,93.474427,817.901235,71.452646,625.210650
582999.106000,636,27,22.433862,196.296296,17.148635,150.050556
583033.751000,77,16,2.716049,23.765432,2.076171,18.166498
583073.136000,23,8,0.811287,7.098765,0.620155,5.426357
583122.223000,5652,3,199.365079,1744.444444,152.396360,1333.468150
583141.408000,7682,47,270.970018,2370.987654,207.131783,1812.403101
583282.529000,4054,13,142.998236,1251.234568,109.309066,956.454331
583492.836000,1393,1,49.135802,429.938272,37.559825,328.648466
583573.672000,1856,85,65.467372,572.839506,50.043815,437.883384
583573.970000,23,32,0.811287,7.098765,0.620155,5.426357
583641.649000,5856,33,206.560847,1807.407407,157.896866,1381.597573
583745.657000,1749,3,61.693122,539.814815,47.158746,412.639029
583756.333000,933,160,32.910053,287.962963,25.156724,220.121335
583778.643000,5461,1,192.627866,1685.493827,147.246377,1288.405797
583822.053000,1098,25,38.730159,338.888889,29.605662,259.049545
583890.676000,1208,4,42.610229,372.839506,32.571621,285.001685
583890.747000,1658,261,58.483245,511.728395,44.705089,391.169532
583995.374000,1748,28,61.657848,539.506173,47.131783,412.403101
584030.392000,2370,5,83.597884,731.481481,63.902932,559.150657
584126.004000,6337,1,223.527337,1955.864198,170.866195,1495.079205
584141.451000,1332,14,46.984127,411.111111,35.915066,314.256825
584243.429000,2676,1,94.391534,825.925926,72.153691,631.344793
584244.279000,2553,15,90.052910,787.962963,68.837209,602.325581
584263.282000,1040,59,36.684303,320.987654,28.041793,245.365689
584284.490000,7685,2,271.075838,2371.913580,207.212673,1813.110886
584287.080000,2123,11,74.885362,655.246914,57.243006,500.876306
584287.847000,7678,8,270.828924,2369.753086,207.023930,1811.459387
584322.322000,2245,9,79.188713,692.901235,60.532524,529.659589
584323.310000,3289,1,116.014109,1015.123457,88.682171,775.968992
584371.953000,5691,3,200.740741,1756.481481,153.447927,1342.669363
584373.039000,7686,46,271.111111,2372.222222,207.239636,1813.346815
584495.116000,1748,36,61.657848,539.506173,47.131783,412.403101
584529.263000,1987,51,70.088183,613.271605,53.576003,468.790024
584620.630000,2706,37,95.449735,835.185185,72.962588,638.422649
584640.466000,1332,1,46.984127,411.111111,35.915066,314.256825
584781.990000,2122,10,74.850088,654.938272,57.216043,500.640377
584782.101000,2735,9,96.472663,844.135802,73.744523,645.264577
584822.274000,2275,1,80.246914,702.160494,61.341422,536.737445
584823.814000,1319,6,46.525573,407.098765,35.564543,311.189754
584826.563000,1642,3,57.918871,506.790123,44.273677,387.394675
584827.324000,1099,198,38.765432,339.197531,29.632626,259.285474
584891.432000,1332,1,46.984127,411.111111,35.915066,314.256825
584992.843000,1693,3,59.717813,522.530864,45.648804,399.427031
585032.121000,7677,7,270.793651,2369.444444,206.996967,1811.223458
585032.809000,2122,10,74.850088,654.938272,57.216043,500.640377
585074.282000,3066,21,108.148148,946.296296,82.669363,723.356926
585075.555000,22,43,0.776014,6.790123,0.593192,5.190428
585142.824000,7682,16,270.970018,2370.987654,207.131783,1812.403101
585143.008000,1333,3,47.019400,411.419753,35.942029,314.492754
585324.864000,23,1,0.811287,7.098765,0.620155,5.426357
585328.219000,528,2,18.624339,162.962963,14.236603,124.570273
585493.920000,1109,20,39.118166,342.283951,29.902258,261.644759
585536.757000,2122,10,74.850088,654.938272,57.216043,500.640377
585537.738000,2737,9,96.543210,844.753086,73.798450,645.736434
585573.449000,2275,9,80.246914,702.160494,61.341422,536.737445
585573.687000,7360,38,259.611993,2271.604938,198.449612,1736.434109
585620.912000,985,2,34.744268,304.012346,26.558814,232.389619
585641.906000,1333,17,47.019400,411.419753,35.942029,314.492754
585745.896000,2553,1,90.052910,787.962963,68.837209,602.325581
585779.714000,2122,10,74.850088,654.938272,57.216043,500.640377
585871.084000,990,1,34.920635,305.555556,26.693630,233.569262
585872.027000,5691,3,200.740741,1756.481481,153.447927,1342.669363
585894.612000,953,19,33.615520,294.135802,25.695989,224.839906
585995.153000,1003,12,35.379189,309.567901,27.044152,236.636333
586034.761000,7684,2,271.040564,2371.604938,207.185709,1812.874958
586035.185000,2373,1,83.703704,732.407407,63.983822,559.858443
586038.210000,26,22,0.917108,8.024691,0.701045,6.134142
586073.795000,25,24,0.881834,7.716049,0.674082,5.898214
586121.513000,990,5,34.920635,305.555556,26.693630,233.569262
586142.621000,2009,24,70.864198,620.061728,54.169194,473.980452
586145.963000,1333,14,47.019400,411.419753,35.942029,314.492754
586248.979000,1811,4,63.880071,558.950617,48.830468,427.266599
586280.748000,2123,1,74.885362,655.246914,57.243006,500.876306
586322.624000,889,5,31.358025,274.382716,23.970340,209.740479
586323.293000,7680,4,270.899471,2370.370370,207.077856,1811.931244
586373.525000,7360,38,259.611993,2271.604938,198.449612,1736.434109
586493.224000,443,9,15.626102,136.728395,11.944725,104.516346
586533.463000,3684,35,129.947090,1137.037037,99.332659,869.160768
586534.529000,2126,9,74.991182,656.172840,57.323896,501.584092
586575.018000,528,1,18.624339,162.962963,14.236603,124.570273
586620.913000,985,1,34.744268,304.012346,26.558814,232.389619
586641.548000,5888,98,207.689594,1817.283951,158.759690,1389.147287
586642.458000,847,28,29.876543,261.419753,22.837883,199.831480
586645.379000,1333,1,47.019400,411.419753,35.942029,314.492754
586745.117000,637,26,22.469136,196.604938,17.175598,150.286485
586745.342000,599,27,21.128748,184.876543,16.150994,141.321200
586779.513000,2126,9,74.991182,656.172840,57.323896,501.584092
586871.599000,986,4,34.779541,304.320988,26.585777,232.625548
586890.980000,1333,3,47.019400,411.419753,35.942029,314.492754
586997.367000,1748,194,61.657848,539.506173,47.131783,412.403101
587036.450000,2095,8,73.897707,646.604938,56.488035,494.270307
587038.317000,374,7,13.192240,115.432099,10.084260,88.237277
587077.649000,25,59,0.881834,7.716049,0.674082,5.898214
587078.515000,2898,12,102.222222,894.444444,78.139535,683.720930
587120.894000,989,4,34.885362,305.246914,26.666667,233.333333
587142.366000,1333,9,47.019400,411.419753,35.942029,314.492754
587143.431000,327,13,11.534392,100.925926,8.816987,77.148635
587242.522000,444,36,15.661376,137.037037,11.971689,104.752275
587247.321000,1813,1,63.950617,559.567901,48.884395,427.738456
587247.485000,2553,158,90.052910,787.962963,68.837209,602.325581
587256.542000,935,220,32.980600,288.580247,25.210650,220.593192
587279.545000,2374,2,83.738977,732.716049,64.010785,560.094371
587279.715000,7684,2,271.040564,2371.604938,207.185709,1812.874958
587326.088000,528,1,18.624339,162.962963,14.236603,124.570273
587326.302000,2838,9,100.105820,875.925926,76.521739,669.565217
587395.546000,1333,6,47.019400,411.419753,35.942029,314.492754
587492.431000,2642,13,93.192240,815.432099,71.236940,623.323222
587493.934000,2650,11,93.474427,817.901235,71.452646,625.210650
587508.360000,2583,40,91.111111,797.222222,69.646107,609.403438
587508.587000,2712,18,95.661376,837.037037,73.124368,639.838220
587581.313000,528,6,18.624339,162.962963,14.236603,124.570273
587582.019000,3309,5,116.719577,1021.296296,89.221436,780.687563
587621.077000,989,4,34.885362,305.246914,26.666667,233.333333
587642.529000,4478,166,157.954145,1382.098765,120.741490,1056.488035
587645.092000,1332,4,46.984127,411.111111,35.915066,314.256825
587789.344000,7685,13,271.075838,2371.913580,207.212673,1813.110886
587825.714000,4224,3,148.994709,1303.703704,113.892821,996.562184
587890.684000,4833,3,170.476190,1491.666667,130.313448,1140.242669
587891.802000,1333,9,47.019400,411.419753,35.942029,314.492754
587893.677000,1658,500,58.483245,511.728395,44.705089,391.169532
588015.657000,256,4,9.029982,79.012346,6.902595,60.397708
588022.359000,5284,129,186.384480,1630.864198,142.473879,1246.646444
588033.543000,7360,34,259.611993,2271.604938,198.449612,1736.434109
588034.528000,3686,2,130.017637,1137.654321,99.386586,869.632626
588283.870000,7684,2,271.040564,2371.604938,207.185709,1812.874958
588532.157000,2374,2,83.738977,732.716049,64.010785,560.094371
588534.035000,848,123,29.911817,261.728395,22.864847,200.067408
588586.357000,528,2,18.624339,162.962963,14.236603,124.570273
588744.703000,4889,160,172.451499,1508.950617,131.823391,1153.454668
588874.003000,911,3,32.134039,281.172840,24.563532,214.930907
588890.435000,4850,4,171.075838,1496.913580,130.771823,1144.253455
588993.879000,1232,1,43.456790,380.246914,33.218739,290.663970
589032.284000,2182,3,76.966490,673.456790,58.833839,514.796090
589034.020000,2571,9,90.687831,793.518519,69.322548,606.572295
589082.911000,27,22,0.952381,8.333333,0.728008,6.370071
589085.012000,528,1,18.624339,162.962963,14.236603,124.570273
589085.924000,4449,13,156.931217,1373.148148,119.959555,1049.646107
589086.493000,2842,5,100.246914,877.160494,76.629592,670.508932
589323.720000,528,3,18.624339,162.962963,14.236603,124.570273
589390.839000,260,51,9.171076,80.246914,7.010448,61.341422
589392.476000,1876,2,66.172840,579.012346,50.583081,442.601955
589495.609000,2271,3,80.105820,700.925926,61.233569,535.793731
589534.792000,2573,6,90.758377,794.135802,69.376475,607.044152
589623.632000,915,3,32.275132,282.407407,24.671385,215.874621
589645.259000,242,5,8.536155,74.691358,6.525110,57.094708
589645.892000,242,5,8.536155,74.691358,6.525110,57.094708
589744.124000,7360,38,259.611993,2271.604938,198.449612,1736.434109
589823.287000,2844,5,100.317460,877.777778,76.683519,670.980789
589891.073000,260,102,9.171076,80.246914,7.010448,61.341422
589891.587000,2027,5,71.499118,625.617284,54.654533,478.227165
590015.257000,5333,1,188.112875,1645.987654,143.795079,1258.206943
590028.972000,2374,2,83.738977,732.716049,64.010785,560.094371
590073.623000,4228,16,149.135802,1304.938272,114.000674,997.505898
590123.985000,989,4,34.885362,305.246914,26.666667,233.333333
590124.623000,5722,14,201.834215,1766.049383,154.283788,1349.983148
590142.424000,4868,4,171.710758,1502.469136,131.257162,1148.500169
590245.476000,427,3861,15.061728,131.790123,11.513313,100.741490
590322.764000,2896,9,102.151675,893.827160,78.085608,683.249073
590391.593000,261,112,9.206349,80.555556,7.037412,61.577351
590528.668000,7684,1,271.040564,2371.604938,207.185709,1812.874958
590573.487000,2845,1,100.352734,878.086420,76.710482,671.216717
590573.802000,544,1,19.188713,167.901235,14.668015,128.345130
590641.550000,4871,13,171.816578,1503.395062,131.338052,1149.207954
590643.593000,245,2,8.641975,75.617284,6.605999,57.802494
590750.996000,2263,6,79.823633,698.456790,61.017863,533.906303
590760.916000,1163,6,41.022928,358.950617,31.358274,274.384901
590780.053000,2375,1,83.774250,733.024691,64.037749,560.330300
590781.438000,2263,6,79.823633,698.456790,61.017863,533.906303
590823.254000,4228,10,149.135802,1304.938272,114.000674,997.505898
590825.655000,3310,11,116.754850,1021.604938,89.248399,780.923492
590871.530000,6980,3,246.208113,2154.320988,188.203573,1646.781261
590872.842000,6339,8,223.597884,1956.481481,170.920121,1495.551062
591009.080000,257,3,9.065256,79.320988,6.929558,60.633637
591029.602000,2263,6,79.823633,698.456790,61.017863,533.906303
591072.253000,30,24,1.058201,9.259259,0.808898,7.077856
591073.976000,2846,13,100.388007,878.395062,76.737445,671.452646
591120.898000,916,1,32.310406,282.716049,24.698349,216.110549
591141.526000,2027,1,71.499118,625.617284,54.654533,478.227165
591286.140000,2264,4,79.858907,698.765432,61.044826,534.142231
591286.647000,673,1,23.738977,207.716049,18.146276,158.779912
591371.976000,6339,1,223.597884,1956.481481,170.920121,1495.551062
591509.035000,2569,9,90.617284,792.901235,69.268622,606.100438
591533.588000,7684,12,271.040564,2371.604938,207.185709,1812.874958
591534.386000,2264,4,79.858907,698.765432,61.044826,534.142231
591534.495000,7679,5,270.864198,2370.061728,207.050893,1811.695315
591535.489000,2264,4,79.858907,698.765432,61.044826,534.142231
591535.558000,673,7,23.738977,207.716049,18.146276,158.779912
591536.198000,2264,4,79.858907,698.765432,61.044826,534.142231
591574.491000,4229,15,149.171076,1305.246914,114.027637,997.741827
591578.179000,599,6,21.128748,184.876543,16.150994,141.321200
591641.446000,2028,15,71.534392,625.925926,54.681496,478.463094
591779.239000,2264,4,79.858907,698.765432,61.044826,534.142231
591779.702000,2264,4,79.858907,698.765432,61.044826,534.142231
591823.456000,245,21,8.641975,75.617284,6.605999,57.802494
591826.989000,1109,165,39.118166,342.283951,29.902258,261.644759
592036.856000,673,1,23.738977,207.716049,18.146276,158.779912
592037.798000,2744,7,96.790123,846.913580,73.987192,647.387934
592074.185000,4441,1,156.649030,1370.679012,119.743849,1047.758679
592284.052000,7685,13,271.075838,2371.913580,207.212673,1813.110886
592286.514000,7678,6,270.828924,2369.753086,207.023930,1811.459387
592286.935000,2266,2,79.929453,699.382716,61.098753,534.614088
592322.120000,245,14,8.641975,75.617284,6.605999,57.802494
592323.694000,33,16,1.164021,10.185185,0.889788,7.785642
592391.377000,1819,24,64.162257,561.419753,49.046175,429.154028
592500.247000,1530,4,53.968254,472.222222,41.253792,360.970677
592534.564000,7682,1,270.970018,2370.987654,207.131783,1812.403101
592536.914000,417,3,14.708995,128.703704,11.243680,98.382204
592537.655000,2737,8,96.543210,844.753086,73.798450,645.736434
592538.356000,673,10,23.738977,207.716049,18.146276,158.779912
592579.710000,544,5,19.188713,167.901235,14.668015,128.345130
592641.247000,7686,3,271.111111,2372.222222,207.239636,1813.346815
592779.080000,7685,9,271.075838,2371.913580,207.212673,1813.110886
592822.139000,4229,4,149.171076,1305.246914,114.027637,997.741827
592822.687000,2899,7,102.257496,894.753086,78.166498,683.956859
592823.628000,33,18,1.164021,10.185185,0.889788,7.785642
592826.221000,2845,1,100.352734,878.086420,76.710482,671.216717
592871.525000,987,3,34.814815,304.629630,26.612740,232.861476
592873.662000,7679,45,270.864198,2370.061728,207.050893,1811.695315
592890.834000,7686,3,271.111111,2372.222222,207.239636,1813.346815
593031.952000,2383,7,84.056437,735.493827,64.253455,562.217728
593032.302000,7682,1,270.970018,2370.987654,207.131783,1812.403101
593034.472000,2573,12,90.758377,794.135802,69.376475,607.044152
593073.470000,4229,15,149.171076,1305.246914,114.027637,997.741827
593076.582000,599,5,21.128748,184.876543,16.150994,141.321200
593120.889000,991,1,34.955908,305.864198,26.720593,233.805190
593122.872000,3161,10,111.499118,975.617284,85.230873,745.770138
593147.097000,2329,8,82.151675,718.827160,62.797438,549.477587
593321.973000,7683,79,271.005291,2371.296296,207.158746,1812.639029
593322.867000,2844,8,100.317460,877.777778,76.683519,670.980789
593396.090000,2029,9,71.569665,626.234568,54.708460,478.699023
593397.446000,1275,5,44.973545,393.518519,34.378160,300.808898
593496.122000,1487,2,52.451499,458.950617,40.094371,350.825750
593507.056000,1452,2,51.216931,448.148148,39.150657,342.568251
593507.291000,7679,9,270.864198,2370.061728,207.050893,1811.695315
593530.424000,1984,4,69.982363,612.345679,53.495113,468.082238
593531.672000,3689,3,130.123457,1138.580247,99.467476,870.340411
593574.339000,2901,6,102.328042,895.370370,78.220425,684.428716
593574.452000,4230,14,149.206349,1305.555556,114.054601,997.977755
593576.849000,2844,8,100.317460,877.777778,76.683519,670.980789
593758.062000,1039,51,36.649030,320.679012,28.014830,245.129761
593782.021000,1985,1,70.017637,612.654321,53.522076,468.318166
593871.076000,4214,6,148.641975,1300.617284,113.623188,994.202899
594000.162000,374,179,13.192240,115.432099,10.084260,88.237277
594034.938000,2131,1,75.167549,657.716049,57.458713,502.763734
594072.737000,295,3,10.405644,91.049383,7.954162,69.598921
594073.553000,378,49,13.333333,116.666667,10.192113,89.180991
594322.537000,600,5,21.164021,185.185185,16.177958,141.557128
594323.595000,599,11,21.128748,184.876543,16.150994,141.321200
594392.468000,2029,1,71.569665,626.234568,54.708460,478.699023
594499.343000,118,8,4.162257,36.419753,3.181665,27.839569
594529.554000,2385,1,84.126984,736.111111,64.307381,562.689585
594530.224000,1987,1,70.088183,613.271605,53.576003,468.790024
594574.181000,1557,6,54.920635,480.555556,41.981800,367.340748
594622.140000,6343,18,223.738977,1957.716049,171.027974,1496.494776
594646.373000,2085,3,73.544974,643.518519,56.218402,491.911021
594647.322000,1277,3,45.044092,394.135802,34.432086,301.280755
594647.673000,955,5,33.686067,294.753086,25.749916,225.311763
594786.878000,3476,8,122.610229,1072.839506,93.724301,820.087631
594821.912000,37,8,1.305115,11.419753,0.997641,8.729356
594823.423000,1345,2,47.442681,415.123457,36.265588,317.323896
594897.824000,2954,3,104.197531,911.728395,79.649478,696.932929
594900.025000,1341,21,47.301587,413.888889,36.157735,316.380182
595031.960000,2385,9,84.126984,736.111111,64.307381,562.689585
595032.035000,7685,13,271.075838,2371.913580,207.212673,1813.110886
595033.158000,224,9,7.901235,69.135802,6.039771,52.847995
595078.816000,599,9,21.128748,184.876543,16.150994,141.321200
595146.131000,2030,11,71.604938,626.543210,54.735423,478.934951
595147.118000,1341,1,47.301587,413.888889,36.157735,316.380182
595147.588000,958,15,33.791887,295.679012,25.830806,226.019548
595260.814000,5336,18,188.218695,1646.913580,143.875969,1258.914729
595326.631000,1345,4,47.442681,415.123457,36.265588,317.323896
595396.255000,3238,2,114.215168,999.382716,87.307044,763.936636
595573.413000,7679,16,270.864198,2370.061728,207.050893,1811.695315
595577.422000,1345,4,47.442681,415.123457,36.265588,317.323896
595624.146000,6979,4,246.172840,2154.012346,188.176609,1646.545332
595647.671000,7686,3,271.111111,2372.222222,207.239636,1813.346815
595649.100000,1340,1,47.266314,413.580247,36.130772,316.144253
595778.359000,7684,1,271.040564,2371.604938,207.185709,1812.874958
595826.556000,1560,244,55.026455,481.481481,42.062690,368.048534
595828.994000,1345,4,47.442681,415.123457,36.265588,317.323896
595873.693000,3517,4,124.056437,1085.493827,94.829794,829.760701
595892.258000,6330,120,223.280423,1953.703704,170.677452,1493.427705
596001.978000,3432,17,121.058201,1059.259259,92.537917,809.706775
596030.835000,2209,2,77.918871,681.790123,59.561847,521.166161
596031.880000,3692,2,130.229277,1139.506173,99.548365,871.048197
596072.691000,1562,5,55.097002,482.098765,42.116616,368.520391
596075.392000,1346,2,47.477954,415.432099,36.292551,317.559825
596280.893000,2745,4,96.825397,847.222222,74.014156,647.623862
596281.554000,7679,5,270.864198,2370.061728,207.050893,1811.695315
596322.303000,297,5,10.476190,91.666667,8.008089,70.070779
596324.769000,4461,15,157.354497,1376.851852,120.283114,1052.477250
596325.421000,1346,2,47.477954,415.432099,36.292551,317.559825
596530.777000,7683,6,271.005291,2371.296296,207.158746,1812.639029
596531.616000,1844,22,65.044092,569.135802,49.720256,435.052241
596573.050000,1562,9,55.097002,482.098765,42.116616,368.520391
596574.400000,599,5,21.128748,184.876543,16.150994,141.321200
596651.997000,2953,4,104.162257,911.419753,79.622514,696.697000
596783.038000,792,1,27.936508,244.444444,21.354904,186.855410
596822.208000,3383,1,119.329806,1044.135802,91.216717,798.146276
596823.634000,600,4,21.164021,185.185185,16.177958,141.557128
596823.994000,1161,10,40.952381,358.333333,31.304348,273.913043
596897.833000,1340,59,47.266314,413.580247,36.130772,316.144253
596898.598000,6330,3,223.280423,1953.703704,170.677452,1493.427705
597033.093000,2387,4,84.197531,736.728395,64.361308,563.161443
597072.142000,601,3,21.199295,185.493827,16.204921,141.793057
597284.404000,2387,8,84.197531,736.728395,64.361308,563.161443
597285.473000,7679,5,270.864198,2370.061728,207.050893,1811.695315
597285.645000,791,4,27.901235,244.135802,21.327941,186.619481
597286.348000,2929,31,103.315697,904.012346,78.975396,691.034715
597324.687000,1111,94,39.188713,342.901235,29.956185,262.116616
597394.412000,6331,64,223.315697,1954.012346,170.704415,1493.663633
597494.789000,2677,1,94.426808,826.234568,72.180654,631.580721
597532.687000,2745,1,96.825397,847.222222,74.014156,647.623862
597572.494000,7680,3,270.899471,2370.370370,207.077856,1811.931244
597649.881000,1280,9,45.149912,395.061728,34.512976,301.988541
597746.225000,1167,21,41.164021,360.185185,31.466127,275.328615
597822.739000,239,7,8.430335,73.765432,6.444220,56.386923
597824.458000,1111,46,39.188713,342.901235,29.956185,262.116616
597897.459000,1340,55,47.266314,413.580247,36.130772,316.144253
597898.609000,6330,34,223.280423,1953.703704,170.677452,1493.427705
597997.754000,2680,2,94.532628,827.160494,72.261544,632.288507
598034.235000,2388,5,84.232804,737.037037,64.388271,563.397371
598035.675000,789,6,27.830688,243.518519,21.274014,186.147624
598254.300000,2336,10,82.398589,720.987654,62.986181,551.129087
598281.950000,7683,3,271.005291,2371.296296,207.158746,1812.639029
598282.781000,2745,21,96.825397,847.222222,74.014156,647.623862
598322.424000,37,30,1.305115,11.419753,0.997641,8.729356
598326.524000,1111,142,39.188713,342.901235,29.956185,262.116616
598391.223000,5401,10,190.511464,1666.975309,145.628581,1274.250084
598393.786000,6330,88,223.280423,1953.703704,170.677452,1493.427705
598506.654000,940,36,33.156966,290.123457,25.345467,221.772835
598535.862000,625,70,22.045855,192.901235,16.852039,147.455342
598573.512000,1567,2,55.273369,483.641975,42.251432,369.700034
598574.899000,1477,3,52.098765,455.864198,39.824739,348.466464
598640.929000,2358,2,83.174603,727.777778,63.579373,556.319515
598642.530000,1280,8,45.149912,395.061728,34.512976,301.988541
598782.865000,4406,1,155.414462,1359.876543,118.800135,1039.501180
598822.205000,7680,3,270.899471,2370.370370,207.077856,1811.931244
598891.310000,3167,10,111.710758,977.469136,85.392653,747.185709
599014.622000,3744,105,132.063492,1155.555556,100.950455,883.316481
599036.171000,7683,8,271.005291,2371.296296,207.158746,1812.639029
599037.718000,2745,93,96.825397,847.222222,74.014156,647.623862
599037.734000,799,26,28.183422,246.604938,21.543647,188.506909
599074.945000,1114,1,39.294533,343.827160,30.037074,262.824402
599128.180000,3121,196,110.088183,963.271605,84.152342,736.332996
599146.002000,5402,2,190.546737,1667.283951,145.655544,1274.486013
599289.391000,799,26,28.183422,246.604938,21.543647,188.506909
599327.390000,2845,31,100.352734,878.086420,76.710482,671.216717
599327.584000,1114,6,39.294533,343.827160,30.037074,262.824402
599328.083000,3317,3,117.001764,1023.765432,89.437142,782.574992
599392.296000,2835,3,100.000000,875.000000,76.440849,668.857432
599392.520000,1339,58,47.231041,413.271605,36.103809,315.908325
599497.712000,822,17,28.994709,253.703704,22.163802,193.933266
599533.537000,2387,8,84.197531,736.728395,64.361308,563.161443
599535.693000,81,3,2.857143,25.000000,2.184024,19.110212
599584.996000,1567,2,55.273369,483.641975,42.251432,369.700034
599589.768000,2845,75,100.352734,878.086420,76.710482,671.216717
599640.556000,5402,2,190.546737,1667.283951,145.655544,1274.486013
599641.785000,1280,9,45.149912,395.061728,34.512976,301.988541
599830.018000,2901,10,102.328042,895.370370,78.220425,684.428716
599830.215000,1909,104,67.336861,589.197531,51.472868,450.387597
599831.083000,1567,25,55.273369,483.641975,42.251432,369.700034
599890.605000,5402,1,190.546737,1667.283951,145.655544,1274.486013
599891.183000,2356,4,83.104056,727.160494,63.525447,555.847658
